keys,de
Sheet,Blatt
Save,Speichern
Run Scene,Szene ausführen
Add Event,Ereignis hinzufügen
Add Condition,Bedingung hinzufügen
Add Action,Aktion hinzufügen
Add Code,Code hinzufügen
Add,Hinzufügen
Edit,Bearbeiten
View,Ansicht
Tools,Werkzeuge
Simple Mode,Einfacher Modus
Search,Suchen
Cancel,Abbrechen
Open,Öffnen
Undo,Rückgängig
Redo,Wiederholen
Copy,Kopieren
Paste,Einfügen
Zoom In,Vergrößern
Zoom Out,Verkleinern
Name,Name
Name:,Name:
Type,Typ
Text,Text
Number,Zahl
Yes-No,Ja-Nein
Details,Details
Parameters,Parameter
Default,Standard
Tooltip,Tooltip
Placeholder,Platzhalter
Range,Bereich
◀ Back,◀ Zurück
★ Recent,★ Zuletzt verwendet
⭐ Favorites,⭐ Favoriten
✚ Apply & Add Another,✚ Anwenden und weiteres hinzufügen
Save the sheet - compile-on-save keeps its generated script fresh (Ctrl+S).,Speichert das Blatt - das Kompilieren beim Speichern hält das erzeugte Skript aktuell (Strg+S).
"Save, then play the scene that uses this sheet's script.","Speichert und startet dann die Szene, die das Skript dieses Blatts verwendet."
Add an event (E).,Fügt ein Ereignis hinzu (E).
Add a condition to the selected event (C).,Fügt dem ausgewählten Ereignis eine Bedingung hinzu (C).
Add an action to the selected event (A).,Fügt dem ausgewählten Ereignis eine Aktion hinzu (A).
Add a GDScript block to the selected event - the deliberate 'drop to code' escape hatch. Opens the code editor immediately.,Fügt dem ausgewählten Ereignis einen GDScript-Block hinzu - der bewusste Ausstieg in den Code. Öffnet sofort den Code-Editor.
"Beginner-friendly view: hides the advanced/code entries (GDScript blocks, sub-conditions, pick filters, signals/enums). Everything still works when off.","Einsteigerfreundliche Ansicht: blendet die fortgeschrittenen/Code-Einträge aus (GDScript-Blöcke, Unterbedingungen, Filter, Signale/Enums). Ausgeschaltet funktioniert weiterhin alles."
"Toggle the generated-GDScript panel - the sheet's honest compiled output, side by side.","Zeigt/verbirgt das erzeugte GDScript-Panel - die ehrliche kompilierte Ausgabe des Blatts, Seite an Seite."
Theme for this sheet (Load/Reload and the Theme Editor live in View),Thema dieses Blatts (Laden/Neu laden und der Themen-Editor sind unter Ansicht)
"Quick add…  (e.g. every tick, heal 5)","Schnell hinzufügen…  (z. B. jeder Tick, heal 5)"
"Create, open, save, and configure this event sheet.","Dieses Ereignisblatt erstellen, öffnen, speichern und konfigurieren."
"Panels, multi-view panes, theme, live values, and zoom.","Panels, Mehrfachansichten, Thema, Live-Werte und Zoom."
"Debug tools, validation, import, and project workflow.","Debug-Werkzeuge, Validierung, Import und Projekt-Workflow."
New…,Neu…
Open…,Öffnen…
Save As…,Speichern unter…
Sheet Type…,Blatt-Typ…
Manage Includes…,Includes verwalten…
Custom Actions…,Eigene Aktionen…
Export GDScript…,GDScript exportieren…
Export Addon…,Erweiterung exportieren…
New Behaviour Addon…,Neue Verhaltens-Erweiterung…
Inspector Designer…,Inspektor-Designer…
Teach a Verb - Share Published Verbs,Ein Verb lehren - Veröffentlichte Verben teilen
Signal Event…,Signal-Ereignis…
Global Variable…,Globale Variable…
Local Variable…,Lokale Variable…
Function…,Funktion…
Code (GDScript) on Selected Event,Code (GDScript) am ausgewählten Ereignis
Note…,Notiz…
Region…,Region…
Preload Resource…,Ressource vorladen…
Extract Selection to Include…,Auswahl in ein Include extrahieren…
Find References…,Referenzen suchen…
Generate from Description (AI)…,Aus Beschreibung generieren (KI)…
Simple Mode (beginner-friendly),Einfacher Modus (einsteigerfreundlich)
GDScript Panel (toggle),GDScript-Panel (umschalten)
Open Sheets Panel,Panel der offenen Blätter
Add-Event Rows,„+ Ereignis hinzufügen“-Zeilen
Split View (toggle),Geteilte Ansicht (umschalten)
Detached View (toggle),Losgelöste Ansicht (umschalten)
Link Views (toggle),Ansichten koppeln (umschalten)
Load Theme…,Thema laden…
Reload Theme,Thema neu laden
Theme Editor…,Themen-Editor…
MCP Server (AI tools),MCP-Server (KI-Werkzeuge)
"Hide the advanced/code entries (GDScript blocks, sub-conditions, pick filters, match, signals/enums) from the right-click menus. Everything still works in Expert mode.","Blendet die fortgeschrittenen/Code-Einträge (GDScript-Blöcke, Unterbedingungen, Filter, Match, Signale/Enums) aus den Kontextmenüs aus. Im Expertenmodus funktioniert weiterhin alles."
Show/hide the generated-GDScript panel beside the sheet.,Zeigt/verbirgt das erzeugte GDScript-Panel neben dem Blatt.
"Show/hide the trailing ""+ Add event…"" rows. Turn off for a cleaner, calmer sheet.",Zeigt/verbirgt die „+ Ereignis hinzufügen…“-Zeilen. Ausschalten sorgt für ein ruhigeres Blatt.
"Show/hide a second synchronized view of this sheet, side by side.","Zeigt/verbirgt eine zweite synchronisierte Ansicht dieses Blatts, Seite an Seite."
Pop the sheet view out into its own window / bring it back.,Löst die Blattansicht in ein eigenes Fenster aus / holt sie zurück.
Link/unlink scrolling between the split views.,Koppelt/entkoppelt das Scrollen zwischen den geteilten Ansichten.
Debug Breakpoints (toggle),Debug-Haltepunkte (umschalten)
Live Values (toggle),Live-Werte (umschalten)
Event Trace (live highlight),Ereignis-Trace (Live-Hervorhebung)
Bookmarks…,Lesezeichen…
Register Autoload,Autoload registrieren
Publish Preview…,Veröffentlichungs-Vorschau…
Test Bench,Prüfstand
Find in Project…,Im Projekt suchen…
Project Doctor…,Projekt-Doktor…
Check Sheet for Errors,Blatt auf Fehler prüfen
Vocabulary Doc,Vokabular-Doku
Sheet Backups…,Blatt-Sicherungen…
Save as Template,Als Vorlage speichern
Attach to Selected Node,An ausgewählten Node anhängen
Preview Behaviors on Selected Node,Vorschau der Verhalten am ausgewählten Node
Lift Report…,Import-Bericht…
Welcome…,Willkommen…
Start the Tour…,Tour starten…
Keyboard Shortcuts,Tastenkürzel
Rename Everywhere…,Überall umbenennen…
Change Type Everywhere…,Typ überall ändern…
Lint every ƒx expression + GDScript block; flag the offending rows and jump to the first.,Prüft jede ƒx-Ausdruck und jeden GDScript-Block; markiert die betroffenen Zeilen und springt zur ersten.
Toggle breakpoint emission: debug-compiled sheets pause at rows with breakpoints.,Schaltet die Haltepunkt-Ausgabe um: im Debug kompilierte Blätter halten an markierten Zeilen an.
Toggle Live Values: running sheets stream their variables here (editable).,Schaltet Live-Werte um: laufende Blätter übertragen ihre Variablen hierher (bearbeitbar).
+ Add action,+ Aktion hinzufügen
+ Add condition,+ Bedingung hinzufügen
+ Add parameter,+ Parameter hinzufügen
+ Add event…,+ Ereignis hinzufügen…
Every Tick,Jeder Tick
Always,Immer
+  Add your first event,+  Füge dein erstes Ereignis hinzu
New from template…,Neu aus Vorlage…
Create an event sheet…,Ein Ereignisblatt erstellen…
This event sheet is empty,Dieses Ereignisblatt ist leer
No event sheet is open,Kein Ereignisblatt geöffnet
Empty behavior sheet,Leeres Verhaltensblatt
Empty autoload sheet,Leeres Autoload-Blatt
Double-click anywhere - or press E - to add your first event.,Doppelklicke irgendwo - oder drücke E - um dein erstes Ereignis hinzuzufügen.
Double-click anywhere - or press E - to add an event that drives the Node this attaches to.,"Doppelklicke irgendwo - oder drücke E - um ein Ereignis hinzuzufügen, das den Node steuert, an dem dies hängt."
Create one to start building - a menu of ready-made starters opens.,"Erstelle eines, um loszulegen - ein Menü mit fertigen Vorlagen öffnet sich."
"Add the signals and functions every sheet in the project should reach (score, game state, an event bus).","Füge die Signale und Funktionen hinzu, die jedes Blatt im Projekt erreichen soll (Punktestand, Spielzustand, ein Event-Bus)."
"Tip: the picker understands plain language. Try typing ""every tick"".",Tipp: die Auswahl versteht Alltagssprache. Tippe mal „every tick“.
Tip: Tools > Welcome… has a playable showcase and a 2-minute tour.,Tipp: Werkzeuge > Willkommen… bietet eine spielbare Demo und eine 2-Minuten-Tour.
Tip: publish a function to the picker and every sheet in the project can call it.,Tipp: veröffentliche eine Funktion in der Auswahl und jedes Blatt im Projekt kann sie aufrufen.
%s - Behavior · acts on host: %s,%s - Verhalten · wirkt auf den Host: %s
"%s - Autoload · one instance, project-wide","%s - Autoload · eine Instanz, projektweit"
%s - Editor Tool · runs in the editor (File > Run),%s - Editor-Werkzeug · läuft im Editor (Datei > Ausführen)
%s - Custom Resource · every .tres of it is a data asset,%s - Eigene Ressource · jedes .tres davon ist ein Daten-Asset
Event Sheet · a script for the %s it's attached to,"Ereignisblatt · ein Skript für den %s, an dem es hängt"
%s - Custom Node · extends %s,%s - Eigener Node · erweitert %s
"Click to edit the sheet type (name, icon, host class).","Klicken, um den Blatt-Typ zu bearbeiten (Name, Symbol, Host-Klasse)."
Add Action / Condition,Aktion / Bedingung hinzufügen
"Search actions, conditions, triggers...","Aktionen, Bedingungen, Auslöser suchen…"
Pin the highlighted entry to Favorites (or right-click any entry).,Heftet den markierten Eintrag an die Favoriten (oder Rechtsklick auf einen Eintrag).
Right-click any entry to pin it here.,"Rechtsklick auf einen Eintrag, um ihn hier anzuheften."
Entries you use appear here.,"Einträge, die du verwendest, erscheinen hier."
"Select a condition, action, or trigger to create a new event.","Wähle eine Bedingung, Aktion oder einen Auslöser, um ein neues Ereignis zu erstellen."
Select an action to append to the selected event.,"Wähle eine Aktion, die dem ausgewählten Ereignis angehängt wird."
Select a condition or trigger to append to the selected event.,"Wähle eine Bedingung oder einen Auslöser, der dem ausgewählten Ereignis angehängt wird."
Untitled EventSheet,Unbenanntes Blatt
Unsaved (in-memory),Ungespeichert (im Speicher)
Open Sheets,Offene Blätter
Filter sheets…,Blätter filtern…
Filter the open sheets by name or path.,Filtert die offenen Blätter nach Name oder Pfad.
New Event,Neues Ereignis
New Condition,Neue Bedingung
Edit Action,Aktion bearbeiten
Edit Condition,Bedingung bearbeiten
Delete Action,Aktion löschen
Delete Condition,Bedingung löschen
Delete Function,Funktion löschen
Replace Action,Aktion ersetzen
Replace Condition,Bedingung ersetzen
Disable Action,Aktion deaktivieren
Disable Condition,Bedingung deaktivieren
Invert Condition,Bedingung invertieren
Add New Variable,Neue Variable hinzufügen
Create Variable,Variable erstellen
Edit Variable,Variable bearbeiten
Add a function…,Eine Funktion hinzufügen…
Edit Note…,Notiz bearbeiten…
Edit Events,Ereignisse bearbeiten
Insert Snippet…,Schnipsel einfügen…
Extract All Actions to Function…,Alle Aktionen in eine Funktion extrahieren…
Group Under a Heading…,Unter einer Überschrift gruppieren…
Export Grid to CSV…,Tabelle als CSV exportieren…
Import Grid from CSV…,Tabelle aus CSV importieren…
Detach Comment To Row,Kommentar in eine Zeile auslösen
Convert Scope,Gültigkeitsbereich umwandeln
Toggle Constant,Konstante umschalten
Whole numbers only,Nur ganze Zahlen
Editable in the Inspector (a designer property),Im Inspektor bearbeitbar (eine Designer-Eigenschaft)
Constant (can't change at runtime),Konstante (zur Laufzeit unveränderlich)
Set on _ready() - for node refs like $Player,Wird in _ready() gesetzt - für Node-Referenzen wie $Player
"Text - words, names, messages.","Text - Wörter, Namen, Nachrichten."
"A number - a count, score, position, speed… Tick ""Whole numbers only"" for integers.","Eine Zahl - ein Zähler, Punktestand, eine Position, Geschwindigkeit… Für Ganzzahlen „Nur ganze Zahlen“ ankreuzen."
"A yes/no, on/off switch (true / false).","Ein Ja/Nein-, An/Aus-Schalter (true / false)."
"An x/y pair: a direction, velocity, or position.","Ein x/y-Paar: eine Richtung, Geschwindigkeit oder Position."
An RGBA colour.,Eine RGBA-Farbe.
An image / sprite resource.,Eine Bild-/Sprite-Ressource.
Viewing as a sheet,Als Blatt angezeigt
Open in Godot Script Editor,Im Godot-Skripteditor öffnen
Edit the .gd directly in Godot's script editor - your changes reload here when you come back to this tab.,"Bearbeite die .gd direkt in Godots Skripteditor - deine Änderungen laden hier neu, wenn du zu diesem Tab zurückkehrst."
Take the 2-minute tour,Mach die 2-Minuten-Tour
Editor language,Editor-Sprache
Simple mode - hide advanced rows & menu items,Einfacher Modus - fortgeschrittene Zeilen und Menüs ausblenden
Open the GDScript panel with every sheet,GDScript-Panel mit jedem Blatt öffnen
Coming from another event-sheet tool?,Kommst du von einem anderen Ereignisblatt-Werkzeug?
Open the migration guide,Migrationsleitfaden öffnen
Report an Issue…,Ein Problem melden…
Something not working right?,Etwas funktioniert nicht richtig?
Report an issue,Problem melden
Reopen this window any time: Tools → Welcome…,Öffne dieses Fenster jederzeit wieder: Werkzeuge → Willkommen…
Translations are plain CSV files - drop one into eventsheet_translations/ and its language appears here.,Übersetzungen sind einfache CSV-Dateien - lege eine in eventsheet_translations/ ab und ihre Sprache erscheint hier.
The 2-minute tour,Die 2-Minuten-Tour
Read a sheet like a sentence,Lies ein Blatt wie einen Satz
Add your first event,Füge dein erstes Ereignis hinzu
Give it a condition,Gib ihm eine Bedingung
Make it DO something,Lass es etwas TUN
See the honest GDScript,Sieh das ehrliche GDScript
You know the loop,Du kennst den Kreislauf
Skip tour,Tour überspringen
Back,Zurück
Next,Weiter
Finish,Fertig
✓ Done - nice! Hit Next.,✓ Erledigt - super! Klicke auf Weiter.
Hit Finish and go make something.,Klicke auf Fertig und erschaffe etwas.
"A coloured section label drawn above this property in the Inspector.
End with a #rrggbb to tint it. Editor decor only - plain comment in the code.","Eine farbige Abschnittsbeschriftung über dieser Eigenschaft im Inspektor.
Mit einem #rrggbb am Ende einfärben. Nur Editor-Dekor - im Code ein einfacher Kommentar."
"A quiet info panel drawn above this property in the Inspector.
Editor decor only - plain comment in the code.","Ein dezentes Infopanel über dieser Eigenschaft im Inspektor.
Nur Editor-Dekor - im Code ein einfacher Kommentar."
"A shape over 0–1 (easing, falloff, ramps).","Eine Kurve über 0–1 (Easing, Abfall, Rampen)."
A whole number (no decimals) - stored as an int. Unticked stores a float.,Eine ganze Zahl (ohne Dezimalstellen) - als int gespeichert. Ohne Häkchen als float.
Access,Zugriff
Advanced types,Erweiterte Typen
Anatomy,Anatomie
Any type - untyped (advanced; prefer a specific type when you can).,Beliebiger Typ - untypisiert (fortgeschritten; wenn möglich einen konkreten Typ bevorzugen).
Clamp to range,Auf Bereich begrenzen
Collapse the panel to a strip,Panel zu einer Leiste einklappen
Default field,Standardfeld
Description,Beschreibung
Dropped Node Preview,Vorschau des abgelegten Nodes
Easing curve (float: exponential ease handle),Easing-Kurve (float: exponentieller Ease-Regler)
Edit an Array/Dictionary's items one per line instead of typing a literal.,Bearbeiten Sie die Elemente eines Array/Dictionary zeilenweise statt ein Literal zu tippen.
Edit items…,Elemente bearbeiten…
"Event-sheet-style quick add: type an event/condition/action (event-sheet phrasing works) plus optional parameter values, press Enter.","Schnelles Hinzufügen im Eventsheet-Stil: Ereignis/Bedingung/Aktion eintippen (Eventsheet-Formulierungen funktionieren) plus optionale Parameterwerte, dann Eingabetaste."
Every sheet function at a glance (✦ = published as an ACE). Click to expand or collapse.,Alle Funktionen des Sheets auf einen Blick (✦ = als ACE veröffentlicht). Zum Auf- oder Zuklappen klicken.
Field button,Feld-Schaltfläche
Flags,Flags
From enum,Aus Enum
Group under heading,Unter Überschrift gruppieren
"How this variable's field LOOKS in the Inspector - pickers, flags, layer grids... Plain fields need no choice here.","Wie das Feld dieser Variable im Inspektor AUSSIEHT - Auswahlfelder, Flags, Ebenenraster... Einfache Felder brauchen hier keine Wahl."
Info note,Info-Notiz
"Inspector grouping, conditional show/lock, an on-changed callback, clamp, read-only - for variables that reference other variables or functions.","Inspektor-Gruppierung, bedingtes Anzeigen/Sperren, On-Changed-Callback, Begrenzung, Nur-Lesen - für Variablen, die andere Variablen oder Funktionen referenzieren."
Inspector look,Inspektor-Darstellung
Inspector preview,Inspektor-Vorschau
Inspector section header (e.g. Combat),Inspektor-Abschnittsüberschrift (z. B. Kampf)
Lock unless,Sperren außer wenn
"Make this sheet's published verbs (its exposed ƒ functions) available in EVERY sheet's picker, node-targeted at $<ClassName>. Extract actions to a function first (right-click an event), then teach it here.","Machen Sie die veröffentlichten Verben dieses Sheets (seine exponierten ƒ-Funktionen) im Picker JEDES Sheets verfügbar, node-gerichtet auf $<ClassName>. Extrahieren Sie zuerst Aktionen in eine Funktion (Rechtsklick auf ein Ereignis) und lehren Sie sie dann hier."
Match Editor (default),Match-Editor (Standard)
Multiline (String: big text box),Mehrzeilig (String: großes Textfeld)
"No alpha (Color: solid RGB, no transparency)","Ohne Alpha (Color: deckendes RGB, keine Transparenz)"
No lower limit,Keine Untergrenze
No upper limit,Keine Obergrenze
On changed,Bei Änderung
On ready,Bei Bereitschaft (ready)
"On: a designer can tweak this per-instance in the Inspector (@export var).
Off: internal script state - a plain private var (the default for a new variable).","An: Ein Designer kann dies pro Instanz im Inspektor anpassen (@export var).
Aus: interner Skriptzustand - eine einfache private var (der Standard für eine neue Variable)."
"On: compiles to @onready var - the Default is a GDScript EXPRESSION evaluated when the node enters the tree (e.g. $Player, get_node(""UI/Score"")), not a literal.
Use it to grab a node reference once the scene is ready.","An: kompiliert zu @onready var - der Standard ist ein GDScript-AUSDRUCK, ausgewertet wenn der Node den Baum betritt (z. B. $Player, get_node(""UI/Score"")), kein Literal.
Damit greifen Sie eine Node-Referenz ab, sobald die Szene bereit ist."
"One column per entry: name:type (String, int, float, bool, color for a swatch, or enum(a|b|c) for a dropdown).
Each Array element becomes a row with these cells.","Eine Spalte pro Eintrag: name:typ (String, int, float, bool, color für ein Farbfeld oder enum(a|b|c) für ein Dropdown).
Jedes Array-Element wird eine Zeile mit diesen Zellen."
Optional Inspector polish for exported globals - everything compiles to plain Godot annotations.,Optionaler Inspektor-Feinschliff für exportierte Globals - alles kompiliert zu gewöhnlichen Godot-Annotationen.
Options (combo),Optionen (Combo)
Pick the Inspector look from picture tiles instead of the list.,Wählen Sie die Inspektor-Darstellung über Bildkacheln statt der Liste.
Read-only,Nur lesen
"Renders a small button with this field that calls the named sheet function.
Needs a @tool sheet to act in-editor. Label optional (defaults to the function name).","Zeigt neben diesem Feld eine kleine Schaltfläche, die die genannte Sheet-Funktion aufruft.
Benötigt ein @tool-Sheet, um im Editor zu wirken. Beschriftung optional (Standard: Funktionsname)."
Required (warn in the Inspector while unset),Erforderlich (warnt im Inspektor solange nicht gesetzt)
Save Studio…,Studio speichern…
"Scaffold a ready-to-edit behaviour script in res://eventsheet_addons/ - its signals become triggers, methods become actions/conditions, and @export vars become properties, all auto-discovered as custom ACEs.","Erzeugt ein bearbeitungsfertiges Behaviour-Skript in res://eventsheet_addons/ - seine Signale werden Trigger, Methoden werden Aktionen/Bedingungen und @export-Variablen werden Eigenschaften, alles automatisch als eigene ACEs erkannt."
Section header,Abschnittsüberschrift
"See the WHOLE sheet's Inspector as one live view - every exported variable with its decor, grouping, and widget, exactly as Godot will show it.","Sehen Sie den Inspektor des GESAMTEN Sheets als eine Live-Ansicht - jede exportierte Variable mit Dekor, Gruppierung und Widget, genau wie Godot sie anzeigen wird."
Show as,Anzeigen als
Show if,Anzeigen wenn
Shown after the number in the Inspector (suffix:px).,Wird im Inspektor nach der Zahl angezeigt (Suffix:px).
"Shows a red warning above the field until a value is assigned
(a Resource left empty, a String left blank). Editor-only.","Zeigt eine rote Warnung über dem Feld, bis ein Wert zugewiesen ist
(eine leere Resource, ein leerer String). Nur im Editor."
Slider extras,Slider-Extras
"Start editing this sheet here. From then on, Save (Ctrl+S) updates the file - or use Save As… to keep the original and save a copy.","Beginnen Sie hier mit der Bearbeitung dieses Sheets. Ab dann aktualisiert Speichern (Strg+S) die Datei - oder nutzen Sie Speichern unter…, um das Original zu behalten und eine Kopie zu sichern."
Sub-heading,Zwischenüberschrift
"Swap the Inspector field for a richer drawer (dial, swatches, curve…).
Graceful: a plain field without the editor plugin (parity preserved).","Tauschen Sie das Inspektor-Feld gegen ein reicheres Widget (Drehregler, Farbfelder, Kurve…).
Eleganter Rückfall: ein einfaches Feld ohne das Editor-Plugin (Parität bleibt erhalten)."
Table columns,Tabellenspalten
"The Inspector calls this function while the property is edited and shows
the returned message above the field. Needs a @tool sheet to run in-editor.","Der Inspektor ruft diese Funktion während der Bearbeitung der Eigenschaft auf und zeigt
die zurückgegebene Meldung über dem Feld. Benötigt ein @tool-Sheet für den Editor-Betrieb."
The slider stops at max but typing a bigger number is allowed (or_greater).,"Der Slider stoppt beim Maximum, aber eine größere Zahl darf eingetippt werden (or_greater)."
"The variable's type. For a node reference, type the node's class (Sprite2D, Label, Area2D…) or leave Variant.","Der Typ der Variable. Für eine Node-Referenz die Klasse des Nodes eintippen (Sprite2D, Label, Area2D…) oder Variant lassen."
"Turn the MCP server (AI-assistant tools) on/off. When off, connected AI clients see no tools and can't read or change your sheets. Takes effect live - no reconnect needed.",Schaltet den MCP-Server (KI-Assistenten-Tools) ein/aus. Ausgeschaltet sehen verbundene KI-Clients keine Tools und können Ihre Sheets weder lesen noch ändern. Wirkt sofort - keine Neuverbindung nötig.
Typing below min is allowed (or_less).,Eine Eingabe unter dem Minimum ist erlaubt (or_less).
Validate with,Validieren mit
"Write this sheet's plain, standalone GDScript to a file you own. No plugin dependency - proof you can leave the addon anytime.","Schreibt das eigenständige, gewöhnliche GDScript dieses Sheets in eine eigene Datei. Keine Plugin-Abhängigkeit - der Beweis, dass Sie das Addon jederzeit verlassen können."
accent label above (e.g. Combat #e06666),Akzentbeschriftung darüber (z. B. Kampf #e06666)
bool variable (hidden when false),bool-Variable (verborgen wenn false)
bool variable (read-only when false),bool-Variable (nur lesbar wenn false)
"columns, e.g. item:String, count:int, rare:bool","Spalten, z. B. item:String, count:int, rare:bool"
"comma-separated, e.g. easy, normal, hard (String only)","kommagetrennt, z. B. easy, normal, hard (nur String)"
"function and button label, e.g. reroll_stats Reroll","Funktion und Schaltflächenbeschriftung, z. B. reroll_stats Neu würfeln"
grey hint shown when the field is empty,"grauer Hinweis, angezeigt wenn das Feld leer ist"
"min, max, step (numeric: slider)","Min, Max, Schritt (numerisch: Slider)"
nested section under the group (e.g. Melee),verschachtelter Abschnitt unter der Gruppe (z. B. Nahkampf)
note panel above (e.g. Shared resource - edits affect every user.),Notizpanel darüber (z. B. Geteilte Ressource - Änderungen betreffen alle Nutzer.)
sheet function called after assignment,"Sheet-Funktion, aufgerufen nach der Zuweisung"
sheet function returning a warning String (empty = valid),"Sheet-Funktion, die einen Warn-String zurückgibt (leer = gültig)"
"type - e.g. Node2D, Label, Sprite2D (or Variant for any)","Typ - z. B. Node2D, Label, Sprite2D (oder Variant für beliebig)"
"unit, e.g. px","Einheit, z. B. px"
what this variable is for - shown as its description in the Inspector,wofür diese Variable ist - im Inspektor als ihre Beschreibung angezeigt
"▸  Advanced (grouping, conditions, clamp…)","▸  Erweitert (Gruppierung, Bedingungen, Begrenzung…)"
"▸  More options (range, drawer, grouping…)","▸  Mehr Optionen (Bereich, Widget, Gruppierung…)"
Create Code Region,Code-Region erstellen
Create Code Region…,Code-Region erstellen…
Doc comment,Doku-Kommentar
Documentation shown above the function (## …). BBCode like [b]bold[/b] is allowed.,Dokumentation über der Funktion (## …). BBCode wie [b]fett[/b] ist erlaubt.
Getter body,Getter-Rumpf
Setter body,Setter-Rumpf
Setter parameter,Setter-Parameter
The name of the setter's incoming-value parameter (defaults to `value`).,Der Name des Parameters für den eingehenden Wert des Setters (Standard: `value`).
The statements that run when this variable is assigned (`set(value):`). Use `value` for the incoming value. Leave blank for no setter.,"Die Anweisungen, die beim Zuweisen dieser Variable laufen (`set(value):`). Verwenden Sie `value` für den eingehenden Wert. Leer lassen für keinen Setter."
"The statements that run when this variable is read (`get:`), ending in `return …`. Leave blank for no getter.","Die Anweisungen, die beim Lesen dieser Variable laufen (`get:`), endend mit `return …`. Leer lassen für keinen Getter."
"getter body, e.g.  return _health","Getter-Rumpf, z. B.  return _health"
"setter body, e.g.  health = clampi(value, 0, max_health)","Setter-Rumpf, z. B.  health = clampi(value, 0, max_health)"
A faint tint over the actions (right) lane.,Ein schwacher Farbton über der Aktionsspur (rechts).
A faint tint over the conditions (left) lane.,Ein schwacher Farbton über der Bedingungsspur (links).
"Accent (groups, selection)","Akzent (Gruppen, Auswahl)"
Action Lane Color,Aktionsspur-Farbe
Action Lane Padding,Innenabstand der Aktionsspur
Action cells,Aktionszellen
Alternate group header background (zebra).,Alternativer Gruppenkopf-Hintergrund (Zebra).
Apply To Current Sheet,Auf aktuelles Blatt anwenden
Background of a group header row.,Hintergrund einer Gruppenkopfzeile.
Background of the Conditions / Actions column header bar.,Hintergrund der Kopfleiste der Spalten Bedingungen / Aktionen.
Background of the fold triangle box on a group.,Hintergrund des Falt-Dreieck-Feldes einer Gruppe.
Badge Background Color,Badge-Hintergrundfarbe
Badge Extra Width,Zusätzliche Badge-Breite
Badge Foreground Color,Badge-Vordergrundfarbe
Base (background tone),Basis (Hintergrundton)
Behavior Accent Color,Verhaltens-Akzentfarbe
Border of the condition/action chip.,Rahmen des Bedingungs-/Aktions-Chips.
Cell Corner Radius,Eckenradius der Zelle
Cell Hover Color,Zellen-Hover-Farbe
Chip Background Color,Chip-Hintergrundfarbe
Chip Border Color,Chip-Rahmenfarbe
Chip Hover Color,Chip-Hover-Farbe
Chip fill when hovered.,Chip-Füllung beim Überfahren.
Close,Schließen
Column Header Actions Color,Farbe der Aktionen-Überschrift
Column Header Background Color,Hintergrundfarbe der Spaltenüberschrift
Column Header Conditions Color,Farbe der Bedingungen-Überschrift
Comment Row Background Color,Hintergrundfarbe der Kommentarzeile
Comment Text Color,Kommentartext-Farbe
Condition Badge Column Width,Spaltenbreite des Bedingungs-Badges
Condition Lane Color,Bedingungsspur-Farbe
Condition Lane Padding,Innenabstand der Bedingungsspur
Condition Lane Ratio,Bedingungsspur-Verhältnis
Condition cells,Bedingungszellen
Corner Radius,Eckenradius
Corner roundness of group rows (0 = square bar).,Eckenrundung von Gruppenzeilen (0 = eckige Leiste).
Corner roundness of individual condition/action cells.,Eckenrundung einzelner Bedingungs-/Aktionszellen.
Corner roundness of region marker bubbles.,Eckenrundung von Region-Markierungsblasen.
"Corner roundness of the chip, in pixels.","Eckenrundung des Chips, in Pixeln."
"Corner roundness of the event block, in pixels (0 = square).","Eckenrundung des Ereignisblocks, in Pixeln (0 = eckig)."
"Editor (hover, selection, lanes)","Editor (Hover, Auswahl, Spuren)"
Event Corner Radius,Eckenradius des Ereignisses
"Extra width reserved for the role badge on the chip, in pixels.","Zusätzliche Breite für das Rollen-Badge auf dem Chip, in Pixeln."
Fill of the condition/action chip.,Füllung des Bedingungs-/Aktions-Chips.
Fill of the count badge on a group.,Füllung des Zähl-Badges einer Gruppe.
Fill of the role badge on the chip.,Füllung des Rollen-Badges auf dem Chip.
"Fill of the trigger arrow badge (On Ready, On Signal...).","Füllung des Trigger-Pfeil-Badges (On Ready, On Signal...)."
Font Size Delta,Schriftgrößen-Delta
Gap After,Abstand danach
Generate Theme,Theme generieren
Group Accent Color,Gruppen-Akzentfarbe
Group Background Alt Color,Alternative Gruppen-Hintergrundfarbe
Group Background Color,Gruppen-Hintergrundfarbe
Group Badge Background Color,Hintergrundfarbe des Gruppen-Badges
Group Badge Foreground Color,Vordergrundfarbe des Gruppen-Badges
Group Corner Radius,Eckenradius der Gruppe
Group Fold Background Color,Hintergrundfarbe des Gruppen-Faltfelds
Group Title Color,Gruppentitel-Farbe
"Height of a single event row, in pixels - raise it for more breathing room.","Höhe einer einzelnen Ereigniszeile, in Pixeln - erhöhen für mehr Luft."
Horizontal Padding,Horizontaler Innenabstand
Hover Fill Color,Hover-Füllfarbe
How much of the row width the conditions lane takes (0.2 - 0.8).,"Wie viel der Zeilenbreite die Bedingungsspur einnimmt (0,2 - 0,8)."
Icon/text colour on the trigger badge.,Symbol-/Textfarbe auf dem Trigger-Badge.
"Inner padding on the actions lane, in pixels.","Innenabstand der Aktionsspur, in Pixeln."
"Inner padding on the conditions lane, in pixels.","Innenabstand der Bedingungsspur, in Pixeln."
Invert Marker Color,Farbe des Invertierungs-Markers
Lane Divider Color,Spurtrenner-Farbe
Lane Divider Width,Spurtrenner-Breite
Language Block Accent Color,Akzentfarbe für Sprachblöcke
Line thickness of region marker borders.,Linienstärke der Region-Markierungsränder.
Minimum Conditions Lane Width,Mindestbreite der Bedingungsspur
Minimum Row Height,Mindestzeilenhöhe
Object Label Color,Objektbeschriftungs-Farbe
"Parameter values (numbers, strings) highlighted inside ACE text.","Parameterwerte (Zahlen, Strings), hervorgehoben im ACE-Text."
"Pick a base + accent, then Generate. Fine-tune individual tokens below.","Basis + Akzent wählen, dann Generieren. Einzelne Tokens unten feinjustieren."
Quick Style - recolour everything at once,Schnellstil - alles auf einmal umfärben
Rebuild every colour token from the three colours above.,Baut jedes Farb-Token aus den drei Farben oben neu auf.
Region Corner Radius,Eckenradius der Region
Region Line Width,Linienbreite der Region
Reset To Default,Auf Standard zurücksetzen
Restore the bundled default look.,Stellt das mitgelieferte Standardaussehen wieder her.
Row Background Alt Color,Alternative Zeilen-Hintergrundfarbe
Row Background Color,Zeilen-Hintergrundfarbe
Row Border Color,Zeilenrahmenfarbe
Save As Preset…,Als Vorlage speichern…
Selection Fill Color,Auswahl-Füllfarbe
Sheet & rows (event style),Blatt & Zeilen (Ereignisstil)
Sheet Background Color,Blatt-Hintergrundfarbe
"Space between this chip and the next one, in pixels.","Abstand zwischen diesem Chip und dem nächsten, in Pixeln."
"Space inside the chip, above and below its text, in pixels.","Abstand im Chip, über und unter dem Text, in Pixeln."
"Space inside the chip, left and right of its text, in pixels.","Abstand im Chip, links und rechts vom Text, in Pixeln."
Text Color,Textfarbe
Text colour of the role badge.,Textfarbe des Rollen-Badges.
Text colour on the group count badge.,Textfarbe auf dem Gruppen-Zähl-Badge.
"Text size adjustment for this chip kind, relative to the sheet font (+/- points).","Anpassung der Textgröße für diese Chip-Art, relativ zur Blattschrift (+/- Punkte)."
The 'Actions' header label colour.,Die Farbe der Überschrift „Aktionen“.
The 'Conditions' header label colour.,Die Farbe der Überschrift „Bedingungen“.
The background of a normal event row.,Der Hintergrund einer normalen Ereigniszeile.
The background of every OTHER row (the zebra stripe).,Der Hintergrund JEDER zweiten Zeile (der Zebrastreifen).
The banner colour behind a full-width comment.,Die Bannerfarbe hinter einem Kommentar voller Breite.
"The colour behind the whole sheet, outside the rows.","Die Farbe hinter dem gesamten Blatt, außerhalb der Zeilen."
The conditions lane never shrinks below this many pixels.,Die Bedingungsspur schrumpft nie unter diese Pixelanzahl.
The group title text colour.,Die Textfarbe des Gruppentitels.
The group's left accent stripe and hairlines.,Der linke Akzentstreifen der Gruppe und die Haarlinien.
The highlight over a selected row.,Die Hervorhebung über einer ausgewählten Zeile.
"The object/origin label before each condition/action (System, node class).","Die Objekt-/Ursprungsbeschriftung vor jeder Bedingung/Aktion (System, Node-Klasse)."
The red X shown on an inverted (negated) condition.,"Das rote X, das bei einer invertierten (negierten) Bedingung angezeigt wird."
"The soft-purple 'this is a behavior' accent (banner, region default).","Der sanft-violette Akzent „das ist ein Behaviour“ (Banner, Region-Standard)."
"The stripe + wash on language blocks (a data class, a host binding, a switch case) so they read as code structure, not regular events.","Der Streifen + Schleier auf Sprachblöcken (Datenklasse, Host-Bindung, Switch), damit sie als Code-Struktur statt als normale Ereignisse gelesen werden."
The text colour of comments.,Die Textfarbe von Kommentaren.
The text colour of the chip.,Die Textfarbe des Chips.
The thin line between rows.,Die dünne Linie zwischen den Zeilen.
The tint over the row under the mouse.,Der Farbton über der Zeile unter der Maus.
The vertical line splitting conditions from actions.,"Die vertikale Linie, die Bedingungen von Aktionen trennt."
Theme Editor,Theme-Editor
Thickness of the conditions/actions divider line.,Dicke der Trennlinie zwischen Bedingungen und Aktionen.
Tint over a single condition/action cell under the mouse.,Farbton über einer einzelnen Bedingungs-/Aktionszelle unter der Maus.
Trigger Badge Background Color,Hintergrundfarbe des Trigger-Badges
Trigger Badge Foreground Color,Vordergrundfarbe des Trigger-Badges
Value Highlight Color,Werthervorhebungs-Farbe
Vertical Padding,Vertikaler Innenabstand
Width reserved for the trigger/condition badge column.,Für die Trigger-/Bedingungs-Badge-Spalte reservierte Breite.
Add Comment Sub-Event,Kommentar-Unterereignis hinzufügen
Add GDScript Action,GDScript-Aktion hinzufügen
Add Match To Actions…,Match zu Aktionen hinzufügen…
Add Pick Filter (For Each)…,Auswahlfilter hinzufügen (Für jedes)…
Add Sub-Condition,Unterbedingung hinzufügen
Add Sub-Event,Unterereignis hinzufügen
Attach To Event Above,An Ereignis darüber anhängen
Clear Else,Sonst (Else) entfernen
Clear Else-If,Sonst-Wenn (Else-If) entfernen
Close Group,Gruppe schließen
Comment,Kommentar
Convert to AND Block,In UND-Block umwandeln
Convert to OR Block,In ODER-Block umwandeln
Copy as Text,Als Text kopieren
Cut,Ausschneiden
Delete,Löschen
Disable / Enable Selection,Auswahl deaktivieren / aktivieren
Disable Row,Zeile deaktivieren
Duplicate,Duplizieren
Duplicate Selection,Auswahl duplizieren
Edit Comment…,Kommentar bearbeiten…
Edit Description…,Beschreibung bearbeiten…
Enable Row,Zeile aktivieren
Enum,Enum
Event Above,Ereignis darüber
Event Below,Ereignis darunter
Find Usages (project),Verwendungen suchen (Projekt)
GDScript Block,GDScript-Block
Group,Gruppe
Group Color…,Gruppenfarbe…
Group Selection into New Group,Auswahl in neue Gruppe gruppieren
Insert,Einfügen
Make Else,Zu Sonst (Else) machen
Make Else-If,Zu Sonst-Wenn (Else-If) machen
More,Mehr
Open / Close Group,Gruppe öffnen / schließen
Open Group,Gruppe öffnen
Open in Split,In geteilter Ansicht öffnen
Runtime Toggleable,Zur Laufzeit umschaltbar
Save Selection as Snippet…,Auswahl als Snippet speichern…
Scope Actions To Node…,Aktionen auf Node begrenzen…
Set Breakpoint Condition…,Haltepunkt-Bedingung festlegen…
Signal Handler,Signal-Handler
Variable,Variable
Else,Sonst
Else If,Sonst Wenn
"A list of numbers (Array[float]) - weights, timings, chances.","Eine Liste von Zahlen (Array[float]) - Gewichte, Timings, Chancen."
"A list of text entries (Array[String]) - names, lines, tags.","Eine Liste von Texteinträgen (Array[String]) - Namen, Zeilen, Tags."
"A list of whole numbers (Array[int]) - scores, ids, tile indexes.","Eine Liste ganzer Zahlen (Array[int]) - Punktestände, Ids, Tile-Indizes."
A list that can hold anything (mixed types allowed).,"Eine Liste, die alles aufnehmen kann (gemischte Typen erlaubt)."
Action Object Column Width,Breite der Objektspalte (Aktionen)
Condition Object Column Width,Breite der Objektspalte (Bedingungen)
Designer Template,Designer-Vorlage
Fixed width of the object-name column in the actions lane (0 = text flows after each name). Also set by dragging the name/text gap in a row.,Feste Breite der Objektnamen-Spalte in der Aktionsspur (0 = der Text fließt hinter jedem Namen). Lässt sich auch durch Ziehen des Name/Text-Zwischenraums in einer Zeile setzen.
Fixed width of the object-name column in the conditions lane (0 = text flows after each name). Also set by dragging the name/text gap in a row.,Feste Breite der Objektnamen-Spalte in der Bedingungsspur (0 = der Text fließt hinter jedem Namen). Lässt sich auch durch Ziehen des Name/Text-Zwischenraums in einer Zeile setzen.
Group Row Height,Höhe der Gruppenzeile
"Height of a group header bar, in pixels - double an event row by default; lower it for the classic slim bar.",Höhe einer Gruppen-Kopfleiste in Pixeln - standardmäßig doppelt so hoch wie eine Ereigniszeile; für die klassische schmale Leiste verringern.
Language,Sprache
"Make your own data asset in three questions: name one entry, list its columns, done - a Resource whose Inspector is a fill-in table, saved as .tres files designers edit.","Erstellen Sie Ihr eigenes Daten-Asset in drei Fragen: einen Eintrag benennen, seine Spalten auflisten, fertig - eine Resource, deren Inspector eine Ausfülltabelle ist, gespeichert als .tres-Dateien, die Designer bearbeiten."
Named anything (by text key) - a flexible data bag.,Beliebiges mit Namen (per Textschlüssel) - ein flexibler Datenbeutel.
"Named numbers (by text key) - e.g. volumes[""music""] = 0.8.","Benannte Zahlen (per Textschlüssel) - z. B. volumes[""music""] = 0.8."
Named slots holding anything: look values up by a key.,Benannte Fächer für Beliebiges: Werte über einen Schlüssel nachschlagen.
"Named text (by text key) - e.g. lines[""greeting""].","Benannter Text (per Textschlüssel) - z. B. lines[""greeting""]."
"Named whole numbers (by text key) - e.g. costs[""sword""] = 10.","Benannte ganze Zahlen (per Textschlüssel) - z. B. costs[""sword""] = 10."
New Custom Resource…,Neue benutzerdefinierte Ressource…
New Editor Tool…,Neues Editor-Werkzeug…
Object Icons,Objektsymbole
"Start an editor-side tool sheet: its events run INSIDE the editor (script editor > File > Run), never in the game - batch renames, scene checks, one-click chores.","Startet ein Werkzeug-Blatt auf Editor-Seite: seine Ereignisse laufen IM Editor (Skripteditor > File > Run), nie im Spiel - Massen-Umbenennungen, Szenen-Prüfungen, Ein-Klick-Aufgaben."
Switch the EventSheets editor language. Drop a translation CSV into addons/eventsheet/translations/ and it appears here automatically.,Wechselt die Sprache des EventSheets-Editors. Legen Sie eine Übersetzungs-CSV in addons/eventsheet/translations/ ab und sie erscheint hier automatisch.
"Makes your own data asset: a Resource with a table designers fill in the Inspector and save as .tres files - loot tables, dialogue lines, wave plans, anything that is rows of data. No annotations to learn; describe the rows and the sheet is generated.","Erstellt Ihr eigenes Daten-Asset: eine Resource mit einer Tabelle, die Designer im Inspector ausfüllen und als .tres-Dateien speichern - Beutetabellen, Dialogzeilen, Wellenpläne, alles, was aus Datenzeilen besteht. Keine Annotationen zu lernen; beschreiben Sie die Zeilen und das Blatt wird generiert."
What are you making?,Was möchten Sie erstellen?
One entry is a…,Ein Eintrag ist ein(e)…
Resource name,Ressourcenname
What does an entry have?,Was hat ein Eintrag?
"One column per line. Plain words make a text column; add "": float"", "": int"", or "": bool"" for numbers and toggles; list choices with | for a dropdown.

name
kind: coin|gem|key
weight: float","Eine Spalte pro Zeile. Einfache Wörter ergeben eine Textspalte; ergänzen Sie "": float"", "": int"" oder "": bool"" für Zahlen und Schalter; listen Sie Auswahlmöglichkeiten mit | für ein Dropdown auf.

name
kind: coin|gem|key
weight: float"
Before it works,Bevor es funktioniert
Warn in the Inspector until the table has rows (required),"Im Inspector warnen, bis die Tabelle Zeilen hat (erforderlich)"
"Add a validation check (a function warning about bad data, live)","Eine Validierungsprüfung hinzufügen (eine Funktion, die live vor fehlerhaften Daten warnt)"
Creates a ready-to-edit validate function: it runs while the table is edited in the Inspector and shows any warning it returns above the field. Add your own rules as condition rows.,"Erstellt eine sofort bearbeitbare validate-Funktion: sie läuft, während die Tabelle im Inspector bearbeitet wird, und zeigt jede zurückgegebene Warnung über dem Feld an. Fügen Sie eigene Regeln als Bedingungszeilen hinzu."
Inspector button,Inspector-Button
"Show this function as a one-click button in the Inspector, labelled with this text. Pressing the button runs the function's rows - great for editor chores like re-baking, refilling, or validating.","Zeigt diese Funktion als Ein-Klick-Button im Inspector, beschriftet mit diesem Text. Ein Druck auf den Button führt die Zeilen der Funktion aus - ideal für Editor-Aufgaben wie erneutes Baken, Neubefüllen oder Validieren."
Plain GDScript - anything valid in an expression works here. Ctrl+Space completes sheet variables/functions and host members. Alt+Enter grows the box for a long expression (and shrinks it back).,"Pures GDScript - alles, was in einem Ausdruck gültig ist, funktioniert hier. Ctrl+Space vervollständigt Blatt-Variablen/-Funktionen und Host-Mitglieder. Alt+Enter vergrößert das Feld für einen langen Ausdruck (und verkleinert es wieder)."
"Find Expressions - open the expressions dictionary (floating: double-click inserts, stays open until you close it)","Ausdrücke finden - öffnet das Ausdrucks-Wörterbuch (schwebend: Doppelklick fügt ein, bleibt offen, bis Sie es schließen)"
Expressions dictionary,Ausdrucks-Wörterbuch
Double-click to insert at the cursor - the dictionary stays open so results chain. You can also just type in the field: the same expressions autocomplete as you go.,"Doppelklick fügt an der Cursorposition ein - das Wörterbuch bleibt offen, damit sich Ergebnisse verketten lassen. Sie können auch einfach ins Feld tippen: dieselben Ausdrücke vervollständigen sich beim Schreiben."
Loop index (optional),Schleifenindex (optional)
"Name a counter that runs 0, 1, 2... each pass - Construct's loopindex. Read it with the Loop Index expression; give nested loops distinct names and read an outer one with Loop Index Of.","Benennen Sie einen Zähler, der pro Durchlauf 0, 1, 2... zählt - Constructs loopindex. Lesen Sie ihn mit dem Ausdruck Loop Index; geben Sie verschachtelten Schleifen eigene Namen und lesen Sie eine äußere mit Loop Index Of."
Write one value per line (multi-line enum),Einen Wert pro Zeile schreiben (mehrzeiliges Enum)
"Off: enum State { IDLE, RUN }. On: each value on its own tab-indented line - the usual shape for long enums with explicit numbers.","Aus: enum State { IDLE, RUN }. An: jeder Wert auf einer eigenen, mit Tab eingerückten Zeile - die übliche Form für lange Enums mit expliziten Zahlen."
Addon Pack,Erweiterungspaket
Make your own data asset,Erstellen Sie Ihr eigenes Daten-Asset
"Sheets aren't only for gameplay: Sheet > New Custom Resource… asks three plain questions (what one entry is called, what columns it has, whether it's required) and builds a data asset whose Inspector is a fill-in table - loot tables, dialogue lines, wave plans. Designers fill rows and save .tres variants; your sheets load them. And Sheet > New Editor Tool… makes one-click editor chores the same way.","Blätter sind nicht nur für Gameplay da: Sheet > New Custom Resource… stellt drei einfache Fragen (wie ein Eintrag heißt, welche Spalten er hat, ob er erforderlich ist) und baut ein Daten-Asset, dessen Inspector eine Ausfülltabelle ist - Beutetabellen, Dialogzeilen, Wellenpläne. Designer füllen Zeilen aus und speichern .tres-Varianten; Ihre Blätter laden sie. Und Sheet > New Editor Tool… erstellt auf dieselbe Weise Ein-Klick-Editor-Aufgaben."
Peek at Sheet > New Custom Resource… (Esc closes it without creating anything).,"Werfen Sie einen Blick auf Sheet > New Custom Resource… (Esc schließt es, ohne etwas zu erstellen)."
Connect Signal to Event Sheet,Signal mit dem Ereignisblatt verbinden
Connect,Verbinden
%s - pick a signal,%s - Signal wählen
An On <Signal> event is added to the node's sheet; its actions run when the signal fires.,"Ein On-<Signal>-Ereignis wird dem Blatt des Nodes hinzugefügt; seine Aktionen laufen, wenn das Signal ausgelöst wird."
Filter signals...,Signale filtern...
Connected %s - add actions to the new event.,%s verbunden - fügen Sie dem neuen Ereignis Aktionen hinzu.
Open the EventSheet workspace to connect signals.,"Öffnen Sie den EventSheet-Arbeitsbereich, um Signale zu verbinden."
Bold (Ctrl+B),Fett (Ctrl+B)
Italic (Ctrl+I),Kursiv (Ctrl+I)
Underline (Ctrl+U),Unterstrichen (Ctrl+U)
Strikethrough (Ctrl+Shift+S),Durchgestrichen (Ctrl+Shift+S)
Wrap the selection in [color=...] (edit the hex after),Umschließt die Auswahl mit [color=...] (Farbe danach anpassen)
Loaded: (unsaved EventSheet),Geladen: (ungespeichertes EventSheet)
Event Numbers,Ereignisnummern
Aligned Object Columns,Ausgerichtete Objektspalten
Outline…,Gliederung…
Outline,Gliederung
Go to Event,Gehe zu Ereignis
Go to Event Number…,Gehe zu Ereignisnummer…
Bookmarks,Lesezeichen
◂ Previous,◂ Zurück
Next ▸,Weiter ▸
Clear All,Alle entfernen
Current sheet,Aktuelles Blatt
Filter,Filtern
Edit Values Across Selection…,Werte in der Auswahl bearbeiten…
Select All Events Using This,Alle Ereignisse damit auswählen
Replace Object References…,Objektverweise ersetzen…
Paste Special…,Inhalte einfügen…
Replace Object References,Objektverweise ersetzen
Retarget the selection,Auswahl neu ausrichten
Replace,Ersetzen
From,Von
To,Nach
Add Field…,Feld hinzufügen…
Remove Field,Feld entfernen
Add Field,Feld hinzufügen
New field on this data class,Neues Feld dieser Datenklasse
all,alle
Action,Aktion
Condition,Bedingung
Expression,Ausdruck
Trigger,Auslöser
Signal,Signal
gives back %s,gibt %s zurück
emits %s,sendet %s
waits,wartet
static,statisch
internal,intern
★ featured,★ hervorgehoben
text,Text
number,Zahl
true/false,wahr/falsch
point,Punkt
color,Farbe
any,beliebig
Edit Parameter,Parameter bearbeiten
Add Parameter,Parameter hinzufügen
Apply,Übernehmen
Delete this parameter,Diesen Parameter löschen
Edit the whole verb…,Ganzes Verb bearbeiten…
e.g. amount,z. B. amount
leave empty to make it required,"leer lassen, um ihn verpflichtend zu machen"
what this input is for,wofür diese Eingabe da ist
A parameter needs a name.,Ein Parameter braucht einen Namen.
Updated the parameter.,Parameter aktualisiert.
Removed the parameter.,Parameter entfernt.
e.g. Re-bake  (empty = no button),z. B. Neu backen  (leer = keine Schaltfläche)
"What this verb is called. Write it in plain words - ""Take Damage"" becomes take_damage in the generated GDScript. Other rows call the verb by this name.","Wie dieses Verb heißt. Schreibe es in einfachen Worten - aus ""Take Damage"" wird take_damage im erzeugten GDScript. Andere Zeilen rufen das Verb unter diesem Namen auf."
Godot's own documentation for this verb. It is written above the function as ## lines and shows up in the editor's built-in help and when hovering the verb elsewhere. Optional.,Godots eigene Dokumentation für dieses Verb. Sie wird als ##-Zeilen über die Funktion geschrieben und erscheint in der integrierten Hilfe des Editors sowie beim Überfahren des Verbs. Optional.
"Puts a clickable button on this node's Inspector panel, labelled with whatever you type here. Pressing it runs this verb right there in the editor - handy for chores like re-baking a level or filling in test data. Leave it empty (the usual case) and no button appears.","Setzt eine anklickbare Schaltfläche in das Inspector-Panel dieses Nodes, beschriftet mit dem, was du hier eingibst. Ein Klick führt dieses Verb direkt im Editor aus - praktisch für Aufgaben wie das Neuberechnen eines Levels oder das Einfüllen von Testdaten. Leer lassen (der Normalfall) heißt: keine Schaltfläche."
"The kind of value this verb hands back to whoever asked - a number, some text, a true/false, a position, and so on. Pick the one that matches what the verb works out.","Die Art von Wert, die dieses Verb zurückgibt - eine Zahl, Text, ein Wahr/Falsch, eine Position und so weiter. Wähle das, was das Verb tatsächlich ermittelt."
"One line saying what this verb does. It shows beside the verb in the picker, so it is what somebody reads when deciding whether this is the verb they want.","Eine Zeile darüber, was dieses Verb tut. Sie steht im Auswahlfenster neben dem Verb - also genau das, was jemand liest, während er entscheidet, ob es das gesuchte Verb ist."
"The friendly name shown in the picker instead of the function name - ""Deal Damage"" reads better than deal_damage. Leave it empty to let it default from the verb name.","Der freundliche Name, der im Auswahlfenster statt des Funktionsnamens erscheint - ""Deal Damage"" liest sich besser als deal_damage. Leer lassen, um ihn aus dem Verbnamen abzuleiten."
"Which section of the picker files this verb. Verbs sharing a category are grouped together, so a pack usually puts all of its verbs under one - its own name works well.","In welchen Abschnitt des Auswahlfensters dieses Verb einsortiert wird. Verben derselben Kategorie stehen zusammen, daher legt ein Pack meist alle seine Verben unter eine - der eigene Name eignet sich gut."
"What this input is called. It becomes the parameter's name in the generated GDScript, and the label on the verb's row, so plain words beat abbreviations.",Wie diese Eingabe heißt. Der Name wird zum Parameternamen im erzeugten GDScript und zur Beschriftung in der Verbzeile - einfache Wörter schlagen Abkürzungen.
"What kind of value this input accepts - a number (int / float), text (String), a true/false (bool), a position (Vector2 / Vector3), or Variant for anything at all.","Welche Art von Wert diese Eingabe annimmt - eine Zahl (int / float), Text (String), ein Wahr/Falsch (bool), eine Position (Vector2 / Vector3) oder Variant für schlicht alles."
"An optional starting value, so whoever uses the verb can skip this input. Written as GDScript (10, 1.5, ""idle"", true). GDScript requires inputs WITH a default to come last, so filling this in may move the parameter down.","Ein optionaler Startwert, damit man diese Eingabe beim Verwenden des Verbs weglassen kann. Als GDScript geschrieben (10, 1.5, ""idle"", true). GDScript verlangt, dass Eingaben MIT Standardwert am Ende stehen - das Ausfüllen kann den Parameter also nach hinten verschieben."
"One line explaining this input. It shows in the picker beside the field, which is where somebody decides what to type into it.","Eine Zeile, die diese Eingabe erklärt. Sie erscheint im Auswahlfenster neben dem Feld - genau dort, wo jemand entscheidet, was er hineinschreibt."
Removes the input from the verb entirely. Anything already calling the verb loses the value it was passing here.,"Entfernt die Eingabe vollständig aus dem Verb. Alles, was das Verb bereits aufruft, verliert den Wert, den es hier übergeben hat."
"Each parameter has a name, type, optional default value, and description.","Jeder Parameter hat einen Namen, einen Typ, einen optionalen Standardwert und eine Beschreibung."
A GDScript boolean expression - the body runs only when all hold (e.g. host.enabled).,"Ein boolescher GDScript-Ausdruck - der Rumpf läuft nur, wenn alle zutreffen (z. B. host.enabled)."
Publishes the verb into pickers as the chosen kind.,Veröffentlicht das Verb als gewählte Art in den Auswahlfenstern.
Optional default value (a GDScript expression). Defaulted params must come last.,Optionaler Standardwert (ein GDScript-Ausdruck). Parameter mit Standardwert müssen zuletzt stehen.
Remove this parameter.,Diesen Parameter entfernen.
Remove this condition.,Diese Bedingung entfernen.
New Function,Neue Funktion
"Action, Condition, or Expression?","Aktion, Bedingung oder Ausdruck?"
Function,Funktion
Edit Function…,Funktion bearbeiten…
+ describe this function,+ diese Funktion beschreiben
+ category,+ Kategorie
Function names must be valid identifiers (e.g. take_damage).,Funktionsnamen müssen gültige Bezeichner sein (z. B. take_damage).
Publish to the picker (other sheets can use it),Im Auswahlfenster veröffentlichen (andere Sheets können es nutzen)
"Drag this label sideways to scrub the value (Shift = fine, Ctrl = coarse).","Ziehe diese Beschriftung seitwaerts, um den Wert zu justieren (Umschalt = fein, Strg = grob)."
Curate Script…,Skript kuratieren…
Parameters…,Parameter…
Keep Old Name…,Alten Namen behalten…
Keep the old name working,Den alten Namen funktionsfähig halten
Add Shim,Platzhalter hinzufügen
the previous function name,der bisherige Funktionsname
Write Annotations,Anmerkungen schreiben
Publish New Version…,Neue Version veröffentlichen…
Name Raw Calls…,Rohe Aufrufe benennen…
Compact Rows,Kompakte Zeilen
Remember Between Runs,Zwischen Läufen merken
Add Entry…,Eintrag hinzufügen…
Edit Entry…,Eintrag bearbeiten…
Remove Entry,Eintrag entfernen
Lock Verb Body (read-only),Verb-Rumpf sperren (schreibgeschützt)
State,Zustand
is one of,ist eines von
or,oder
and,und
more,weitere
values,Werte
default,Standard
+ Add value…,+ Wert hinzufügen…
Runs in editor,Läuft im Editor
Remembered variables,Gemerkte Variablen
Setup lines,Setup-Zeilen
double-click to edit in code,Doppelklick zum Bearbeiten im Code
Host binding,Host-Bindung
decides by state,entscheidet nach Zustand
states below,Zustände darunter
decides by,entscheidet nach
branches below,Zweige darunter
Not,Nicht
(animations),(Animationen)
(no backups yet - they appear from the second save on),(noch keine Backups - sie erscheinen ab dem zweiten Speichern)
(no enums on this sheet),(keine Enums auf diesem Sheet)
(no match - keep typing),(kein Treffer - weiter tippen)
(or choose),(oder wählen)
(or type your own...),(oder eigenen Wert eingeben...)
(plain),(einfach)
Autoload (always-on singleton),Autoload (immer aktiver Singleton)
Behavior (acts on parent),Behavior (wirkt auf Elternknoten)
Behavior Component (signal-driven),Behavior-Komponente (signalgesteuert)
Blank Sheet,Leeres Sheet
Children,Kindknoten
Copy annotation stub,Annotation-Stub kopieren
Copy registrar snippet,Registrar-Snippet kopieren
Custom Node,Eigener Node
Custom Resource (data + logic),Eigene Resource (Daten + Logik)
Custom Resource (data asset),Eigene Resource (Daten-Asset)
Editor Tool,Editor-Werkzeug
Editor Tool (one-click chore),Editor-Werkzeug (Ein-Klick-Aufgabe)
Entity System (Autoload),Entity-System (Autoload)
Event Bus (Autoload),Event-Bus (Autoload)
Event Sheet,Event-Sheet
Fast (60),Schnell (60)
First-Person Controller (3D),First-Person-Controller (3D)
GDScript iterable,GDScript-Iterable
Game State (Autoload),Spielzustand (Autoload)
Hide this verb,Dieses Verb ausblenden
Major - breaking changes,Major - inkompatible Aenderungen
"Minor - new verbs, nothing breaks","Minor - neue Verben, nichts bricht"
No actions or conditions were found on the dropped node.,Auf dem abgelegten Node wurden keine Aktionen oder Bedingungen gefunden.
No sheets open,Keine Sheets geöffnet
Node group,Node-Gruppe
"Patch - fixes, no new verbs","Patch - Fixes, keine neuen Verben"
Pin / Unpin Favorite,Favorit anheften / lösen
Platformer Starter,Platformer-Starter
Recently closed,Zuletzt geschlossen
Repeat N times,N-mal wiederholen
Reset to the inferred name,Auf abgeleiteten Namen zurücksetzen
Save System (Autoload),Speichersystem (Autoload)
Slow (30),Langsam (30)
Third-Person Mover (3D),Third-Person-Steuerung (3D)
Top-down Starter,Top-Down-Starter
While (condition),Solange (Bedingung)
bow,Bogen
keep format,Format beibehalten
potion,Trank
sword,Schwert
Rename this verb…,Dieses Verb umbenennen…
Set its category…,Kategorie festlegen…
timeline,Timeline
steps,Schritte
at,bei
Add Step…,Schritt hinzufügen…
Timeline,Timeline
Render Scene To Image,Szene als Bild rendern
"Instantiates a scene into an off-screen viewport, lets it settle for a frame, and saves what it shows as a PNG - thumbnails, store shots, doc figures, baked sprites. Needs a windowed editor: a headless run has no renderer, so it warns and writes nothing.","Instanziiert eine Szene in einem Viewport außerhalb des Bildschirms, lässt sie einen Frame lang einschwingen und speichert das Ergebnis als PNG - Miniaturbilder, Store-Aufnahmen, Dokumentationsbilder, gebackene Sprites. Braucht einen Editor mit Fenster: ein Headless-Lauf hat keinen Renderer, also warnt sie und schreibt nichts."
Preview Table Rolls,Tabellenwürfe vorschauen
"Rolls a weighted table many times and reports what actually came out: per entry the rolled percent, the percent its weight implies, and the gap between them. Pure maths - it runs anywhere, and the same seed always gives the same numbers.","Würfelt viele Male auf einer gewichteten Tabelle und meldet, was wirklich herauskam: pro Eintrag den gewürfelten Prozentsatz, den von der Gewichtung erwarteten Prozentsatz und den Abstand dazwischen. Reine Mathematik - läuft überall, und derselbe Startwert liefert immer dieselben Zahlen."
On Project Export,Beim Projekt-Export
"Runs while a project export is starting, before the files are written - the place to stamp a build number, bake a data file, or strip debug content.","Läuft, während ein Projekt-Export startet, bevor die Dateien geschrieben werden - der Ort, um eine Build-Nummer zu stempeln, eine Datendatei zu backen oder Debug-Inhalte zu entfernen."
Write Version Stamp,Versionsstempel schreiben
"Writes a small build stamp file: the version string plus the date and time the stamp was written. The timestamp is read when the tool runs, so the generated code stays identical every save.","Schreibt eine kleine Build-Stempeldatei: die Versionszeichenkette plus Datum und Uhrzeit des Stempelns. Der Zeitstempel wird beim Ausführen des Werkzeugs gelesen, damit der erzeugte Code bei jedem Speichern gleich bleibt."
Export Is Debug,Export ist Debug
True when the export that triggered this bake step is a debug build. Use it inside On Project Export to keep test content out of release builds.,"Wahr, wenn der Export, der diesen Backschritt ausgelöst hat, ein Debug-Build ist. In Beim Projekt-Export verwenden, um Testinhalte aus Release-Builds herauszuhalten."
Export Has Feature,Export hat Feature
"True when the export preset that triggered this bake step carries the given feature tag - the way to bake different data for mobile, web or desktop.","Wahr, wenn die Export-Vorlage, die diesen Backschritt ausgelöst hat, das angegebene Feature-Tag trägt - so backt man unterschiedliche Daten für Mobil, Web oder Desktop."
Share Code For,Freigabecode für
"Turns any value into one compact line of text a player can paste anywhere - a seed, a loadout, a whole save. Read it back with Value From Share Code.","Verwandelt jeden Wert in eine kompakte Textzeile, die ein Spieler überall einfügen kann - einen Startwert, eine Ausrüstung, einen ganzen Spielstand. Mit Wert aus Freigabecode wieder auslesen."
Utility: Window,Werkzeuge: Fenster
share code for [b]{value}[/b],Freigabecode für [b]{value}[/b]
Value,Wert
"Anything - a run seed, a loadout list, a colour, a whole save record.","Alles - ein Startwert für einen Durchlauf, eine Ausrüstungsliste, eine Farbe, ein ganzer Spielstand."
Copy Share Code To Clipboard,Freigabecode in die Zwischenablage kopieren
"Encodes any value as a share code and puts it straight on the operating system clipboard, ready to paste.","Kodiert jeden Wert als Freigabecode und legt ihn direkt in die Zwischenablage des Betriebssystems, bereit zum Einfügen."
copy share code for [b]{value}[/b] to clipboard,Freigabecode für [b]{value}[/b] in die Zwischenablage kopieren
"Anything - a run seed, a loadout list, a whole save record.","Alles - ein Startwert für einen Durchlauf, eine Ausrüstungsliste, ein ganzer Spielstand."
Share Code Is Valid,Freigabecode ist gültig
"True when the text really is a share code that decodes cleanly, so a paste box can refuse garbage before it reaches the game. Ask it when the pasted text CHANGES (a Paste button, On Text Changed) rather than every frame: a code mangled in transit can still reach the decoder, and the engine logs a line each time it is refused. A code that was made from nothing at all also reads as invalid.","Wahr, wenn der Text wirklich ein Freigabecode ist, der sauber dekodiert - so kann ein Einfügefeld Unsinn abweisen, bevor er das Spiel erreicht. Frage sie, wenn sich der eingefügte Text ÄNDERT (ein Einfügen-Knopf, Bei Textänderung), nicht in jedem Frame: ein unterwegs beschädigter Code erreicht den Dekoder trotzdem, und die Engine schreibt bei jeder Ablehnung eine Zeile ins Protokoll. Ein Code, der aus gar nichts gemacht wurde, gilt ebenfalls als ungültig."
[b]{code}[/b] is a valid share code,[b]{code}[/b] ist ein gültiger Freigabecode
Code,Code
The pasted text to test - usually Clipboard Text or a paste box's text.,"Der eingefügte Text, der geprüft wird - meist Zwischenablagetext oder der Text eines Einfügefelds."
Value From Share Code,Wert aus Freigabecode
"Reads the value back out of a share code, giving nothing when the text is not a valid code.","Liest den Wert wieder aus einem Freigabecode heraus und gibt nichts zurück, wenn der Text kein gültiger Code ist."
value from share code [b]{code}[/b],Wert aus Freigabecode [b]{code}[/b]
The share code text to read - check it with Share Code Is Valid first.,Der zu lesende Freigabecode-Text - prüfe ihn zuerst mit Freigabecode ist gültig.
Clipboard Has Text,Zwischenablage enthält Text
True when the operating system clipboard currently holds any text - gate a paste box on it.,"Wahr, wenn die Zwischenablage des Betriebssystems gerade irgendeinen Text enthält - sperre ein Einfügefeld damit ab."
clipboard has text,Zwischenablage enthält Text
Clipboard Has Image,Zwischenablage enthält ein Bild
"True when the operating system clipboard currently holds an image, such as a screenshot the player just copied.","Wahr, wenn die Zwischenablage des Betriebssystems gerade ein Bild enthält, etwa einen Screenshot, den der Spieler eben kopiert hat."
clipboard has an image,Zwischenablage enthält ein Bild
Clipboard Image,Bild der Zwischenablage
The image currently on the operating system clipboard - feed it to ImageTexture.create_from_image to show it.,"Das Bild, das gerade in der Zwischenablage des Betriebssystems liegt - gib es an ImageTexture.create_from_image, um es anzuzeigen."
clipboard image,Bild der Zwischenablage
Clipboard Text Is,Zwischenablagetext ist
"Compares whatever text is on the clipboard against a value, with your choice of operator.","Vergleicht den Text in der Zwischenablage mit einem Wert, mit dem Operator deiner Wahl."
clipboard text {op} [b]{value}[/b],Zwischenablagetext {op} [b]{value}[/b]
Operator,Operator
Comparison.,Vergleich.
= (equal to),= (gleich)
!= (not equal to),!= (ungleich)
< (less than),< (kleiner als)
<= (at most),<= (höchstens)
> (greater than),> (größer als)
>= (at least),>= (mindestens)
Text to compare the clipboard against.,"Text, mit dem die Zwischenablage verglichen wird."
Clone Into,Klonen in
"Copies a live node, adds the copy to a parent, places it and optionally puts it in a group - the one-row form of Duplicate Node plus Add Child plus Set Position. Use Spawn Scene when you are starting from a .tscn file instead.","Kopiert einen lebenden Node, hängt die Kopie an einen Elternknoten, platziert sie und legt sie auf Wunsch in eine Gruppe - die Ein-Zeilen-Form von Node duplizieren plus Kind hinzufügen plus Position setzen. Wenn du von einer .tscn-Datei ausgehst, nimm stattdessen Szene erzeugen."
Nodes,Nodes
"clone [i]{source}[/i] into [i]{parent}[/i] at [b]{at}[/b], group [b]{group}[/b]","[i]{source}[/i] in [i]{parent}[/i] klonen, bei [b]{at}[/b], Gruppe [b]{group}[/b]"
The live node to copy.,"Der lebende Node, der kopiert wird."
Into,In
Where the copy is added.,Wohin die Kopie gehängt wird.
At,Bei
World position for the copy (a Vector3 for a 3D node). Only used when the copy has a position.,"Weltposition der Kopie (ein Vector3 für einen 3D-Node). Wird nur verwendet, wenn die Kopie überhaupt eine Position hat."
Optional group for the copy (blank = none).,Optionale Gruppe für die Kopie (leer = keine).
Remember Value As,Wert merken als
"Copies any value aside under a name, in memory, for this run - the before-value for a preview, a buff or a cutscene. For memory that survives closing the game use Remember Between Runs on the variable, or the Save System pack.","Legt einen beliebigen Wert unter einem Namen im Arbeitsspeicher beiseite, für diesen Durchlauf - der Vorher-Wert für eine Vorschau, einen Buff oder eine Zwischensequenz. Für ein Gedächtnis, das das Schließen des Spiels überlebt, nimm Zwischen Läufen merken an der Variablen oder das Speichersystem-Pack."
Run Context,Laufkontext
remember [b]{value}[/b] as [b]{name}[/b],[b]{value}[/b] als [b]{name}[/b] merken
Any label you also use in Restore Value Into.,"Ein beliebiges Etikett, das du auch in Wert zurückholen nach verwendest."
The value to copy aside.,"Der Wert, der beiseitegelegt wird."
Restore Value Into,Wert zurückholen nach
Pours a remembered value back into a variable. When nothing was remembered under that name the variable keeps what it already had.,"Gießt einen gemerkten Wert zurück in eine Variable. Wurde unter diesem Namen nichts gemerkt, behält die Variable, was sie schon hatte."
restore [b]{name}[/b] into [b]{var_name}[/b],[b]{name}[/b] nach [b]{var_name}[/b] zurückholen
The label used in Remember Value As.,"Das Etikett, das in Wert merken als verwendet wurde."
Into Variable,In Variable
Variable that receives the remembered value (left alone when nothing was remembered).,"Variable, die den gemerkten Wert erhält (bleibt unangetastet, wenn nichts gemerkt wurde)."
Remembered Value,Gemerkter Wert
"The value remembered under a name this run, or your fallback when there is none - read it without pouring it back.","Der Wert, der in diesem Durchlauf unter einem Namen gemerkt wurde, oder dein Ersatzwert, wenn es keinen gibt - lesen, ohne ihn zurückzugießen."
remembered [b]{name}[/b] or [b]{fallback}[/b],gemerktes [b]{name}[/b] oder [b]{fallback}[/b]
Or,Oder
What you get when nothing was remembered under that name.,"Was du bekommst, wenn unter diesem Namen nichts gemerkt wurde."
Has Remembered,Hat gemerkt
True when something was remembered under that name this run - the gate on a Cancel button that should only undo a preview it actually took.,"Wahr, wenn in diesem Durchlauf etwas unter diesem Namen gemerkt wurde - die Sperre für einen Abbrechen-Knopf, der nur eine tatsächlich gemachte Vorschau zurücknehmen soll."
has remembered [b]{name}[/b],hat [b]{name}[/b] gemerkt
Forget Remembered,Gemerktes vergessen
"Drops a remembered value, so Has Remembered reads false again. Forgetting a name that was never remembered is harmless.","Verwirft einen gemerkten Wert, sodass Hat gemerkt wieder falsch ist. Einen Namen zu vergessen, der nie gemerkt wurde, schadet nicht."
forget remembered [b]{name}[/b],gemerktes [b]{name}[/b] vergessen
Resources In Folder,Ressourcen im Ordner
"Loads every data asset (.tres) in a folder as a list, so a folder of files becomes your content - items, enemies, levels, or a mod folder. A missing folder gives an empty list, and a file that fails to load is left out rather than arriving as nothing.","Lädt jedes Daten-Asset (.tres) eines Ordners als Liste, sodass ein Ordner voller Dateien zu deinem Inhalt wird - Gegenstände, Gegner, Level oder ein Mod-Ordner. Ein fehlender Ordner ergibt eine leere Liste, und eine Datei, die sich nicht laden lässt, fällt heraus, statt als Nichts anzukommen."
Files,Dateien
resources in [b]{folder}[/b],Ressourcen in [b]{folder}[/b]
Folder,Ordner
"Folder to scan (not recursive). Every .tres / .res inside it is loaded, in the folder's own order.","Zu durchsuchender Ordner (nicht rekursiv). Jede .tres / .res darin wird geladen, in der Reihenfolge des Ordners."
Resource In Folder,Ressource im Ordner
"Fetches one data asset out of a folder by its file name, or nothing at all when there is no such file - no red error.","Holt ein einzelnes Daten-Asset über seinen Dateinamen aus einem Ordner, oder gar nichts, wenn es die Datei nicht gibt - ohne roten Fehler."
resource [b]{name}[/b] in [b]{folder}[/b],Ressource [b]{name}[/b] in [b]{folder}[/b]
Folder holding the data assets.,"Ordner, der die Daten-Assets enthält."
"File name WITHOUT the .tres extension - ""rusty_sword"" finds rusty_sword.tres.","Dateiname OHNE die Endung .tres - ""rusty_sword"" findet rusty_sword.tres."
Load Resource Or Default,Ressource laden oder Standard
"Loads a file and hands back your fallback when it is missing, so a deleted or mod-supplied file never crashes the game.","Lädt eine Datei und gibt deinen Ersatzwert zurück, wenn sie fehlt - so bringt eine gelöschte oder von einem Mod gelieferte Datei das Spiel nie zum Absturz."
load [b]{path}[/b] or [i]{fallback}[/i],[b]{path}[/b] laden oder [i]{fallback}[/i]
Path,Pfad
Full path to the resource or scene to load.,Vollständiger Pfad zur zu ladenden Ressource oder Szene.
Fallback,Ersatzwert
"What to use instead when the file is not there (a preloaded default, or null).","Was stattdessen verwendet wird, wenn die Datei fehlt (ein vorgeladener Standard oder null)."
Count Of Resources In,Anzahl der Ressourcen in
"How many data assets a folder holds, counted without loading any of them - zero if the folder is missing.","Wie viele Daten-Assets ein Ordner enthält, gezählt ohne eines davon zu laden - null, wenn der Ordner fehlt."
count of resources in [b]{folder}[/b],Anzahl der Ressourcen in [b]{folder}[/b]
Folder to count data assets in (not recursive).,"Ordner, in dem Daten-Assets gezählt werden (nicht rekursiv)."
Copy Resource (Independent),Ressource kopieren (unabhängig)
"Makes a private copy of a resource, right down to the resources inside it, so writing to the copy never changes the .tres on disk or any other node holding it. Use this before a node edits its own stats.","Erstellt eine private Kopie einer Ressource, bis hinunter zu den Ressourcen darin, sodass Schreiben in die Kopie niemals die .tres auf der Festplatte oder einen anderen Node ändert, der sie hält. Nimm das, bevor ein Node seine eigenen Werte bearbeitet."
Helpers,Helfer
independent copy of [i]{resource}[/i],unabhängige Kopie von [i]{resource}[/i]
Resource,Ressource
The resource to copy. Anything that is not a resource (including nothing at all) gives nothing back.,"Die zu kopierende Ressource. Alles, was keine Ressource ist (auch gar nichts), gibt nichts zurück."
Copy Resource (Share Sub-Resources),Ressource kopieren (Unterressourcen geteilt)
Makes a cheap copy whose own fields are separate but whose inner resources and lists are still SHARED with the original. Pick this only when you want that sharing - otherwise use Copy Resource (Independent).,"Erstellt eine billige Kopie, deren eigene Felder getrennt sind, deren innere Ressourcen und Listen aber weiterhin GETEILT werden. Wähle das nur, wenn du genau dieses Teilen willst - sonst nimm Ressource kopieren (unabhängig)."
copy of [i]{resource}[/i] (sub-resources shared),Kopie von [i]{resource}[/i] (Unterressourcen geteilt)
Deep Copy,Tiefe Kopie
"Copies the array AND every list or dictionary nested inside it, so editing the copy cannot reach back into the original. Copy Array only copies the outer level.","Kopiert das Array UND jede darin verschachtelte Liste oder jedes Dictionary, sodass Änderungen an der Kopie nicht ins Original zurückreichen. Array kopieren kopiert nur die äußere Ebene."
Variables: Array,Variablen: Array
deep copy of [b]{var_name}[/b],tiefe Kopie von [b]{var_name}[/b]
Array,Array
Array variable to copy right through.,"Array-Variable, die vollständig durchkopiert wird."
"Copies the dictionary AND every list or dictionary nested inside it, so editing the copy cannot reach back into the original. Copy Dictionary only copies the outer level.","Kopiert das Dictionary UND jede darin verschachtelte Liste oder jedes Dictionary, sodass Änderungen an der Kopie nicht ins Original zurückreichen. Dictionary kopieren kopiert nur die äußere Ebene."
Variables: Dictionary,Variablen: Dictionary
Dictionary,Dictionary
Dictionary variable to copy right through.,"Dictionary-Variable, die vollständig durchkopiert wird."
Copy Values From,Werte übernehmen von
"Pours a list of values off another object onto this one, in one row instead of one row per property. Names the target does not have are skipped, so a single preset can serve several kinds of node.","Gießt eine Liste von Werten von einem anderen Objekt auf dieses, in einer Zeile statt einer Zeile pro Eigenschaft. Namen, die das Ziel nicht hat, werden übersprungen - so kann eine einzige Vorlage mehrere Node-Arten bedienen."
copy [b]{names}[/b] from [i]{source}[/i] into [i]{target}[/i],[b]{names}[/b] von [i]{source}[/i] nach [i]{target}[/i] kopieren
The object being written to - it is what changes.,"Das Objekt, in das geschrieben wird - es ist das, was sich ändert."
The object to read from - a node OR a resource.,"Das Objekt, aus dem gelesen wird - ein Node ODER eine Ressource."
Names,Namen
Comma-separated property names. Leave blank to copy every variable the source's script declares.,"Kommagetrennte Eigenschaftsnamen. Leer lassen, um jede Variable zu kopieren, die das Skript der Quelle deklariert."
Fill Blanks From,Lücken füllen aus
"Writes a base's values ONLY into fields this object left empty, leaving everything you did fill in alone. That is the override chain: a base item plus a rarity variant, or a shipped table plus a mod file. Empty means nothing there: no value at all, blank text, an empty list or an empty record - a 0 and a false are real values and are kept, exactly as Is Nothing and Missing Fields read them.","Schreibt die Werte einer Basis NUR in Felder, die dieses Objekt leer gelassen hat, und lässt alles Ausgefüllte in Ruhe. Das ist die Überschreibungskette: ein Basisgegenstand plus eine Seltenheitsvariante, oder eine mitgelieferte Tabelle plus eine Mod-Datei. Leer heißt: gar nichts da - kein Wert, leerer Text, eine leere Liste oder ein leerer Datensatz. Eine 0 und ein Falsch sind echte Werte und bleiben erhalten, genau wie Ist nichts und Fehlende Felder es lesen."
fill blanks in [i]{target}[/i] from [i]{base}[/i],Lücken in [i]{target}[/i] aus [i]{base}[/i] füllen
Fill,Füllen
The one being completed - it is what changes.,"Das, was vervollständigt wird - es ist das, was sich ändert."
Where the missing values come from.,Woher die fehlenden Werte kommen.
Apply Preset To Node,Vorlage auf Node anwenden
"Pours a data asset's fields onto the same-named properties of a node, so difficulty tiers, weapon tunings and boss phases become a data edit instead of a wall of rows.","Gießt die Felder eines Daten-Assets auf die gleichnamigen Eigenschaften eines Nodes - so werden Schwierigkeitsstufen, Waffenabstimmungen und Bossphasen zu einer Datenänderung statt zu einer Wand aus Zeilen."
apply preset [b]{preset}[/b] to [i]{target}[/i],Vorlage [b]{preset}[/b] auf [i]{target}[/i] anwenden
Preset,Vorlage
The data asset to pour on (a .tres you filled in the Inspector). Nothing happens if it is empty.,"Das aufzugießende Daten-Asset (eine .tres, die du im Inspektor gefüllt hast). Ist es leer, passiert nichts."
The node to apply it to.,"Der Node, auf den es angewendet wird."
Matches Properties Of,Stimmt in Eigenschaften überein mit
"True while the listed properties hold the same values on both objects - the cheap 'is this ghost still in sync' or 'has anything changed' check. A name neither object has reads as NOT matching, so a typo shows up instead of quietly passing, and either side being gone reads as not matching too.","Wahr, solange die aufgeführten Eigenschaften auf beiden Objekten dieselben Werte tragen - die billige Prüfung 'läuft dieser Geist noch synchron' oder 'hat sich etwas geändert'. Ein Name, den keines der Objekte hat, gilt als NICHT übereinstimmend, sodass ein Tippfehler auffällt statt stillschweigend durchzugehen; und wenn eine Seite verschwunden ist, gilt das ebenfalls als nicht übereinstimmend."
[i]{target}[/i] matches [b]{names}[/b] of [i]{other}[/i],[i]{target}[/i] stimmt in [b]{names}[/b] mit [i]{other}[/i] überein
Object,Objekt
The object to test.,Das zu prüfende Objekt.
"Comma-separated property names to compare. A blank list has nothing to compare, so it is true.",Kommagetrennte Eigenschaftsnamen zum Vergleichen. Eine leere Liste hat nichts zu vergleichen und ist daher wahr.
Of,Von
The object to compare against.,"Das Objekt, mit dem verglichen wird."
Data Is Older Than Version,Daten sind älter als Version
"True when a loaded record was written by an older build than this one - the gate a migration sits under. A record with NO version field counts as 0, so the very first format upgrades too, and so does one whose version field is empty or is not a number at all.","Wahr, wenn ein geladener Datensatz von einem älteren Build als diesem geschrieben wurde - die Sperre, unter der eine Migration sitzt. Ein Datensatz OHNE Versionsfeld zählt als 0, sodass auch das allererste Format aktualisiert wird, ebenso einer, dessen Versionsfeld leer oder gar keine Zahl ist."
[b]{record}[/b] is older than version [b]{version}[/b],[b]{record}[/b] ist älter als Version [b]{version}[/b]
Record,Datensatz
"The parsed record (a save file, a payload, a manifest).","Der eingelesene Datensatz (eine Speicherdatei, eine Nutzlast, ein Manifest)."
Field,Feld
Which field holds the version number.,Welches Feld die Versionsnummer enthält.
Version,Version
The version this build writes.,"Die Version, die dieser Build schreibt."
Rename Field,Feld umbenennen
"Moves a value to its new field name, and does nothing at all when the old name is not there - so a migration is safe to run twice.","Verschiebt einen Wert auf seinen neuen Feldnamen und tut gar nichts, wenn der alte Name nicht da ist - so lässt sich eine Migration gefahrlos zweimal ausführen."
rename [b]{from_field}[/b] to [b]{to_field}[/b] in [i]{record}[/i],[b]{from_field}[/b] in [i]{record}[/i] zu [b]{to_field}[/b] umbenennen
"The record to migrate, edited in place.","Der zu migrierende Datensatz, direkt an Ort und Stelle bearbeitet."
The old field name.,Der alte Feldname.
The new field name (overwritten if it is already there).,"Der neue Feldname (wird überschrieben, wenn er schon da ist)."
Stamp Data Version,Datenversion stempeln
"Writes the current format number onto a record, so the next load knows it has already been migrated. Data Is Older Than Version reads it back, and reads it as 0 when it is missing or is not a number.","Schreibt die aktuelle Formatnummer auf einen Datensatz, sodass das nächste Laden weiß, dass er bereits migriert wurde. Daten sind älter als Version liest sie zurück - und liest sie als 0, wenn sie fehlt oder keine Zahl ist."
stamp [i]{record}[/i] as version [b]{version}[/b],[i]{record}[/i] als Version [b]{version}[/b] stempeln
The record to stamp.,"Der Datensatz, der gestempelt wird."
The version this build writes - a whole number.,"Die Version, die dieser Build schreibt - eine ganze Zahl."
Table From File,Tabelle aus Datei
"Reads a .csv whose FIRST line is the column names and gives you one record per row, each field reachable by column name - row[""price""]. Quoted cells may contain the separator, Windows line endings are fine, and a missing file simply gives no rows. Store it in an Array variable, then walk it with a For Each pick filter.","Liest eine .csv, deren ERSTE Zeile die Spaltennamen enthält, und gibt dir einen Datensatz pro Zeile, jedes Feld über den Spaltennamen erreichbar - row[""price""]. Zellen in Anführungszeichen dürfen das Trennzeichen enthalten, Windows-Zeilenenden sind in Ordnung, und eine fehlende Datei ergibt einfach keine Zeilen. Lege das Ergebnis in einer Array-Variablen ab und laufe dann mit einem Für-jedes-Auswahlfilter darüber."
Files: Tables,Dateien: Tabellen
rows of [b]{path}[/b],Zeilen von [b]{path}[/b]
File,Datei
The .csv to read. Its FIRST line must be the column names.,Die zu lesende .csv. Ihre ERSTE Zeile müssen die Spaltennamen sein.
Separator,Trennzeichen
What separates the columns in that file.,Was die Spalten in dieser Datei trennt.
Comma,Komma
Semicolon,Semikolon
Tab,Tabulator
Table From Text,Tabelle aus Text
"The same column-names-first parse as Table From File, but over text you already hold instead of a file on disk.","Dieselbe Auswertung mit Spaltennamen in der ersten Zeile wie bei Tabelle aus Datei, aber über Text, den du schon hast, statt über eine Datei auf der Festplatte."
rows in [b]{text}[/b],Zeilen in [b]{text}[/b]
"Spreadsheet text you already have - a pasted blob, a downloaded body, a file you read earlier. FIRST line = the column names.","Tabellentext, den du schon hast - ein eingefügter Block, ein heruntergeladener Textkörper, eine früher gelesene Datei. ERSTE Zeile = die Spaltennamen."
Column Of Table,Spalte der Tabelle
"Gives one whole column as a list, in row order - handy for a dropdown's items, a weights list, or a quick sum. A row missing that column contributes empty text.","Gibt eine ganze Spalte als Liste in Zeilenreihenfolge - praktisch für die Einträge eines Auswahlfelds, eine Gewichtungsliste oder eine schnelle Summe. Eine Zeile ohne diese Spalte steuert leeren Text bei."
column [b]{column}[/b] of [b]{table}[/b],Spalte [b]{column}[/b] von [b]{table}[/b]
Table,Tabelle
The rows-of-records variable a Table From File (or Table From Text) expression filled.,"Die Variable mit Zeilen als Datensätze, die ein Ausdruck Tabelle aus Datei (oder Tabelle aus Text) gefüllt hat."
Column,Spalte
"The column name to read, exactly as it is spelled in the header row.","Der zu lesende Spaltenname, genau so geschrieben wie in der Kopfzeile."
Row Where,"Zeile, in der"
"Finds the FIRST record whose column holds this value - the single-item lookup, e.g. the row for item ""sword"". Gives an empty record when nothing matches, so check it with Dictionary Is Empty before reading fields.","Findet den ERSTEN Datensatz, dessen Spalte diesen Wert enthält - die Einzelabfrage, z. B. die Zeile für den Gegenstand ""sword"". Passt nichts, kommt ein leerer Datensatz zurück; prüfe ihn daher mit Dictionary ist leer, bevor du Felder liest."
row of [b]{table}[/b] where [b]{column}[/b] is [b]{value}[/b],"Zeile von [b]{table}[/b], in der [b]{column}[/b] gleich [b]{value}[/b] ist"
"The column to match on, exactly as it is spelled in the header row.","Die Spalte, auf die verglichen wird, genau so geschrieben wie in der Kopfzeile."
Is,Ist
"The value to look for. Compared as text, so 25 and ""25"" both match a cell reading 25.","Der gesuchte Wert. Verglichen wird als Text, daher passen sowohl 25 als auch ""25"" auf eine Zelle mit 25."
For Each Line In Text,Für jede Zeile im Text
"Runs this event's actions once per LINE of the text, skipping blank ones. Windows (CRLF) and old-Mac (CR) endings are handled, so no line arrives with a stray carriage return. Read the current one as `line`.","Führt die Aktionen dieses Ereignisses einmal pro ZEILE des Textes aus und überspringt leere. Windows- (CRLF) und alte Mac-Enden (CR) werden behandelt, sodass keine Zeile mit einem übrig gebliebenen Wagenrücklauf ankommt. Die aktuelle liest du als `line`."
Loops,Schleifen
for each line in [b]{text}[/b],für jede Zeile in [b]{text}[/b]
"The text to walk line by line - a file you read, a pasted blob, a leaderboard body.","Der Text, der Zeile für Zeile durchlaufen wird - eine gelesene Datei, ein eingefügter Block, ein Bestenlisten-Textkörper."
For Each Part In Text,Für jeden Teil im Text
"Runs this event's actions once per PIECE of the text. Each piece arrives with its surrounding spaces trimmed, and empty pieces are skipped, so ""sword; shield;; bow"" is three parts. Read the current one as `part`.","Führt die Aktionen dieses Ereignisses einmal pro STÜCK des Textes aus. Jedes Stück kommt ohne umgebende Leerzeichen an, leere Stücke werden übersprungen - ""sword; shield;; bow"" sind also drei Teile. Das aktuelle liest du als `part`."
for each part of [b]{text}[/b] split by [b]{separator}[/b],"für jeden Teil von [b]{text}[/b], getrennt durch [b]{separator}[/b]"
"The text to break up - a tag list, a chat command's arguments, one cell of a spreadsheet.","Der Text, der zerlegt wird - eine Etikettenliste, die Argumente eines Chat-Befehls, eine einzelne Tabellenzelle."
Split by,Getrennt durch
"What separates the pieces, e.g. "","" or "";"" or "" "".","Was die Stücke trennt, z. B. "","" oder "";"" oder "" ""."
For Each Resource In Folder,Für jede Ressource im Ordner
"Runs this event's actions once per data asset (.tres / .res) in a folder, already loaded - the ""a folder of items IS my item list"" setup, with no list to maintain. A folder that is not there walks nothing (quietly - it is checked first, so a loop that runs every frame cannot spam errors), and anything that fails to load is skipped rather than arriving as null. Read the current one as `entry`.","Führt die Aktionen dieses Ereignisses einmal pro Daten-Asset (.tres / .res) in einem Ordner aus, bereits geladen - der Aufbau ""ein Ordner voller Gegenstände IST meine Gegenstandsliste"", ohne gepflegte Liste. Ein Ordner, den es nicht gibt, durchläuft nichts (still - er wird zuerst geprüft, damit eine Schleife in jedem Frame keine Fehler spammt), und was sich nicht laden lässt, wird übersprungen statt als null anzukommen. Das aktuelle liest du als `entry`."
for each resource in [b]{folder}[/b],für jede Ressource in [b]{folder}[/b]
Folder of data assets to walk. Only .tres / .res files are loaded; anything else in there is ignored.,"Ordner mit Daten-Assets, der durchlaufen wird. Nur .tres- / .res-Dateien werden geladen; alles andere darin wird ignoriert."
Text Before,Text davor
"The part of the text before the first marker: Text Before(""Ada [angry]: hi"", "" ["") is ""Ada"". When the marker is not there you get the whole text back, so nothing is silently lost.","Der Teil des Textes vor der ersten Marke: Text davor(""Ada [angry]: hi"", "" ["") ist ""Ada"". Fehlt die Marke, bekommst du den ganzen Text zurück, sodass nichts stillschweigend verloren geht."
the part of {text} before {marker},der Teil von {text} vor {marker}
The line to read a piece out of.,"Die Zeile, aus der ein Stück gelesen wird."
Before,Davor
The marker to stop at (the first one wins).,"Die Marke, an der gestoppt wird (die erste gewinnt)."
Text After,Text danach
"Everything after the first marker: Text After(""Ada [angry]: hi"", ""]: "") is ""hi"". Empty when the marker is not there, because then there is no ""after"".","Alles nach der ersten Marke: Text danach(""Ada [angry]: hi"", ""]: "") ist ""hi"". Leer, wenn die Marke fehlt, denn dann gibt es kein ""danach""."
the part of {text} after {marker},der Teil von {text} nach {marker}
After,Danach
The marker to start after (the first one wins).,"Die Marke, nach der begonnen wird (die erste gewinnt)."
Text Between,Text dazwischen
"The part between two markers: Text Between(""Ada [angry]: hi"", ""["", ""]"") is ""angry"". Empty when the opening marker is missing, and the rest of the text when the closing one is.","Der Teil zwischen zwei Marken: Text dazwischen(""Ada [angry]: hi"", ""["", ""]"") ist ""angry"". Leer, wenn die öffnende Marke fehlt, und der Rest des Textes, wenn die schließende fehlt."
the part of {text} between {open} and {close},der Teil von {text} zwischen {open} und {close}
The opening marker.,Die öffnende Marke.
The closing marker.,Die schließende Marke.
Number In Text,Zahl im Text
"The first number found anywhere in the text, whole or decimal: ""Chapter 3"" gives 3, ""v1.25-beta"" gives 1.25. You get 0 when there is no number at all, and you never write a pattern.","Die erste Zahl, die irgendwo im Text auftaucht, ganz oder mit Komma: ""Chapter 3"" ergibt 3, ""v1.25-beta"" ergibt 1.25. Ohne jede Zahl bekommst du 0 - und du schreibst nie ein Muster."
the first number in {text},die erste Zahl in {text}
Text that has a number somewhere in it.,"Text, in dem irgendwo eine Zahl steckt."
Split Keeping Quotes,Trennen und Anführungszeichen beachten
"Splits text on a separator but keeps anything inside ""double quotes"" together as one piece, and drops the quotes: give ""iron sword"" 2 is three pieces, not four. Empty pieces are skipped, so runs of separators never produce blanks.","Trennt Text an einem Trennzeichen, hält aber alles innerhalb von ""doppelten Anführungszeichen"" als ein Stück zusammen und wirft die Anführungszeichen weg: give ""iron sword"" 2 sind drei Stücke, nicht vier. Leere Stücke werden übersprungen, sodass Folgen von Trennzeichen nie Leereinträge erzeugen."
"pieces of {text}, keeping quotes together","Stücke von {text}, Anführungszeichen zusammengehalten"
"The line to split - a console entry, a search box, a pasted cell.","Die zu trennende Zeile - eine Konsoleneingabe, ein Suchfeld, eine eingefügte Zelle."
What separates the pieces OUTSIDE quotes.,Was die Stücke AUSSERHALB von Anführungszeichen trennt.
Explain JSON Problem,JSON-Problem erklären
"Why this JSON failed to parse, with the line: ""line 4: Expected ':'"". Empty when it parses fine, so an empty result IS the all-clear. Log it and the bug report writes itself. Branch on this verb's own emptiness (Text Is Blank, inverted) rather than on JSON Is Valid: that condition reads a file holding just the word null as invalid, and this one has nothing to say about it, so pairing them logs an error with a blank reason.","Warum dieses JSON nicht eingelesen werden konnte, mit Zeilenangabe: ""line 4: Expected ':'"". Leer, wenn es sauber einliest - ein leeres Ergebnis IST also die Entwarnung. Ins Protokoll damit, und der Fehlerbericht schreibt sich von selbst. Verzweige über die Leerheit DIESES Verbs (Text ist leer, umgekehrt) statt über JSON ist gültig: jene Bedingung liest eine Datei, die nur das Wort null enthält, als ungültig, während dieses Verb dazu nichts zu sagen hat - zusammen protokollieren die beiden also einen Fehler ohne Begründung."
JSON,JSON
why {text} is not valid JSON,warum {text} kein gültiges JSON ist
"The JSON text to check - a file you read, a paste, a server reply.","Der zu prüfende JSON-Text - eine gelesene Datei, ein Einfügen, eine Serverantwort."
Explain Table Problem,Tabellenproblem erklären
"The first cell of a table that should be a number and is not, said out loud: ""row 12, column ""price"": ""abc"" is not a number"". Rows are counted from 1 over the rows you hold - Table From File has already used up the header line, so row 12 is line 13 of the file. A row that is not a record at all is reported too. Empty when every listed column checks out.","Die erste Zelle einer Tabelle, die eine Zahl sein sollte und keine ist, laut ausgesprochen: ""row 12, column ""price"": ""abc"" is not a number"". Zeilen werden ab 1 über die Zeilen gezählt, die du hältst - Tabelle aus Datei hat die Kopfzeile bereits verbraucht, Zeile 12 ist also Zeile 13 der Datei. Eine Zeile, die gar kein Datensatz ist, wird ebenfalls gemeldet. Leer, wenn jede genannte Spalte in Ordnung ist."
what is wrong in {records},was in {records} nicht stimmt
Rows,Zeilen
"A list of records - one per row, each field reachable by column name.","Eine Liste von Datensätzen - einer pro Zeile, jedes Feld über den Spaltennamen erreichbar."
Number columns,Zahlenspalten
The columns that must hold numbers.,"Die Spalten, die Zahlen enthalten müssen."
Missing Fields,Fehlende Felder
"The listed fields that are missing or left blank, comma-separated, and empty when the record is complete. Blank means nothing there: null, empty text, an empty list or an empty record - a 0 is a real value and is never reported.","Die aufgeführten Felder, die fehlen oder leer geblieben sind, kommagetrennt - und leer, wenn der Datensatz vollständig ist. Leer heißt: gar nichts da - null, leerer Text, eine leere Liste oder ein leerer Datensatz. Eine 0 ist ein echter Wert und wird nie gemeldet."
the fields missing from {record},"die Felder, die in {record} fehlen"
A record or a resource to check.,"Ein Datensatz oder eine Ressource, die geprüft wird."
Fields,Felder
"The fields it must have filled in, separated by commas.","Die Felder, die ausgefüllt sein müssen, durch Kommas getrennt."
Shorten To Fit,Kürzen auf Breite
"Trims text to a maximum number of characters and marks the cut with the ending you choose, so a clipped name never reads as the whole name. Text that already fits comes back untouched, and the result never runs past the width you gave - a width too narrow to hold the ending simply cuts without one. Cuts mid-word: use Shorten To Whole Words when the cut should land on a word boundary.","Kürzt Text auf eine Höchstzahl von Zeichen und markiert den Schnitt mit dem Ende deiner Wahl, sodass ein abgeschnittener Name nie wie der ganze Name aussieht. Text, der schon passt, kommt unverändert zurück, und das Ergebnis läuft nie über die angegebene Breite hinaus - eine Breite, die zu schmal für das Ende ist, schneidet einfach ohne. Schneidet mitten im Wort: nimm Kürzen auf ganze Wörter, wenn der Schnitt auf eine Wortgrenze fallen soll."
shorten [b]{text}[/b] to [b]{max_chars}[/b] characters,[b]{text}[/b] auf [b]{max_chars}[/b] Zeichen kürzen
The text that has to fit.,"Der Text, der passen muss."
Max characters,Höchstzahl Zeichen
"The widest the result may get, in characters, counting the ending below.","Wie breit das Ergebnis höchstens werden darf, in Zeichen, das Ende unten mitgezählt."
Ending,Ende
"What marks the cut, e.g. ""..."" or a single ellipsis character. Its own length is taken out of the budget.","Was den Schnitt markiert, z. B. ""..."" oder ein einzelnes Auslassungszeichen. Seine eigene Länge geht vom Budget ab."
Shorten To Whole Words,Kürzen auf ganze Wörter
"Like Shorten To Fit, but backs up to the last complete word before cutting, so ""Ancient Sword of Thorns"" reads ""Ancient Sword..."" instead of ""Ancient Sword of Th"". When the budget holds no whole word (one very long word) it falls back to cutting by characters, and when it is too narrow to hold the ending at all it cuts without one - so the result is never just the ending, and never wider than you asked for.","Wie Kürzen auf Breite, geht aber vor dem Schnitt bis zum letzten vollständigen Wort zurück, sodass ""Ancient Sword of Thorns"" als ""Ancient Sword..."" erscheint statt als ""Ancient Sword of Th"". Passt kein ganzes Wort ins Budget (ein einziges sehr langes Wort), wird auf zeichenweises Kürzen zurückgefallen; ist es zu schmal, um das Ende überhaupt zu tragen, wird ohne Ende geschnitten - das Ergebnis ist also nie nur das Ende und nie breiter als verlangt."
shorten [b]{text}[/b] to whole words within [b]{max_chars}[/b],[b]{text}[/b] auf ganze Wörter innerhalb von [b]{max_chars}[/b] kürzen
With Thousands Separators,Mit Tausendertrennzeichen
"Turns a number into grouped digits a player can take in at a glance: 1234567 reads ""1,234,567"". Whole numbers only (the fraction is dropped); a negative keeps its minus sign. For idle-game scale (1.23e15, ""1.23 Qa"") reach for the Big Numbers pack instead.","Verwandelt eine Zahl in gruppierte Ziffern, die ein Spieler auf einen Blick erfasst: 1234567 erscheint als ""1,234,567"". Nur ganze Zahlen (der Nachkommateil entfällt); ein negativer Wert behält sein Minuszeichen. Für Idle-Größenordnungen (1.23e15, ""1.23 Qa"") greif stattdessen zum Pack Große Zahlen."
[b]{value}[/b] with thousands separators,[b]{value}[/b] mit Tausendertrennzeichen
The number to make readable. Anything after the decimal point is dropped.,"Die Zahl, die lesbar gemacht wird. Alles nach dem Komma entfällt."
As Percent Text,Als Prozenttext
"Turns a fraction into percent TEXT with the sign on it: 0.73 reads ""73%"". Feed it a 0-to-1 value (Percent Of already returns 0-to-100, so divide that by 100 or use the raw fraction).","Verwandelt einen Bruchteil in Prozent-TEXT samt Zeichen: 0.73 erscheint als ""73%"". Gib ihm einen Wert von 0 bis 1 (Prozent von liefert bereits 0 bis 100, teile das also durch 100 oder nimm den rohen Bruchteil)."
[b]{value}[/b] as a percent,[b]{value}[/b] als Prozent
Fraction,Bruchteil
"A fraction where 1.0 means full, e.g. health / max_health.","Ein Bruchteil, bei dem 1.0 voll bedeutet, z. B. health / max_health."
Decimals,Nachkommastellen
Digits after the decimal point. 0 gives a whole percent.,Ziffern nach dem Komma. 0 ergibt ganze Prozent.
As Duration,Als Dauer
"Seconds as a duration that survives passing an hour: 3725 reads ""1h 02m"" and 90 reads ""1m 30s"". A negative duration reads as zero. Use As Clock Time when you want strict mm:ss (it rolls an hour into ""60:00"").","Sekunden als Dauer, die auch über eine Stunde hinaus stimmt: 3725 erscheint als ""1h 02m"", 90 als ""1m 30s"". Eine negative Dauer liest sich als null. Nimm Als Uhrzeit, wenn du strikt mm:ss willst (dort wird eine Stunde zu ""60:00"")."
[b]{seconds}[/b] as a duration,[b]{seconds}[/b] als Dauer
Seconds,Sekunden
A duration in seconds.,Eine Dauer in Sekunden.
Align Left,Linksbündig auffüllen
"Pads text out on the RIGHT to a fixed width, so every row starts on the same edge and reads as a column. Text longer than the width is left alone (it is never cut - shorten it first). Give the Label a MONOSPACE theme font or the column will still drift.","Füllt Text RECHTS auf eine feste Breite auf, sodass jede Zeile an derselben Kante beginnt und sich als Spalte liest. Text, der länger als die Breite ist, bleibt unangetastet (er wird nie geschnitten - kürze ihn vorher). Gib dem Label eine MONOSPACE-Themenschrift, sonst verrutscht die Spalte trotzdem."
[b]{text}[/b] aligned left in [b]{width}[/b],[b]{text}[/b] linksbündig in [b]{width}[/b]
The text to pad out.,"Der Text, der aufgefüllt wird."
Width,Breite
Column width in characters. Shorter text is padded; longer text is left as it is.,"Spaltenbreite in Zeichen. Kürzerer Text wird aufgefüllt, längerer bleibt, wie er ist."
Fill with,Auffüllen mit
"What fills the gap: a space, or ""."" for a dotted leader. One character.","Was die Lücke füllt: ein Leerzeichen oder ""."" für eine Punktlinie. Ein Zeichen."
Align Right,Rechtsbündig auffüllen
"Pads text out on the LEFT to a fixed width, so numbers END on the same edge and read as a column of figures. Text longer than the width is left alone. Give the Label a MONOSPACE theme font or the column will still drift.","Füllt Text LINKS auf eine feste Breite auf, sodass Zahlen an derselben Kante ENDEN und sich als Zahlenspalte lesen. Text, der länger als die Breite ist, bleibt unangetastet. Gib dem Label eine MONOSPACE-Themenschrift, sonst verrutscht die Spalte trotzdem."
[b]{text}[/b] aligned right in [b]{width}[/b],[b]{text}[/b] rechtsbündig in [b]{width}[/b]
The text to pad out - str() a number first.,"Der Text, der aufgefüllt wird - wandle eine Zahl vorher mit str() um."
Center In Width,In Breite zentrieren
"Pads text on BOTH sides to a fixed width, so a heading sits in the middle of a column. An odd leftover space goes on the right. Text longer than the width is left alone. Give the Label a MONOSPACE theme font or the centering will still drift.","Füllt Text auf BEIDEN Seiten auf eine feste Breite auf, sodass eine Überschrift mittig in einer Spalte sitzt. Ein ungerades Restzeichen geht nach rechts. Text, der länger als die Breite ist, bleibt unangetastet. Gib dem Label eine MONOSPACE-Themenschrift, sonst verrutscht die Zentrierung trotzdem."
[b]{text}[/b] centered in [b]{width}[/b],[b]{text}[/b] zentriert in [b]{width}[/b]
The text to center.,"Der Text, der zentriert wird."
As Title Text,Als Titeltext
"Turns a machine id into a readable name: ""fire_sword"" reads ""Fire Sword"", ""maxHealth"" reads ""Max Health"". Use it wherever a key has to be shown to a player, so ids and labels never drift apart in two places.","Verwandelt eine Maschinen-Id in einen lesbaren Namen: ""fire_sword"" wird zu ""Fire Sword"", ""maxHealth"" zu ""Max Health"". Nimm es überall dort, wo ein Schlüssel einem Spieler gezeigt wird, damit Ids und Beschriftungen nie an zwei Stellen auseinanderlaufen."
[b]{text}[/b] as title text,[b]{text}[/b] als Titeltext
"An id or key, e.g. fire_sword or maxHealth.","Eine Id oder ein Schlüssel, z. B. fire_sword oder maxHealth."
As Sentence Text,Als Satztext
"Raises the FIRST letter only and leaves the rest of the text exactly as it is, so ""NPC"" and ""HP"" keep their capitals. Empty text stays empty.","Hebt NUR den ersten Buchstaben an und lässt den Rest des Textes genau so, wie er ist, sodass ""NPC"" und ""HP"" ihre Großbuchstaben behalten. Leerer Text bleibt leer."
[b]{text}[/b] as sentence text,[b]{text}[/b] als Satztext
A sentence that needs its first letter raised.,"Ein Satz, dessen erster Buchstabe angehoben werden soll."
Translated Text From Pattern,Übersetzter Text aus Muster
"Looks the whole sentence up in the current language FIRST, then fills its {slots}. The pattern you type here - slots and all - is the translation key, so it is what goes in the catalog. Filling the slots first (Translate around Text From Pattern) produces a string no catalog can contain, and the text then never translates.","Schlägt ZUERST den ganzen Satz in der aktuellen Sprache nach und füllt dann seine {slots}. Das Muster, das du hier tippst - Platzhalter inklusive - IST der Übersetzungsschlüssel und gehört so in den Katalog. Erst die Platzhalter zu füllen (Übersetzen um Text aus Muster herum) erzeugt eine Zeichenkette, die kein Katalog enthalten kann, und der Text wird dann nie übersetzt."
Translation,Übersetzung
translated text from [b]{pattern}[/b],übersetzter Text aus [b]{pattern}[/b]
Pattern,Muster
"The source sentence, with {name} slots. This exact string, slots and all, is the translation key that goes in the catalog.","Der Quellsatz mit {name}-Platzhaltern. Genau diese Zeichenkette, Platzhalter inklusive, ist der Übersetzungsschlüssel, der in den Katalog kommt."
Values,Werte
"What fills the slots: {""name"": value, ...} - e.g. {""coins"": coins}.","Was die Platzhalter füllt: {""name"": value, ...} - z. B. {""coins"": coins}."
Set Text (translated pattern),Text setzen (übersetztes Muster)
Sets this Label's text from a pattern that is translated FIRST and filled second. The pattern - slots and all - is the translation key. Re-run it under On Language Changed so the label follows a live language switch.,"Setzt den Text dieses Labels aus einem Muster, das ZUERST übersetzt und danach gefüllt wird. Das Muster - Platzhalter inklusive - ist der Übersetzungsschlüssel. Führe es unter Bei Sprachwechsel erneut aus, damit das Label einem laufenden Sprachwechsel folgt."
set text to translated [b]{pattern}[/b],Text auf übersetztes [b]{pattern}[/b] setzen
Text Is A Number,Text ist eine Zahl
"True when this text would convert to a number cleanly. Ask it BEFORE converting, so a typo can never arrive as a silent 0 and the sheet bet nothing. Spaces around the number are ignored; empty text is not a number.","Wahr, wenn sich dieser Text sauber in eine Zahl umwandeln ließe. Frage es VOR dem Umwandeln, damit ein Tippfehler nie als stille 0 ankommt und das Sheet nichts setzt. Leerzeichen um die Zahl werden ignoriert; leerer Text ist keine Zahl."
Compare: Text,Vergleichen: Text
{text} is a number,{text} ist eine Zahl
"Text to test - a typed-in field, a value read back out of a save, a CSV or JSON cell.","Zu prüfender Text - ein eingetipptes Feld, ein aus einem Spielstand zurückgelesener Wert, eine CSV- oder JSON-Zelle."
Text Is A Whole Number,Text ist eine ganze Zahl
"True when this text would convert to a WHOLE number cleanly - a count, a level, a slot index. ""12"" passes and ""12.5"" does not, which is the only difference from Text Is A Number.","Wahr, wenn sich dieser Text sauber in eine GANZE Zahl umwandeln ließe - eine Anzahl, ein Level, ein Slot-Index. ""12"" besteht, ""12.5"" nicht - das ist der einzige Unterschied zu Text ist eine Zahl."
{text} is a whole number,{text} ist eine ganze Zahl
"Text to test - a count, a level number, a save slot, a seed.","Zu prüfender Text - eine Anzahl, eine Levelnummer, ein Speicherplatz, ein Startwert."
Contains Any Of,Enthält eines von
"True when the text contains at least ONE of the listed pieces - a chat filter, a keyword-triggered line, a tag-gated card. Unlike Text Is One Of, which needs the WHOLE text to equal an entry, this looks INSIDE the text. Matching is case-sensitive, and an empty list is never a match.","Wahr, wenn der Text mindestens EINES der aufgeführten Stücke enthält - ein Chatfilter, eine schlagwortgesteuerte Zeile, eine über ein Etikett freigeschaltete Karte. Anders als Text ist eines von, das den GANZEN Text mit einem Eintrag gleichsetzt, schaut das hier INS Innere des Textes. Groß- und Kleinschreibung zählen, und eine leere Liste passt nie."
{text} contains any of {options},{text} enthält eines von {options}
Text to search.,Zu durchsuchender Text.
Any Of,Eines von
"List of pieces to look for - written here, or a sheet variable someone can edit without touching this row.","Liste der gesuchten Stücke - hier geschrieben, oder eine Sheet-Variable, die jemand bearbeiten kann, ohne diese Zeile anzufassen."
Contains All Of,Enthält alle von
"True only when the text contains EVERY listed piece - a combo whose rule text names two keywords, a search box where all the words must match. An empty list counts as true, because nothing is missing.","Wahr nur, wenn der Text JEDES aufgeführte Stück enthält - eine Kombination, deren Regeltext zwei Schlagwörter nennt, ein Suchfeld, in dem alle Wörter passen müssen. Eine leere Liste gilt als wahr, weil nichts fehlt."
{text} contains all of {options},{text} enthält alle von {options}
All Of,Alle von
List of pieces that must ALL appear.,"Liste der Stücke, die ALLE vorkommen müssen."
Contains None Of,Enthält keines von
"True when the text contains none of the listed pieces - the accept-this-name branch, written as the thing you want to act on instead of an Else. An empty list always passes.","Wahr, wenn der Text keines der aufgeführten Stücke enthält - der Zweig 'diesen Namen annehmen', geschrieben als das, worauf du reagieren willst, statt als ein Sonst. Eine leere Liste besteht immer."
{text} contains none of {options},{text} enthält keines von {options}
None Of,Keines von
List of pieces that must NOT appear.,"Liste der Stücke, die NICHT vorkommen dürfen."
Number From Text,Zahl aus Text
"Reads a number out of text, or hands back the fallback YOU chose - never a surprise zero. Pair it with Text Is A Number when the two cases need different rows. The text is read twice in the emitted line, so keep it a plain read and not something that changes the game.","Liest eine Zahl aus Text heraus oder gibt den Ersatzwert zurück, den DU gewählt hast - nie eine überraschende Null. Paare es mit Text ist eine Zahl, wenn die beiden Fälle unterschiedliche Zeilen brauchen. Der Text wird in der erzeugten Zeile zweimal gelesen, halte ihn also bei einem einfachen Lesen und nicht bei etwas, das das Spiel verändert."
Variables: String,Variablen: String
number from {text} (or {fallback}),Zahl aus {text} (oder {fallback})
Text to read a number out of.,"Text, aus dem eine Zahl gelesen wird."
What you get back when the text is not a number.,"Was du zurückbekommst, wenn der Text keine Zahl ist."
Whole Number From Text,Ganze Zahl aus Text
"Reads a whole number out of text, or hands back your fallback. ""12.5"" is not a whole number, so it lands on the fallback rather than quietly becoming 12 - when you want that rounding, use Number From Text and round the result yourself.","Liest eine ganze Zahl aus Text heraus oder gibt deinen Ersatzwert zurück. ""12.5"" ist keine ganze Zahl und landet daher auf dem Ersatzwert, statt still zu 12 zu werden - willst du dieses Runden, nimm Zahl aus Text und runde das Ergebnis selbst."
whole number from {text} (or {fallback}),ganze Zahl aus {text} (oder {fallback})
Text to read a whole number out of.,"Text, aus dem eine ganze Zahl gelesen wird."
What you get back when the text is not a whole number.,"Was du zurückbekommst, wenn der Text keine ganze Zahl ist."
Is Nothing,Ist nichts
"True when there is nothing there: no value at all, empty text, an empty list (including an empty Split Text result), or an empty record - one row whatever the value turns out to be. A 0 is NOT nothing, because a score of zero is a real value, and neither is text made only of spaces (that is Text Is Blank).","Wahr, wenn da nichts ist: gar kein Wert, leerer Text, eine leere Liste (auch ein leeres Ergebnis von Text trennen) oder ein leerer Datensatz - eine Zeile, egal welchen Typ der Wert am Ende hat. Eine 0 ist NICHT nichts, denn ein Punktestand von null ist ein echter Wert; und Text aus lauter Leerzeichen ebenso wenig (das ist Text ist leer)."
Compare: Types,Vergleichen: Typen
{value} is nothing,{value} ist nichts
"Anything - text, a list, a record, a reference.","Alles - Text, eine Liste, ein Datensatz, eine Referenz."
Has Something,Hat etwas
"True when there IS something there - a name was typed, the inventory has items, the save slot was written, the item slot is filled. The exact opposite of Is Nothing, for the times the filled case is the one you want to act on.","Wahr, wenn da tatsächlich etwas ist - ein Name wurde getippt, das Inventar hat Gegenstände, der Speicherplatz wurde beschrieben, der Ausrüstungsplatz ist belegt. Das genaue Gegenteil von Ist nichts, für die Fälle, in denen der gefüllte Zustand der ist, auf den du reagieren willst."
{value} has something,{value} hat etwas
Number Or,Zahl oder
"The value when it really is a number, or your own default when it is missing, null, text, or anything else. A zero counts as a real number and is kept. Use it to put a loaded value straight into a whole-number or decimal variable without a guard row first. The value is read twice in the emitted line, so keep it a plain read and not something that changes the game.","Der Wert, wenn er wirklich eine Zahl ist, sonst dein eigener Standard - bei fehlend, null, Text oder irgendetwas anderem. Eine Null gilt als echte Zahl und bleibt erhalten. Damit legst du einen geladenen Wert direkt in eine Ganzzahl- oder Kommazahl-Variable, ohne vorher eine Wächterzeile. Der Wert wird in der erzeugten Zeile zweimal gelesen, halte ihn also bei einem einfachen Lesen und nicht bei etwas, das das Spiel verändert."
Variables,Variablen
"{value} as a number, or {fallback}","{value} als Zahl, sonst {fallback}"
"The untyped value to check - a save slot read, a JSON field, a Dictionary key.","Der ungetypte Wert, der geprüft wird - ein gelesener Speicherplatz, ein JSON-Feld, ein Dictionary-Schlüssel."
What you get back when it is not a number.,"Was du zurückbekommst, wenn es keine Zahl ist."
Text Or,Text oder
"The value when it really is text with something in it, or your own default when it is missing, null, blank, or another kind of value. The classic use is a saved player name that falls back to ""Player"". The value is read twice in the emitted line, so keep it a plain read and not something that changes the game.","Der Wert, wenn er wirklich Text mit Inhalt ist, sonst dein eigener Standard - bei fehlend, null, leer oder einem anderen Werttyp. Der klassische Fall ist ein gespeicherter Spielername, der auf ""Player"" zurückfällt. Der Wert wird in der erzeugten Zeile zweimal gelesen, halte ihn also bei einem einfachen Lesen und nicht bei etwas, das das Spiel verändert."
"{value} as text, or {fallback}","{value} als Text, sonst {fallback}"
"What you get back when it is not text, or is blank.","Was du zurückbekommst, wenn es kein Text oder leer ist."
List Or,Liste oder
"The value when it really is a list with items in it, or your own default when it is missing, null, empty, or another kind of value. A Split Text result counts as a list. Safe to feed straight into a For Each. The value is read twice in the emitted line, so keep it a plain read and not something that changes the game.","Der Wert, wenn er wirklich eine Liste mit Einträgen ist, sonst dein eigener Standard - bei fehlend, null, leer oder einem anderen Werttyp. Ein Ergebnis von Text trennen zählt als Liste. Kann bedenkenlos direkt in ein Für jedes gegeben werden. Der Wert wird in der erzeugten Zeile zweimal gelesen, halte ihn also bei einem einfachen Lesen und nicht bei etwas, das das Spiel verändert."
"{value} as a list, or {fallback}","{value} als Liste, sonst {fallback}"
"The untyped value to check - a loaded inventory, a JSON array, a Split Text result, a Dictionary key.","Der ungetypte Wert, der geprüft wird - ein geladenes Inventar, ein JSON-Array, ein Ergebnis von Text trennen, ein Dictionary-Schlüssel."
"What you get back when it is not a list, or is empty.","Was du zurückbekommst, wenn es keine Liste oder leer ist."
Record Or,Datensatz oder
"The value when it really is a record (a dictionary) with keys in it, or your own default when it is missing, null, empty, or another kind of value. Pair it with Get Key so a whole missing settings block reads as defaults. The value is read twice in the emitted line, so keep it a plain read and not something that changes the game.","Der Wert, wenn er wirklich ein Datensatz (ein Dictionary) mit Schlüsseln ist, sonst dein eigener Standard - bei fehlend, null, leer oder einem anderen Werttyp. Paare ihn mit Schlüssel lesen, damit ein ganzer fehlender Einstellungsblock als Standardwerte gelesen wird. Der Wert wird in der erzeugten Zeile zweimal gelesen, halte ihn also bei einem einfachen Lesen und nicht bei etwas, das das Spiel verändert."
"{value} as a record, or {fallback}","{value} als Datensatz, sonst {fallback}"
"The untyped value to check - a loaded settings block, a JSON object, a Dictionary key.","Der ungetypte Wert, der geprüft wird - ein geladener Einstellungsblock, ein JSON-Objekt, ein Dictionary-Schlüssel."
"What you get back when it is not a record, or is empty.","Was du zurückbekommst, wenn es kein Datensatz oder leer ist."
Value Or,Wert oder
"The value unless it is null, in which case your own default. This one guards nothing else: a zero, a blank text and an empty list all count as real values here. Use it for a method that can hand back null. The value is read twice in the emitted line, so keep it a plain read and not something that changes the game.","Der Wert, es sei denn, er ist null - dann dein eigener Standard. Dieser hier bewacht sonst nichts: eine Null, ein leerer Text und eine leere Liste gelten hier alle als echte Werte. Nimm ihn für eine Methode, die null zurückgeben kann. Der Wert wird in der erzeugten Zeile zweimal gelesen, halte ihn also bei einem einfachen Lesen und nicht bei etwas, das das Spiel verändert."
"{value}, or {fallback} when it is nothing","{value}, sonst {fallback}, wenn nichts da ist"
"Anything that might be null - a method result, a freed reference, a missing key.","Alles, was null sein könnte - ein Methodenergebnis, eine freigegebene Referenz, ein fehlender Schlüssel."
What you get back when it is null.,"Was du zurückbekommst, wenn es null ist."
Part Of,Teil von
"One named piece of a pair, a triple, a colour or a record: the up/down part of a velocity (the jump-or-fall test), the see-through part of a tint, the forward/back part of a 3D direction. Reads as a sentence instead of a typed-in .y. Pick a part the value actually has - a record that might be missing the field is the shipped Get Key (with default)'s job, because that one takes a fallback and this one does not.","Ein benanntes Stück eines Paars, eines Tripels, einer Farbe oder eines Datensatzes: der Auf-ab-Teil einer Geschwindigkeit (die Sprung-oder-Fall-Prüfung), der Durchsichtig-Teil einer Tönung, der Vorne-hinten-Teil einer 3D-Richtung. Liest sich als Satz statt als getipptes .y. Wähle einen Teil, den der Wert tatsächlich hat - ein Datensatz, dem das Feld fehlen könnte, ist die Aufgabe von Schlüssel lesen (mit Standard), denn der nimmt einen Ersatzwert und dieser nicht."
Variables: Vector,Variablen: Vektor
the {part} part of {value},der {part}-Teil von {value}
"A Vector2, Vector3, Color or record to read one part of.","Ein Vector2, Vector3, eine Color oder ein Datensatz, aus dem ein Teil gelesen wird."
Part,Teil
Which named part to read.,Welcher benannte Teil gelesen wird.
X (left / right),X (links / rechts)
Y (up / down),Y (oben / unten)
Z (forward / back),Z (vorn / hinten)
Red,Rot
Green,Grün
Blue,Blau
Alpha (see-through),Alpha (Durchsichtigkeit)
Set Part Of,Teil setzen von
"Changes one named part and leaves the rest alone: zero the vertical speed on landing and keep the horizontal, flatten a 3D direction to the ground plane, fade only the see-through part of a tint. Writing a part a record does not have yet ADDS it.","Ändert einen benannten Teil und lässt den Rest in Ruhe: beim Landen die senkrechte Geschwindigkeit auf null setzen und die waagerechte behalten, eine 3D-Richtung auf die Bodenebene flachdrücken, nur den Durchsichtig-Teil einer Tönung ausblenden. Einen Teil zu schreiben, den ein Datensatz noch nicht hat, FÜGT ihn hinzu."
set the {part} part of {var_name} to {value},den {part}-Teil von {var_name} auf {value} setzen
Variable or property,Variable oder Eigenschaft
"What to change one part of: a node's own member (velocity, modulate, position) picked from the list, or the name of a sheet variable holding a Vector, Color or record.","Woran ein Teil geändert wird: ein eigenes Mitglied des Nodes (velocity, modulate, position), aus der Liste gewählt, oder der Name einer Sheet-Variablen, die einen Vektor, eine Farbe oder einen Datensatz hält."
Which named part to write.,Welcher benannte Teil geschrieben wird.
The new value for that one part.,Der neue Wert für genau diesen Teil.
