keys,es
Sheet,Hoja
Save,Guardar
Run Scene,Ejecutar escena
Add Event,Añadir evento
Add Condition,Añadir condición
Add Action,Añadir acción
Add Code,Añadir código
Add,Añadir
Edit,Edición
View,Ver
Tools,Herramientas
Simple Mode,Modo simple
Search,Buscar
Cancel,Cancelar
Open,Abrir
Undo,Deshacer
Redo,Rehacer
Copy,Copiar
Paste,Pegar
Zoom In,Acercar
Zoom Out,Alejar
Name,Nombre
Name:,Nombre:
Type,Tipo
Text,Texto
Number,Número
Yes-No,Sí-No
Details,Detalles
Parameters,Parámetros
Default,Predeterminado
Tooltip,Descripción emergente
Placeholder,Texto indicativo
Range,Rango
◀ Back,◀ Atrás
★ Recent,★ Recientes
⭐ Favorites,⭐ Favoritos
✚ Apply & Add Another,✚ Aplicar y añadir otro
Save the sheet - compile-on-save keeps its generated script fresh (Ctrl+S).,Guarda la hoja - la compilación al guardar mantiene su script generado al día (Ctrl+S).
"Save, then play the scene that uses this sheet's script.",Guarda y luego ejecuta la escena que usa el script de esta hoja.
Add an event (E).,Añade un evento (E).
Add a condition to the selected event (C).,Añade una condición al evento seleccionado (C).
Add an action to the selected event (A).,Añade una acción al evento seleccionado (A).
Add a GDScript block to the selected event - the deliberate 'drop to code' escape hatch. Opens the code editor immediately.,Añade un bloque GDScript al evento seleccionado - la salida deliberada hacia el código. Abre el editor de código de inmediato.
"Beginner-friendly view: hides the advanced/code entries (GDScript blocks, sub-conditions, pick filters, signals/enums). Everything still works when off.","Vista para principiantes: oculta las entradas avanzadas/de código (bloques GDScript, subcondiciones, filtros, señales/enumeraciones). Todo sigue disponible al desactivarlo."
"Toggle the generated-GDScript panel - the sheet's honest compiled output, side by side.","Muestra/oculta el panel de GDScript generado - la salida compilada, honesta, de la hoja, lado a lado."
Theme for this sheet (Load/Reload and the Theme Editor live in View),Tema de esta hoja (Cargar/Recargar y el editor de temas están en Ver)
"Quick add…  (e.g. every tick, heal 5)","Añadir rápido…  (ej. cada tick, heal 5)"
"Create, open, save, and configure this event sheet.","Crear, abrir, guardar y configurar esta hoja de eventos."
"Panels, multi-view panes, theme, live values, and zoom.","Paneles, vistas múltiples, tema, valores en vivo y zoom."
"Debug tools, validation, import, and project workflow.","Herramientas de depuración, validación, importación y flujo de trabajo del proyecto."
New…,Nuevo…
Open…,Abrir…
Save As…,Guardar como…
Sheet Type…,Tipo de hoja…
Manage Includes…,Gestionar inclusiones…
Custom Actions…,Acciones personalizadas…
Export GDScript…,Exportar GDScript…
Export Addon…,Exportar extensión…
New Behaviour Addon…,Nueva extensión de comportamiento…
Inspector Designer…,Diseñador del Inspector…
Teach a Verb - Share Published Verbs,Enseñar un verbo - Compartir los verbos publicados
Signal Event…,Evento de señal…
Global Variable…,Variable global…
Local Variable…,Variable local…
Function…,Función…
Code (GDScript) on Selected Event,Código (GDScript) en el evento seleccionado
Note…,Nota…
Region…,Región…
Preload Resource…,Precargar un recurso…
Extract Selection to Include…,Extraer la selección a una inclusión…
Find References…,Buscar referencias…
Generate from Description (AI)…,Generar desde una descripción (IA)…
Simple Mode (beginner-friendly),Modo simple (para principiantes)
GDScript Panel (toggle),Panel GDScript (alternar)
Open Sheets Panel,Panel de hojas abiertas
Add-Event Rows,Filas « + Añadir evento »
Split View (toggle),Vista dividida (alternar)
Detached View (toggle),Vista separada (alternar)
Link Views (toggle),Vincular vistas (alternar)
Load Theme…,Cargar tema…
Reload Theme,Recargar tema
Theme Editor…,Editor de temas…
MCP Server (AI tools),Servidor MCP (herramientas IA)
"Hide the advanced/code entries (GDScript blocks, sub-conditions, pick filters, match, signals/enums) from the right-click menus. Everything still works in Expert mode.","Oculta las entradas avanzadas/de código (bloques GDScript, subcondiciones, filtros, match, señales/enumeraciones) de los menús contextuales. Todo sigue disponible en modo experto."
Show/hide the generated-GDScript panel beside the sheet.,Muestra/oculta el panel de GDScript generado junto a la hoja.
"Show/hide the trailing ""+ Add event…"" rows. Turn off for a cleaner, calmer sheet.",Muestra/oculta las filas « + Añadir evento… ». Desactívalo para una hoja más tranquila.
"Show/hide a second synchronized view of this sheet, side by side.","Muestra/oculta una segunda vista sincronizada de esta hoja, lado a lado."
Pop the sheet view out into its own window / bring it back.,Separa la vista de la hoja en su propia ventana / la trae de vuelta.
Link/unlink scrolling between the split views.,Vincula/desvincula el desplazamiento entre las vistas divididas.
Debug Breakpoints (toggle),Puntos de interrupción (alternar)
Live Values (toggle),Valores en vivo (alternar)
Event Trace (live highlight),Traza de eventos (resaltado en vivo)
Bookmarks…,Marcadores…
Register Autoload,Registrar el autoload
Publish Preview…,Vista previa de publicación…
Test Bench,Banco de pruebas
Find in Project…,Buscar en el proyecto…
Project Doctor…,Doctor del proyecto…
Check Sheet for Errors,Comprobar errores de la hoja
Vocabulary Doc,Doc del vocabulario
Sheet Backups…,Copias de seguridad de la hoja…
Save as Template,Guardar como plantilla
Attach to Selected Node,Adjuntar al nodo seleccionado
Preview Behaviors on Selected Node,Previsualizar comportamientos en el nodo seleccionado
Lift Report…,Informe de importación…
Welcome…,Bienvenida…
Start the Tour…,Comenzar el recorrido…
Keyboard Shortcuts,Atajos de teclado
Rename Everywhere…,Renombrar en todas partes…
Change Type Everywhere…,Cambiar el tipo en todas partes…
Lint every ƒx expression + GDScript block; flag the offending rows and jump to the first.,Analiza cada expresión ƒx y bloque GDScript; marca las filas con problemas y salta a la primera.
Toggle breakpoint emission: debug-compiled sheets pause at rows with breakpoints.,Alterna la emisión de puntos de interrupción: las hojas compiladas en depuración se detienen en las filas marcadas.
Toggle Live Values: running sheets stream their variables here (editable).,Alterna los valores en vivo: las hojas en ejecución transmiten sus variables aquí (editables).
+ Add action,+ Añadir acción
+ Add condition,+ Añadir condición
+ Add parameter,+ Añadir parámetro
+ Add event…,+ Añadir evento…
Every Tick,Cada tick
Always,Siempre
+  Add your first event,+  Añade tu primer evento
New from template…,Nuevo desde plantilla…
Create an event sheet…,Crear una hoja de eventos…
This event sheet is empty,Esta hoja de eventos está vacía
No event sheet is open,No hay ninguna hoja de eventos abierta
Empty behavior sheet,Hoja de comportamiento vacía
Empty autoload sheet,Hoja de autoload vacía
Double-click anywhere - or press E - to add your first event.,Haz doble clic en cualquier parte - o pulsa E - para añadir tu primer evento.
Double-click anywhere - or press E - to add an event that drives the Node this attaches to.,Haz doble clic en cualquier parte - o pulsa E - para añadir un evento que controle el Node al que esto se adjunta.
Create one to start building - a menu of ready-made starters opens.,Crea una para empezar - se abre un menú de plantillas listas para usar.
"Add the signals and functions every sheet in the project should reach (score, game state, an event bus).","Añade las señales y funciones que toda hoja del proyecto debería alcanzar (puntuación, estado del juego, un bus de eventos)."
"Tip: the picker understands plain language. Try typing ""every tick"".",Consejo: el selector entiende lenguaje corriente. Prueba a escribir «every tick».
Tip: Tools > Welcome… has a playable showcase and a 2-minute tour.,Consejo: Herramientas > Bienvenida… tiene una demo jugable y un recorrido de 2 minutos.
Tip: publish a function to the picker and every sheet in the project can call it.,Consejo: publica una función en el selector y toda hoja del proyecto podrá llamarla.
%s - Behavior · acts on host: %s,%s - Comportamiento · actúa sobre el anfitrión: %s
"%s - Autoload · one instance, project-wide","%s - Autoload · una sola instancia, para todo el proyecto"
%s - Editor Tool · runs in the editor (File > Run),%s - Herramienta de editor · se ejecuta en el editor (Archivo > Ejecutar)
%s - Custom Resource · every .tres of it is a data asset,%s - Recurso personalizado · cada .tres es un asset de datos
Event Sheet · a script for the %s it's attached to,Hoja de eventos · un script para el %s al que está adjunta
%s - Custom Node · extends %s,%s - Nodo personalizado · extiende %s
"Click to edit the sheet type (name, icon, host class).","Haz clic para editar el tipo de hoja (nombre, icono, clase anfitriona)."
Add Action / Condition,Añadir acción / condición
"Search actions, conditions, triggers...","Buscar acciones, condiciones, disparadores…"
Pin the highlighted entry to Favorites (or right-click any entry).,Fija la entrada resaltada en favoritos (o clic derecho en cualquier entrada).
Right-click any entry to pin it here.,Clic derecho en una entrada para fijarla aquí.
Entries you use appear here.,Las entradas que usas aparecen aquí.
"Select a condition, action, or trigger to create a new event.","Selecciona una condición, una acción o un disparador para crear un nuevo evento."
Select an action to append to the selected event.,Selecciona una acción para añadir al evento seleccionado.
Select a condition or trigger to append to the selected event.,Selecciona una condición o un disparador para añadir al evento seleccionado.
Untitled EventSheet,Hoja sin título
Unsaved (in-memory),Sin guardar (en memoria)
Open Sheets,Hojas abiertas
Filter sheets…,Filtrar hojas…
Filter the open sheets by name or path.,Filtra las hojas abiertas por nombre o ruta.
New Event,Nuevo evento
New Condition,Nueva condición
Edit Action,Editar la acción
Edit Condition,Editar la condición
Delete Action,Eliminar la acción
Delete Condition,Eliminar la condición
Delete Function,Eliminar la función
Replace Action,Reemplazar la acción
Replace Condition,Reemplazar la condición
Disable Action,Desactivar la acción
Disable Condition,Desactivar la condición
Invert Condition,Invertir la condición
Add New Variable,Añadir una nueva variable
Create Variable,Crear la variable
Edit Variable,Editar la variable
Add a function…,Añadir una función…
Edit Note…,Editar la nota…
Edit Events,Editar los eventos
Insert Snippet…,Insertar un fragmento…
Extract All Actions to Function…,Extraer todas las acciones a una función…
Group Under a Heading…,Agrupar bajo un título…
Export Grid to CSV…,Exportar la tabla a CSV…
Import Grid from CSV…,Importar la tabla desde CSV…
Export Text for Translation…,Exportar el texto para traducir…
Import Translations…,Importar traducciones…
Detach Comment To Row,Separar el comentario en una fila
Convert Scope,Convertir el ámbito
Toggle Constant,Alternar constante
Whole numbers only,Solo números enteros
Editable in the Inspector (a designer property),Editable en el Inspector (una propiedad de diseño)
Constant (can't change at runtime),Constante (no cambia en ejecución)
Set on _ready() - for node refs like $Player,Se asigna en _ready() - para referencias a nodos como $Player
"Text - words, names, messages.","Texto - palabras, nombres, mensajes."
"A number - a count, score, position, speed… Tick ""Whole numbers only"" for integers.","Un número - un contador, una puntuación, una posición, una velocidad… Marca «Solo números enteros» para enteros."
"A yes/no, on/off switch (true / false).","Un interruptor sí/no, encendido/apagado (true / false)."
"An x/y pair: a direction, velocity, or position.","Un par x/y: una dirección, una velocidad o una posición."
An RGBA colour.,Un color RGBA.
An image / sprite resource.,Un recurso de imagen / sprite.
Viewing as a sheet,Vista como hoja
Open in Godot Script Editor,Abrir en el editor de scripts de Godot
Edit the .gd directly in Godot's script editor - your changes reload here when you come back to this tab.,Edita el .gd directamente en el editor de scripts de Godot - tus cambios se recargan aquí al volver a esta pestaña.
Take the 2-minute tour,Haz el recorrido de 2 minutos
Editor language,Idioma del editor
Simple mode - hide advanced rows & menu items,Modo simple - ocultar filas y menús avanzados
Open the GDScript panel with every sheet,Abrir el panel GDScript con cada hoja
Coming from another event-sheet tool?,¿Vienes de otra herramienta de hojas de eventos?
Open the migration guide,Abrir la guía de migración
Report an Issue…,Informar de un problema…
Something not working right?,¿Algo no funciona bien?
Report an issue,Informar de un problema
Reopen this window any time: Tools → Welcome…,Reabre esta ventana cuando quieras: Herramientas → Bienvenida…
Translations are plain CSV files - drop one into eventsheet_translations/ and its language appears here.,Las traducciones son simples archivos CSV - deja uno en eventsheet_translations/ y su idioma aparece aquí.
The 2-minute tour,El recorrido de 2 minutos
Read a sheet like a sentence,Lee una hoja como una frase
Add your first event,Añade tu primer evento
Give it a condition,Dale una condición
Make it DO something,Haz que HAGA algo
See the honest GDScript,"Mira el GDScript, sin trucos"
You know the loop,Ya conoces el ciclo
Skip tour,Saltar el recorrido
Back,Atrás
Next,Siguiente
Finish,Terminar
✓ Done - nice! Hit Next.,✓ Hecho - ¡bien! Pulsa Siguiente.
Hit Finish and go make something.,Pulsa Terminar y ve a crear algo.
"A coloured section label drawn above this property in the Inspector.
End with a #rrggbb to tint it. Editor decor only - plain comment in the code.","Una etiqueta de sección coloreada mostrada sobre esta propiedad en el Inspector.
Termina con un #rrggbb para teñirla. Solo decoración del editor - simple comentario en el código."
"A quiet info panel drawn above this property in the Inspector.
Editor decor only - plain comment in the code.","Un panel informativo discreto mostrado sobre esta propiedad en el Inspector.
Solo decoración del editor - simple comentario en el código."
"A shape over 0-1 (easing, falloff, ramps).","Una curva sobre 0-1 (easing, atenuación, rampas)."
A whole number (no decimals) - stored as an int. Unticked stores a float.,"Un número entero (sin decimales) - guardado como int. Sin marcar, se guarda como float."
Access,Acceso
Advanced types,Tipos avanzados
Anatomy,Anatomía
Any type - untyped (advanced; prefer a specific type when you can).,Cualquier tipo - sin tipar (avanzado; prefiere un tipo concreto cuando puedas).
Clamp to range,Limitar al rango
Collapse the panel to a strip,Contraer el panel a una franja
Default field,Campo por defecto
Description,Descripción
Dropped Node Preview,Vista previa del nodo soltado
Easing curve (float: exponential ease handle),Curva de easing (float: control de ease exponencial)
Edit an Array/Dictionary's items one per line instead of typing a literal.,Edita los elementos de un Array/Dictionary línea a línea en lugar de escribir un literal.
Edit items…,Editar elementos…
"Event-sheet-style quick add: type an event/condition/action (event-sheet phrasing works) plus optional parameter values, press Enter.",Añadido rápido al estilo hoja de eventos: escribe un evento/condición/acción (la redacción de hoja de eventos funciona) más valores de parámetros opcionales y pulsa Intro.
Every sheet function at a glance (✦ = published as an ACE). Click to expand or collapse.,Todas las funciones de la hoja de un vistazo (✦ = publicada como ACE). Haz clic para expandir o contraer.
Field button,Botón de campo
Flags,Flags
From enum,Desde el enum
Group under heading,Agrupar bajo un encabezado
"How this variable's field LOOKS in the Inspector - pickers, flags, layer grids... Plain fields need no choice here.","El ASPECTO del campo de esta variable en el Inspector - selectores, flags, cuadrículas de capas... Los campos simples no necesitan elegir nada aquí."
Info note,Nota informativa
"Inspector grouping, conditional show/lock, an on-changed callback, clamp, read-only - for variables that reference other variables or functions.","Agrupación en el Inspector, mostrar/bloquear condicional, callback on-changed, límites, solo lectura - para variables que referencian otras variables o funciones."
Inspector look,Aspecto en el Inspector
Inspector preview,Vista previa del Inspector
Inspector section header (e.g. Combat),Encabezado de sección del Inspector (p. ej. Combate)
Lock unless,Bloquear salvo que
"Make this sheet's published verbs (its exposed ƒ functions) available in EVERY sheet's picker, node-targeted at $<ClassName>. Extract actions to a function first (right-click an event), then teach it here.","Haz que los verbos publicados de esta hoja (sus funciones ƒ expuestas) estén disponibles en el selector de TODAS las hojas, dirigidos al nodo $<ClassName>. Extrae primero acciones a una función (clic derecho en un evento) y luego enséñala aquí."
Match Editor (default),Editor de match (por defecto)
Multiline (String: big text box),Multilínea (String: cuadro de texto grande)
"No alpha (Color: solid RGB, no transparency)","Sin alfa (Color: RGB sólido, sin transparencia)"
No lower limit,Sin límite inferior
No upper limit,Sin límite superior
On changed,Al cambiar
On ready,Al estar listo (ready)
"On: a designer can tweak this per-instance in the Inspector (@export var).
Off: internal script state - a plain private var (the default for a new variable).","Activado: un diseñador puede ajustarlo por instancia en el Inspector (@export var).
Desactivado: estado interno del script - una simple var privada (lo predeterminado para una variable nueva)."
"On: compiles to @onready var - the Default is a GDScript EXPRESSION evaluated when the node enters the tree (e.g. $Player, get_node(""UI/Score"")), not a literal.
Use it to grab a node reference once the scene is ready.","Activado: compila a @onready var - el Predeterminado es una EXPRESIÓN GDScript evaluada cuando el nodo entra en el árbol (p. ej. $Player, get_node(""UI/Score"")), no un literal.
Úsalo para obtener una referencia a un nodo cuando la escena esté lista."
"One column per entry: name:type (String, int, float, bool, color for a swatch, or enum(a|b|c) for a dropdown).
Each Array element becomes a row with these cells.","Una columna por entrada: nombre:tipo (String, int, float, bool, color para una muestra, o enum(a|b|c) para un desplegable).
Cada elemento del Array se convierte en una fila con estas celdas."
Optional Inspector polish for exported globals - everything compiles to plain Godot annotations.,Pulido opcional del Inspector para globales exportadas - todo compila a anotaciones normales de Godot.
Options (combo),Opciones (combo)
Pick the Inspector look from picture tiles instead of the list.,Elige el aspecto del Inspector con mosaicos de imágenes en lugar de la lista.
Read-only,Solo lectura
"Renders a small button with this field that calls the named sheet function.
Needs a @tool sheet to act in-editor. Label optional (defaults to the function name).","Muestra un botón pequeño junto a este campo que llama a la función de hoja indicada.
Requiere una hoja @tool para actuar en el editor. Etiqueta opcional (por defecto, el nombre de la función)."
Required (warn in the Inspector while unset),Requerido (avisa en el Inspector mientras no se asigne)
Save Studio…,Guardar el Studio…
"Scaffold a ready-to-edit behaviour script in res://eventsheet_addons/ - its signals become triggers, methods become actions/conditions, and @export vars become properties, all auto-discovered as custom ACEs.","Genera un script de comportamiento listo para editar en res://eventsheet_addons/ - sus señales se vuelven disparadores, sus métodos acciones/condiciones y sus @export var propiedades, todo auto-descubierto como ACE personalizados."
Section header,Encabezado de sección
"See the WHOLE sheet's Inspector as one live view - every exported variable with its decor, grouping, and widget, exactly as Godot will show it.","Ve el Inspector de TODA la hoja como una vista en vivo - cada variable exportada con su decoración, agrupación y widget, exactamente como Godot lo mostrará."
Show as,Mostrar como
Show if,Mostrar si
Shown after the number in the Inspector (suffix:px).,Se muestra tras el número en el Inspector (sufijo:px).
"Shows a red warning above the field until a value is assigned
(a Resource left empty, a String left blank). Editor-only.","Muestra un aviso rojo sobre el campo hasta que se asigne un valor
(una Resource vacía, una String en blanco). Solo en el editor."
Slider extras,Extras del deslizador
"Start editing this sheet here. From then on, Save (Ctrl+S) updates the file - or use Save As… to keep the original and save a copy.","Empieza a editar esta hoja aquí. A partir de entonces, Guardar (Ctrl+S) actualiza el archivo - o usa Guardar como… para conservar el original y guardar una copia."
Sub-heading,Subencabezado
"Swap the Inspector field for a richer drawer (dial, swatches, curve…).
Graceful: a plain field without the editor plugin (parity preserved).","Cambia el campo del Inspector por un control más rico (dial, muestras, curva…).
Degradado elegante: un campo simple sin el plugin del editor (paridad preservada)."
Table columns,Columnas de la tabla
"The Inspector calls this function while the property is edited and shows
the returned message above the field. Needs a @tool sheet to run in-editor.","El Inspector llama a esta función mientras se edita la propiedad y muestra
el mensaje devuelto sobre el campo. Requiere una hoja @tool para ejecutarse en el editor."
The slider stops at max but typing a bigger number is allowed (or_greater).,El deslizador se detiene en el máximo pero se permite escribir un número mayor (or_greater).
"The variable's type. For a node reference, type the node's class (Sprite2D, Label, Area2D…) or leave Variant.","El tipo de la variable. Para una referencia a un nodo, escribe la clase del nodo (Sprite2D, Label, Area2D…) o deja Variant."
"Turn the MCP server (AI-assistant tools) on/off. When off, connected AI clients see no tools and can't read or change your sheets. Takes effect live - no reconnect needed.","Activa/desactiva el servidor MCP (herramientas de asistente IA). Desactivado, los clientes IA conectados no ven herramientas y no pueden leer ni cambiar tus hojas. Efecto inmediato - sin reconexión."
Typing below min is allowed (or_less).,Se permite escribir por debajo del mínimo (or_less).
Validate with,Validar con
"Write this sheet's plain, standalone GDScript to a file you own. No plugin dependency - proof you can leave the addon anytime.",Escribe el GDScript independiente y normal de esta hoja en un archivo tuyo. Sin dependencia del plugin - prueba de que puedes dejar el complemento cuando quieras.
accent label above (e.g. Combat #e06666),etiqueta acentuada arriba (p. ej. Combate #e06666)
bool variable (hidden when false),variable bool (oculto cuando es false)
bool variable (read-only when false),variable bool (solo lectura cuando es false)
"columns, e.g. item:String, count:int, rare:bool","columnas, p. ej. item:String, count:int, rare:bool"
"comma-separated, e.g. easy, normal, hard (String only)","separadas por comas, p. ej. easy, normal, hard (solo String)"
"function and button label, e.g. reroll_stats Reroll","función y etiqueta del botón, p. ej. reroll_stats Repetir"
grey hint shown when the field is empty,pista gris mostrada cuando el campo está vacío
"min, max, step (numeric: slider)","mín, máx, paso (numérico: deslizador)"
nested section under the group (e.g. Melee),sección anidada bajo el grupo (p. ej. Cuerpo a cuerpo)
note panel above (e.g. Shared resource - edits affect every user.),panel de nota arriba (p. ej. Recurso compartido - los cambios afectan a todos los usuarios.)
sheet function called after assignment,función de hoja llamada tras la asignación
sheet function returning a warning String (empty = valid),función de hoja que devuelve una String de aviso (vacía = válido)
"type - e.g. Node2D, Label, Sprite2D (or Variant for any)","tipo - p. ej. Node2D, Label, Sprite2D (o Variant para cualquiera)"
"unit, e.g. px","unidad, p. ej. px"
what this variable is for - shown as its description in the Inspector,para qué sirve esta variable - mostrado como su descripción en el Inspector
"▸  Advanced (grouping, conditions, clamp…)","▸  Avanzado (agrupación, condiciones, límites…)"
"▸  More options (range, drawer, grouping…)","▸  Más opciones (rango, control, agrupación…)"
Create Code Region,Crear región de código
Create Code Region…,Crear región de código…
Doc comment,Comentario de doc
Documentation shown above the function (## …). BBCode like [b]bold[/b] is allowed.,Documentación mostrada sobre la función (## …). Se permite BBCode como [b]negrita[/b].
Getter body,Cuerpo del getter
Setter body,Cuerpo del setter
Setter parameter,Parámetro del setter
The name of the setter's incoming-value parameter (defaults to `value`).,El nombre del parámetro de valor entrante del setter (por defecto `value`).
The statements that run when this variable is assigned (`set(value):`). Use `value` for the incoming value. Leave blank for no setter.,Las instrucciones que se ejecutan cuando se asigna esta variable (`set(value):`). Usa `value` para el valor entrante. Déjalo vacío para no tener setter.
"The statements that run when this variable is read (`get:`), ending in `return …`. Leave blank for no getter.","Las instrucciones que se ejecutan cuando se lee esta variable (`get:`), terminando en `return …`. Déjalo vacío para no tener getter."
"getter body, e.g.  return _health","cuerpo del getter, p. ej.  return _health"
"setter body, e.g.  health = clampi(value, 0, max_health)","cuerpo del setter, p. ej.  health = clampi(value, 0, max_health)"
A faint tint over the actions (right) lane.,Un tinte tenue sobre el carril de acciones (derecha).
A faint tint over the conditions (left) lane.,Un tinte tenue sobre el carril de condiciones (izquierda).
"Accent (groups, selection)","Acento (grupos, selección)"
Action Lane Color,Color del carril de acción
Action Lane Padding,Relleno del carril de acción
Action cells,Celdas de acción
Alternate group header background (zebra).,Fondo alterno de encabezado de grupo (cebra).
Apply To Current Sheet,Aplicar a la hoja actual
Background of a group header row.,Fondo de una fila de encabezado de grupo.
Background of the Conditions / Actions column header bar.,Fondo de la barra de encabezado de columnas Condiciones / Acciones.
Background of the fold triangle box on a group.,Fondo de la caja del triángulo de plegado en un grupo.
Badge Background Color,Color de fondo de la insignia
Badge Extra Width,Ancho extra de la insignia
Badge Foreground Color,Color de primer plano de la insignia
Base (background tone),Base (tono de fondo)
Behavior Accent Color,Color de acento de comportamiento
Border of the condition/action chip.,Borde del chip de condición/acción.
Cell Corner Radius,Radio de esquina de celda
Cell Hover Color,Color de cursor sobre celda
Chip Background Color,Color de fondo del chip
Chip Border Color,Color del borde del chip
Chip Hover Color,Color de cursor sobre chip
Chip fill when hovered.,Relleno del chip al pasar el cursor.
Close,Cerrar
Column Header Actions Color,Color del encabezado Acciones
Column Header Background Color,Color de fondo del encabezado de columna
Column Header Conditions Color,Color del encabezado Condiciones
Comment Row Background Color,Color de fondo de fila de comentario
Comment Text Color,Color del texto de comentario
Condition Badge Column Width,Ancho de columna de la insignia de condición
Condition Lane Color,Color del carril de condición
Condition Lane Padding,Relleno del carril de condición
Condition Lane Ratio,Proporción del carril de condición
Condition cells,Celdas de condición
Corner Radius,Radio de esquina
Corner roundness of group rows (0 = square bar).,Redondez de las esquinas de las filas de grupo (0 = barra cuadrada).
Corner roundness of individual condition/action cells.,Redondez de las esquinas de cada celda de condición/acción.
Corner roundness of region marker bubbles.,Redondez de las esquinas de las burbujas de marcador de región.
"Corner roundness of the chip, in pixels.","Redondez de las esquinas del chip, en píxeles."
"Corner roundness of the event block, in pixels (0 = square).","Redondez de las esquinas del bloque de evento, en píxeles (0 = cuadrado)."
"Editor (hover, selection, lanes)","Editor (cursor, selección, carriles)"
Event Corner Radius,Radio de esquina de evento
"Extra width reserved for the role badge on the chip, in pixels.","Ancho extra reservado para la insignia de rol en el chip, en píxeles."
Fill of the condition/action chip.,Relleno del chip de condición/acción.
Fill of the count badge on a group.,Relleno de la insignia de conteo en un grupo.
Fill of the role badge on the chip.,Relleno de la insignia de rol en el chip.
"Fill of the trigger arrow badge (On Ready, On Signal...).","Relleno de la insignia de flecha de disparador (On Ready, On Signal...)."
Font Size Delta,Diferencia de tamaño de fuente
Gap After,Espacio después
Generate Theme,Generar tema
Group Accent Color,Color de acento de grupo
Group Background Alt Color,Color de fondo alterno de grupo
Group Background Color,Color de fondo de grupo
Group Badge Background Color,Color de fondo de la insignia de grupo
Group Badge Foreground Color,Color de primer plano de la insignia de grupo
Group Corner Radius,Radio de esquina de grupo
Group Fold Background Color,Color de fondo del plegado de grupo
Group Title Color,Color del título de grupo
"Height of a single event row, in pixels - raise it for more breathing room.","Altura de una fila de evento, en píxeles - súbela para más espacio."
Horizontal Padding,Relleno horizontal
Hover Fill Color,Color de relleno al pasar el cursor
How much of the row width the conditions lane takes (0.2 - 0.8).,"Cuánto del ancho de la fila ocupa el carril de condiciones (0,2 - 0,8)."
Icon/text colour on the trigger badge.,Color del icono/texto en la insignia de disparador.
"Inner padding on the actions lane, in pixels.","Relleno interior del carril de acciones, en píxeles."
"Inner padding on the conditions lane, in pixels.","Relleno interior del carril de condiciones, en píxeles."
Invert Marker Color,Color del marcador de inversión
Lane Divider Color,Color del separador de carriles
Lane Divider Width,Grosor del separador de carriles
Language Block Accent Color,Color de acento de bloque de lenguaje
Line thickness of region marker borders.,Grosor de línea de los bordes del marcador de región.
Minimum Conditions Lane Width,Ancho mínimo del carril de condiciones
Minimum Row Height,Altura mínima de fila
Object Label Color,Color de la etiqueta de objeto
"Parameter values (numbers, strings) highlighted inside ACE text.","Los valores de parámetros (números, cadenas) resaltados dentro del texto de ACE."
"Pick a base + accent, then Generate. Fine-tune individual tokens below.",Elige una base + acento y luego Generar. Ajusta los tokens individuales abajo.
Quick Style - recolour everything at once,Estilo rápido - recolorear todo de una vez
Rebuild every colour token from the three colours above.,Reconstruye cada token de color a partir de los tres colores de arriba.
Region Corner Radius,Radio de esquina de región
Region Line Width,Grosor de línea de región
Reset To Default,Restablecer por defecto
Restore the bundled default look.,Restaura el aspecto por defecto incluido.
Row Background Alt Color,Color de fondo alterno de fila
Row Background Color,Color de fondo de fila
Row Border Color,Color del borde de fila
Save As Preset…,Guardar como preajuste…
Selection Fill Color,Color de relleno de selección
Sheet & rows (event style),Hoja y filas (estilo de evento)
Sheet Background Color,Color de fondo de la hoja
"Space between this chip and the next one, in pixels.","Espacio entre este chip y el siguiente, en píxeles."
"Space inside the chip, above and below its text, in pixels.","Espacio dentro del chip, arriba y abajo de su texto, en píxeles."
"Space inside the chip, left and right of its text, in pixels.","Espacio dentro del chip, a izquierda y derecha de su texto, en píxeles."
Text Color,Color del texto
Text colour of the role badge.,Color del texto de la insignia de rol.
Text colour on the group count badge.,Color del texto en la insignia de conteo de grupo.
"Text size adjustment for this chip kind, relative to the sheet font (+/- points).","Ajuste del tamaño del texto para este tipo de chip, respecto a la fuente de la hoja (+/- puntos)."
The 'Actions' header label colour.,El color de la etiqueta del encabezado «Acciones».
The 'Conditions' header label colour.,El color de la etiqueta del encabezado «Condiciones».
The background of a normal event row.,El fondo de una fila de evento normal.
The background of every OTHER row (the zebra stripe).,El fondo de cada OTRA fila (la franja cebra).
The banner colour behind a full-width comment.,El color del banner detrás de un comentario de ancho completo.
"The colour behind the whole sheet, outside the rows.","El color detrás de toda la hoja, fuera de las filas."
The conditions lane never shrinks below this many pixels.,El carril de condiciones nunca se reduce por debajo de estos píxeles.
The group title text colour.,El color del texto del título de grupo.
The group's left accent stripe and hairlines.,La franja de acento izquierda del grupo y sus líneas finas.
The highlight over a selected row.,El resaltado sobre una fila seleccionada.
"The object/origin label before each condition/action (System, node class).","La etiqueta de objeto/origen antes de cada condición/acción (System, clase de nodo)."
The red X shown on an inverted (negated) condition.,La X roja mostrada en una condición invertida (negada).
"The soft-purple 'this is a behavior' accent (banner, region default).","El acento violeta suave «esto es un comportamiento» (banner, región por defecto)."
"The stripe + wash on language blocks (a data class, a host binding, a switch case) so they read as code structure, not regular events.","La franja + el velo en los bloques de lenguaje (clase de datos, enlace de host, switch) para que se lean como estructura de código, no como eventos normales."
The text colour of comments.,El color del texto de los comentarios.
The text colour of the chip.,El color del texto del chip.
The thin line between rows.,La línea fina entre filas.
The tint over the row under the mouse.,El tinte sobre la fila bajo el ratón.
The vertical line splitting conditions from actions.,La línea vertical que separa las condiciones de las acciones.
Theme Editor,Editor de temas
Thickness of the conditions/actions divider line.,Grosor de la línea separadora de condiciones/acciones.
Tint over a single condition/action cell under the mouse.,Tinte sobre una sola celda de condición/acción bajo el ratón.
Trigger Badge Background Color,Color de fondo de la insignia de disparador
Trigger Badge Foreground Color,Color de primer plano de la insignia de disparador
Value Highlight Color,Color de resaltado de valores
Vertical Padding,Relleno vertical
Width reserved for the trigger/condition badge column.,Ancho reservado para la columna de insignias de disparador/condición.
Add Comment Sub-Event,Añadir subevento de comentario
Add GDScript Action,Añadir acción GDScript
Add Match To Actions…,Añadir un match a las acciones…
Add Pick Filter (For Each)…,Añadir filtro de selección (Para cada)…
Add Sub-Condition,Añadir subcondición
Add Sub-Event,Añadir subevento
Attach To Event Above,Adjuntar al evento de arriba
Clear Else,Quitar el Si no (Else)
Clear Else-If,Quitar el Si no-Si (Else-If)
Close Group,Cerrar el grupo
Comment,Comentario
Convert to AND Block,Convertir en bloque Y
Convert to OR Block,Convertir en bloque O
Copy as Text,Copiar como texto
Cut,Cortar
Delete,Eliminar
Disable / Enable Selection,Desactivar / Activar la selección
Disable Row,Desactivar la fila
Duplicate,Duplicar
Duplicate Selection,Duplicar la selección
Edit Comment…,Editar comentario…
Edit Description…,Editar descripción…
Enable Row,Activar la fila
Enum,Enum
Event Above,Evento arriba
Event Below,Evento abajo
Find Usages (project),Buscar usos (proyecto)
GDScript Block,Bloque GDScript
Group,Grupo
Group Color…,Color del grupo…
Group Selection into New Group,Agrupar la selección en un grupo nuevo
Insert,Insertar
Make Else,Convertir en Si no (Else)
Make Else-If,Convertir en Si no-Si (Else-If)
More,Más
Open / Close Group,Abrir / Cerrar el grupo
Open Group,Abrir el grupo
Open in Split,Abrir en vista dividida
Runtime Toggleable,Conmutable en ejecución
Save Selection as Snippet…,Guardar la selección como fragmento…
Scope Actions To Node…,Limitar las acciones a un nodo…
Set Breakpoint Condition…,Definir la condición del punto de interrupción…
Signal Handler,Manejador de señal
Variable,Variable
Else,Si no
Else If,"Si no, Si"
"A list of numbers (Array[float]) - weights, timings, chances.","Una lista de números (Array[float]) - pesos, tiempos, probabilidades."
"A list of text entries (Array[String]) - names, lines, tags.","Una lista de entradas de texto (Array[String]) - nombres, líneas, etiquetas."
"A list of whole numbers (Array[int]) - scores, ids, tile indexes.","Una lista de números enteros (Array[int]) - puntuaciones, ids, índices de teselas."
A list that can hold anything (mixed types allowed).,Una lista que puede contener cualquier cosa (se permiten tipos mezclados).
Action Object Column Width,Ancho de la columna de objeto de las acciones
Condition Object Column Width,Ancho de la columna de objeto de las condiciones
Designer Template,Plantilla de diseñador
Fixed width of the object-name column in the actions lane (0 = text flows after each name). Also set by dragging the name/text gap in a row.,Ancho fijo de la columna de nombres de objeto en el carril de acciones (0 = el texto fluye tras cada nombre). También se ajusta arrastrando el hueco nombre/texto en una fila.
Fixed width of the object-name column in the conditions lane (0 = text flows after each name). Also set by dragging the name/text gap in a row.,Ancho fijo de la columna de nombres de objeto en el carril de condiciones (0 = el texto fluye tras cada nombre). También se ajusta arrastrando el hueco nombre/texto en una fila.
Group Row Height,Altura de la fila de grupo
"Height of a group header bar, in pixels - double an event row by default; lower it for the classic slim bar.","Altura de la barra de cabecera de un grupo, en píxeles - el doble de una fila de evento por defecto; redúcela para la clásica barra fina."
Language,Idioma
"Make your own data asset in three questions: name one entry, list its columns, done - a Resource whose Inspector is a fill-in table, saved as .tres files designers edit.","Crea tu propio asset de datos en tres preguntas: nombra una entrada, lista sus columnas, listo - un Resource cuyo Inspector es una tabla para rellenar, guardado como archivos .tres que los diseñadores editan."
Named anything (by text key) - a flexible data bag.,Cualquier cosa con nombre (por clave de texto) - una bolsa de datos flexible.
"Named numbers (by text key) - e.g. volumes[""music""] = 0.8.","Números con nombre (por clave de texto) - p. ej. volumes[""music""] = 0.8."
Named slots holding anything: look values up by a key.,Ranuras con nombre que contienen cualquier cosa: busca los valores por clave.
"Named text (by text key) - e.g. lines[""greeting""].","Texto con nombre (por clave de texto) - p. ej. lines[""greeting""]."
"Named whole numbers (by text key) - e.g. costs[""sword""] = 10.","Números enteros con nombre (por clave de texto) - p. ej. costs[""sword""] = 10."
New Custom Resource…,Nuevo recurso personalizado…
New Editor Tool…,Nueva herramienta de editor…
Object Icons,Iconos de objeto
"Start an editor-side tool sheet: its events run INSIDE the editor (script editor > File > Run), never in the game - batch renames, scene checks, one-click chores.","Inicia una hoja de herramienta del lado del editor: sus eventos se ejecutan DENTRO del editor (editor de scripts > File > Run), nunca en el juego - renombrados en lote, comprobaciones de escenas, tareas de un clic."
Switch the EventSheets editor language. Drop a translation CSV into addons/eventsheet/translations/ and it appears here automatically.,Cambia el idioma del editor de EventSheets. Suelta un CSV de traducción en addons/eventsheet/translations/ y aparecerá aquí automáticamente.
"Makes your own data asset: a Resource with a table designers fill in the Inspector and save as .tres files - loot tables, dialogue lines, wave plans, anything that is rows of data. No annotations to learn; describe the rows and the sheet is generated.","Crea tu propio asset de datos: un Resource con una tabla que los diseñadores rellenan en el Inspector y guardan como archivos .tres - tablas de botín, líneas de diálogo, planes de oleadas, cualquier cosa que sean filas de datos. Sin anotaciones que aprender; describe las filas y la hoja se genera."
What are you making?,¿Qué vas a crear?
One entry is a…,Una entrada es un(a)…
Resource name,Nombre del recurso
What does an entry have?,¿Qué tiene una entrada?
"One column per line. Plain words make a text column; add "": float"", "": int"", or "": bool"" for numbers and toggles; list choices with | for a dropdown.

name
kind: coin|gem|key
weight: float","Una columna por línea. Las palabras simples crean una columna de texto; añade "": float"", "": int"" o "": bool"" para números e interruptores; lista opciones con | para un desplegable.

name
kind: coin|gem|key
weight: float"
Before it works,Antes de que funcione
Warn in the Inspector until the table has rows (required),Avisar en el Inspector hasta que la tabla tenga filas (obligatorio)
"Add a validation check (a function warning about bad data, live)","Añadir una comprobación de validación (una función que avisa de datos incorrectos, en vivo)"
Creates a ready-to-edit validate function: it runs while the table is edited in the Inspector and shows any warning it returns above the field. Add your own rules as condition rows.,Crea una función validate lista para editar: se ejecuta mientras la tabla se edita en el Inspector y muestra sobre el campo cualquier aviso que devuelva. Añade tus propias reglas como filas de condición.
Inspector button,Botón del Inspector
"Show this function as a one-click button in the Inspector, labelled with this text. Pressing the button runs the function's rows - great for editor chores like re-baking, refilling, or validating.","Muestra esta función como un botón de un clic en el Inspector, etiquetado con este texto. Pulsar el botón ejecuta las filas de la función - ideal para tareas del editor como rehacer un bake, rellenar de nuevo o validar."
Plain GDScript - anything valid in an expression works here. Ctrl+Space completes sheet variables/functions and host members. Alt+Enter grows the box for a long expression (and shrinks it back).,GDScript puro - aquí funciona cualquier cosa válida en una expresión. Ctrl+Space completa las variables/funciones de la hoja y los miembros del anfitrión. Alt+Enter agranda la caja para una expresión larga (y la vuelve a encoger).
"Find Expressions - open the expressions dictionary (floating: double-click inserts, stays open until you close it)","Buscar expresiones - abre el diccionario de expresiones (flotante: doble clic inserta, permanece abierto hasta que lo cierres)"
Expressions dictionary,Diccionario de expresiones
Double-click to insert at the cursor - the dictionary stays open so results chain. You can also just type in the field: the same expressions autocomplete as you go.,Haz doble clic para insertar en el cursor - el diccionario permanece abierto para encadenar resultados. También puedes escribir directamente en el campo: las mismas expresiones se autocompletan mientras escribes.
Loop index (optional),Índice de bucle (opcional)
"Name a counter that runs 0, 1, 2... each pass - Construct's loopindex. Read it with the Loop Index expression; give nested loops distinct names and read an outer one with Loop Index Of.","Nombra un contador que avanza 0, 1, 2... en cada pasada - el loopindex de Construct. Léelo con la expresión Loop Index; da nombres distintos a los bucles anidados y lee uno exterior con Loop Index Of."
Write one value per line (multi-line enum),Escribir un valor por línea (enum multilínea)
"Off: enum State { IDLE, RUN }. On: each value on its own tab-indented line - the usual shape for long enums with explicit numbers.","Desactivado: enum State { IDLE, RUN }. Activado: cada valor en su propia línea indentada con tabulación - la forma habitual de los enums largos con números explícitos."
Addon Pack,Paquete de extensión
Make your own data asset,Crea tu propio asset de datos
"Sheets aren't only for gameplay: Sheet > New Custom Resource… asks three plain questions (what one entry is called, what columns it has, whether it's required) and builds a data asset whose Inspector is a fill-in table - loot tables, dialogue lines, wave plans. Designers fill rows and save .tres variants; your sheets load them. And Sheet > New Editor Tool… makes one-click editor chores the same way.","Las hojas no son solo para el gameplay: Sheet > New Custom Resource… hace tres preguntas sencillas (cómo se llama una entrada, qué columnas tiene, si es obligatoria) y construye un asset de datos cuyo Inspector es una tabla para rellenar - tablas de botín, líneas de diálogo, planes de oleadas. Los diseñadores rellenan filas y guardan variantes .tres; tus hojas las cargan. Y Sheet > New Editor Tool… crea del mismo modo tareas de editor de un clic."
Peek at Sheet > New Custom Resource… (Esc closes it without creating anything).,Echa un vistazo a Sheet > New Custom Resource… (Esc lo cierra sin crear nada).
Connect Signal to Event Sheet,Conectar señal a la hoja de eventos
Connect,Conectar
%s - pick a signal,%s - elija una señal
An On <Signal> event is added to the node's sheet; its actions run when the signal fires.,Se añade un evento On <Signal> a la hoja del nodo; sus acciones se ejecutan cuando se emite la señal.
Filter signals...,Filtrar señales...
Connected %s - add actions to the new event.,%s conectado - añada acciones al nuevo evento.
Open the EventSheet workspace to connect signals.,Abra el espacio EventSheet para conectar señales.
Bold (Ctrl+B),Negrita (Ctrl+B)
Italic (Ctrl+I),Cursiva (Ctrl+I)
Underline (Ctrl+U),Subrayado (Ctrl+U)
Strikethrough (Ctrl+Shift+S),Tachado (Ctrl+Shift+S)
Wrap the selection in [color=...] (edit the hex after),Envuelve la selección en [color=...] (edite el color después)
Loaded: (unsaved EventSheet),Cargado: (EventSheet sin guardar)
Event Numbers,Números de evento
Aligned Object Columns,Columnas de objeto alineadas
Outline…,Esquema…
Outline,Esquema
Go to Event,Ir al evento
Go to Event Number…,Ir al número de evento…
Bookmarks,Marcadores
◂ Previous,◂ Anterior
Next ▸,Siguiente ▸
Clear All,Borrar todo
Current sheet,Hoja actual
Filter,Filtrar
Edit Values Across Selection…,Editar valores en la selección…
Select All Events Using This,Seleccionar todos los eventos que lo usan
Replace Object References…,Reemplazar referencias de objeto…
Paste Special…,Pegado especial…
Replace Object References,Reemplazar referencias de objeto
Retarget the selection,Reorientar la selección
Replace,Reemplazar
From,De
To,A
Add Field…,Añadir campo…
Remove Field,Quitar campo
Add Field,Añadir campo
New field on this data class,Nuevo campo en esta clase de datos
all,todo
Action,Acción
Condition,Condición
Expression,Expresión
Trigger,Disparador
Signal,Señal
gives back %s,devuelve %s
emits %s,emite %s
waits,espera
static,estático
internal,interno
★ featured,★ destacado
text,texto
number,número
true/false,verdadero/falso
point,punto
color,color
any,cualquiera
Edit Parameter,Editar parámetro
Add Parameter,Añadir parámetro
Apply,Aplicar
Delete this parameter,Eliminar este parámetro
Edit the whole verb…,Editar el verbo completo…
e.g. amount,p. ej. amount
leave empty to make it required,déjalo vacío para hacerlo obligatorio
what this input is for,para qué sirve esta entrada
A parameter needs a name.,Un parámetro necesita un nombre.
Updated the parameter.,Parámetro actualizado.
Removed the parameter.,Parámetro eliminado.
e.g. Re-bake  (empty = no button),p. ej. Rehornear  (vacío = sin botón)
"What this verb is called. Write it in plain words - ""Take Damage"" becomes take_damage in the generated GDScript. Other rows call the verb by this name.","Cómo se llama este verbo. Escríbelo con palabras sencillas: ""Take Damage"" se convierte en take_damage en el GDScript generado. Otras filas llaman al verbo por este nombre."
Godot's own documentation for this verb. It is written above the function as ## lines and shows up in the editor's built-in help and when hovering the verb elsewhere. Optional.,La documentación propia de Godot para este verbo. Se escribe encima de la función como líneas ## y aparece en la ayuda integrada del editor y al pasar el ratón sobre el verbo. Opcional.
"Puts a clickable button on this node's Inspector panel, labelled with whatever you type here. Pressing it runs this verb right there in the editor - handy for chores like re-baking a level or filling in test data. Leave it empty (the usual case) and no button appears.","Coloca un botón en el panel Inspector de este nodo, con la etiqueta que escribas aquí. Al pulsarlo se ejecuta este verbo dentro del editor: práctico para tareas como rehornear un nivel o rellenar datos de prueba. Déjalo vacío (lo habitual) y no aparece ningún botón."
"The kind of value this verb hands back to whoever asked - a number, some text, a true/false, a position, and so on. Pick the one that matches what the verb works out.","El tipo de valor que este verbo devuelve a quien lo pide: un número, texto, un verdadero/falso, una posición, etc. Elige el que corresponda a lo que el verbo calcula."
"One line saying what this verb does. It shows beside the verb in the picker, so it is what somebody reads when deciding whether this is the verb they want.","Una línea que explica qué hace este verbo. Aparece junto al verbo en el selector, así que es lo que alguien lee al decidir si es el verbo que busca."
"The friendly name shown in the picker instead of the function name - ""Deal Damage"" reads better than deal_damage. Leave it empty to let it default from the verb name.","El nombre amigable que se muestra en el selector en lugar del nombre de la función: ""Deal Damage"" se lee mejor que deal_damage. Déjalo vacío para derivarlo del nombre del verbo."
"Which section of the picker files this verb. Verbs sharing a category are grouped together, so a pack usually puts all of its verbs under one - its own name works well.","En qué sección del selector se archiva este verbo. Los verbos de la misma categoría se agrupan, así que un paquete suele poner todos los suyos en una: su propio nombre funciona bien."
"What this input is called. It becomes the parameter's name in the generated GDScript, and the label on the verb's row, so plain words beat abbreviations.","Cómo se llama esta entrada. Se convierte en el nombre del parámetro en el GDScript generado y en la etiqueta de la fila del verbo, así que las palabras claras ganan a las abreviaturas."
"What kind of value this input accepts - a number (int / float), text (String), a true/false (bool), a position (Vector2 / Vector3), or Variant for anything at all.","Qué tipo de valor acepta esta entrada: un número (int / float), texto (String), un verdadero/falso (bool), una posición (Vector2 / Vector3) o Variant para cualquier cosa."
"An optional starting value, so whoever uses the verb can skip this input. Written as GDScript (10, 1.5, ""idle"", true). GDScript requires inputs WITH a default to come last, so filling this in may move the parameter down.","Un valor inicial opcional, para que quien use el verbo pueda omitir esta entrada. Se escribe como GDScript (10, 1.5, ""idle"", true). GDScript exige que las entradas CON valor por defecto vayan al final, así que rellenarlo puede mover el parámetro hacia abajo."
"One line explaining this input. It shows in the picker beside the field, which is where somebody decides what to type into it.","Una línea que explica esta entrada. Aparece en el selector junto al campo, que es donde alguien decide qué escribir en él."
Removes the input from the verb entirely. Anything already calling the verb loses the value it was passing here.,Elimina la entrada del verbo por completo. Todo lo que ya llame al verbo pierde el valor que pasaba aquí.
"Each parameter has a name, type, optional default value, and description.","Cada parámetro tiene un nombre, un tipo, un valor por defecto opcional y una descripción."
A GDScript boolean expression - the body runs only when all hold (e.g. host.enabled).,Una expresión booleana de GDScript: el cuerpo se ejecuta solo cuando todas se cumplen (p. ej. host.enabled).
Publishes the verb into pickers as the chosen kind.,Publica el verbo en los selectores con el tipo elegido.
Optional default value (a GDScript expression). Defaulted params must come last.,Valor por defecto opcional (una expresión de GDScript). Los parámetros con valor por defecto deben ir al final.
Remove this parameter.,Eliminar este parámetro.
Remove this condition.,Eliminar esta condición.
New Function,Nueva función
"Action, Condition, or Expression?","¿Acción, condición o expresión?"
Function,Función
Edit Function…,Editar función…
+ describe this function,+ describir esta función
+ category,+ categoría
Function names must be valid identifiers (e.g. take_damage).,Los nombres de función deben ser identificadores válidos (p. ej. take_damage).
Publish to the picker (other sheets can use it),Publicar en el selector (otras hojas pueden usarlo)
"Drag this label sideways to scrub the value (Shift = fine, Ctrl = coarse).","Arrastra esta etiqueta hacia los lados para ajustar el valor (Mayus = fino, Ctrl = grueso)."
Curate Script…,Curar el script…
Parameters…,Parámetros…
Keep Old Name…,Conservar el nombre anterior…
Keep the old name working,Mantener el nombre anterior en funcionamiento
Add Shim,Añadir sustituto
the previous function name,el nombre anterior de la función
Write Annotations,Escribir anotaciones
Publish New Version…,Publicar nueva versión…
Name Raw Calls…,Nombrar llamadas sin procesar…
Compact Rows,Filas compactas
Remember Between Runs,Recordar entre partidas
Add Entry…,Añadir entrada…
Edit Entry…,Editar entrada…
Remove Entry,Eliminar entrada
Lock Verb Body (read-only),Bloquear cuerpo del verbo (solo lectura)
State,Estado
is one of,es uno de
or,o
and,y
more,más
values,valores
default,predeterminado
+ Add value…,+ Añadir valor…
Runs in editor,Se ejecuta en el editor
Remembered variables,Variables recordadas
Setup lines,Líneas de configuración
double-click to edit in code,doble clic para editar en código
Host binding,Vinculación al host
decides by state,decide según el estado
states below,estados abajo
decides by,decide según
branches below,ramas abajo
Not,No
(animations),(animaciones)
(no backups yet - they appear from the second save on),(aún no hay copias - aparecen a partir del segundo guardado)
(no enums on this sheet),(no hay enums en esta hoja)
(no match - keep typing),(sin coincidencias - siga escribiendo)
(or choose),(o elija)
(or type your own...),(o escriba el suyo...)
(plain),(simple)
Autoload (always-on singleton),Autoload (singleton siempre activo)
Behavior (acts on parent),Comportamiento (actúa sobre el padre)
Behavior Component (signal-driven),Componente de comportamiento (por señales)
Blank Sheet,Hoja en blanco
Children,Hijos
Copy annotation stub,Copiar plantilla de anotación
Copy registrar snippet,Copiar fragmento de registro
Custom Node,Nodo personalizado
Custom Resource (data + logic),Recurso personalizado (datos + lógica)
Custom Resource (data asset),Recurso personalizado (asset de datos)
Editor Tool,Herramienta del editor
Editor Tool (one-click chore),Herramienta del editor (tarea de un clic)
Entity System (Autoload),Sistema de entidades (Autoload)
Event Bus (Autoload),Bus de eventos (Autoload)
Event Sheet,Hoja de eventos
Fast (60),Rápido (60)
First-Person Controller (3D),Controlador en primera persona (3D)
GDScript iterable,Iterable de GDScript
Game State (Autoload),Estado del juego (Autoload)
Hide this verb,Ocultar este verbo
Major - breaking changes,Mayor - cambios incompatibles
"Minor - new verbs, nothing breaks","Menor - verbos nuevos, nada se rompe"
No actions or conditions were found on the dropped node.,No se encontraron acciones ni condiciones en el nodo soltado.
No sheets open,No hay hojas abiertas
Node group,Grupo de nodos
"Patch - fixes, no new verbs","Parche - correcciones, sin verbos nuevos"
Pin / Unpin Favorite,Fijar / soltar favorito
Platformer Starter,Inicio de plataformas
Recently closed,Cerradas recientemente
Repeat N times,Repetir N veces
Reset to the inferred name,Restablecer al nombre inferido
Save System (Autoload),Sistema de guardado (Autoload)
Slow (30),Lento (30)
Third-Person Mover (3D),Movimiento en tercera persona (3D)
Top-down Starter,Inicio vista cenital
While (condition),Mientras (condición)
bow,arco
keep format,mantener formato
potion,poción
sword,espada
Rename this verb…,Renombrar este verbo…
Set its category…,Definir su categoría…
timeline,línea de tiempo
steps,pasos
at,a los
Add Step…,Añadir paso…
Timeline,Línea de tiempo
Render Scene To Image,Renderizar escena a imagen
"Instantiates a scene into an off-screen viewport, lets it settle for a frame, and saves what it shows as a PNG - thumbnails, store shots, doc figures, baked sprites. Needs a windowed editor: a headless run has no renderer, so it warns and writes nothing.","Instancia una escena en un viewport fuera de pantalla, la deja asentarse un fotograma y guarda lo que muestra como PNG: miniaturas, capturas para la tienda, figuras de documentación, sprites horneados. Necesita un editor con ventana: una ejecución headless no tiene renderizador, así que avisa y no escribe nada."
Preview Table Rolls,Previsualizar tiradas de tabla
"Rolls a weighted table many times and reports what actually came out: per entry the rolled percent, the percent its weight implies, and the gap between them. Pure maths - it runs anywhere, and the same seed always gives the same numbers.","Tira muchas veces de una tabla ponderada e informa de lo que salió realmente: por entrada el porcentaje obtenido, el porcentaje que implica su peso y la diferencia entre ambos. Matemática pura: funciona en cualquier parte, y la misma semilla siempre da los mismos números."
On Project Export,Al exportar el proyecto
"Runs while a project export is starting, before the files are written - the place to stamp a build number, bake a data file, or strip debug content.","Se ejecuta cuando comienza una exportación del proyecto, antes de escribir los archivos: el sitio para sellar un número de compilación, hornear un archivo de datos o quitar contenido de depuración."
Write Version Stamp,Escribir sello de versión
"Writes a small build stamp file: the version string plus the date and time the stamp was written. The timestamp is read when the tool runs, so the generated code stays identical every save.","Escribe un pequeño archivo de sello de compilación: la cadena de versión más la fecha y hora en que se escribió el sello. La marca de tiempo se lee al ejecutar la herramienta, así que el código generado es idéntico en cada guardado."
Export Is Debug,La exportación es de depuración
True when the export that triggered this bake step is a debug build. Use it inside On Project Export to keep test content out of release builds.,Verdadero cuando la exportación que disparó este paso de horneado es una compilación de depuración. Úselo dentro de Al exportar el proyecto para mantener el contenido de prueba fuera de las versiones finales.
Export Has Feature,La exportación tiene la característica
"True when the export preset that triggered this bake step carries the given feature tag - the way to bake different data for mobile, web or desktop.","Verdadero cuando el preajuste de exportación que disparó este paso de horneado lleva la etiqueta de característica indicada: la forma de hornear datos distintos para móvil, web o escritorio."
Share Code For,Código para compartir de
"Turns any value into one compact line of text a player can paste anywhere - a seed, a loadout, a whole save. Read it back with Value From Share Code.","Convierte cualquier valor en una línea compacta de texto que un jugador puede pegar en cualquier sitio: una semilla, un equipamiento, una partida entera. Se vuelve a leer con Valor desde código para compartir."
Utility: Window,Utilidades: Ventana
share code for [b]{value}[/b],código para compartir de [b]{value}[/b]
Value,Valor
"Anything - a run seed, a loadout list, a colour, a whole save record.","Cualquier cosa: una semilla de partida, una lista de equipamiento, un color, un registro de guardado completo."
Copy Share Code To Clipboard,Copiar código para compartir al portapapeles
"Encodes any value as a share code and puts it straight on the operating system clipboard, ready to paste.","Codifica cualquier valor como código para compartir y lo deja directamente en el portapapeles del sistema, listo para pegar."
copy share code for [b]{value}[/b] to clipboard,copiar el código para compartir de [b]{value}[/b] al portapapeles
"Anything - a run seed, a loadout list, a whole save record.","Cualquier cosa: una semilla de partida, una lista de equipamiento, un registro de guardado completo."
Share Code Is Valid,El código para compartir es válido
"True when the text really is a share code that decodes cleanly, so a paste box can refuse garbage before it reaches the game. Ask it when the pasted text CHANGES (a Paste button, On Text Changed) rather than every frame: a code mangled in transit can still reach the decoder, and the engine logs a line each time it is refused. A code that was made from nothing at all also reads as invalid.","Verdadero cuando el texto es realmente un código para compartir que se decodifica limpiamente, de modo que una caja de pegado puede rechazar basura antes de que llegue al juego. Pregúntalo cuando el texto pegado CAMBIE (un botón Pegar, Al cambiar el texto), no en cada fotograma: un código dañado en tránsito sí llega al decodificador, y el motor escribe una línea cada vez que lo rechaza. Un código hecho a partir de nada también se lee como no válido."
[b]{code}[/b] is a valid share code,[b]{code}[/b] es un código para compartir válido
Code,Código
The pasted text to test - usually Clipboard Text or a paste box's text.,El texto pegado que se comprueba: normalmente Texto del portapapeles o el texto de una caja de pegado.
Value From Share Code,Valor desde código para compartir
"Reads the value back out of a share code, giving nothing when the text is not a valid code.","Vuelve a leer el valor de un código para compartir, y no devuelve nada cuando el texto no es un código válido."
value from share code [b]{code}[/b],valor desde el código para compartir [b]{code}[/b]
The share code text to read - check it with Share Code Is Valid first.,El texto del código para compartir que se lee: compruébalo antes con El código para compartir es válido.
Clipboard Has Text,El portapapeles tiene texto
True when the operating system clipboard currently holds any text - gate a paste box on it.,Verdadero cuando el portapapeles del sistema contiene algún texto ahora mismo: úsalo para habilitar una caja de pegado.
clipboard has text,el portapapeles tiene texto
Clipboard Has Image,El portapapeles tiene una imagen
"True when the operating system clipboard currently holds an image, such as a screenshot the player just copied.","Verdadero cuando el portapapeles del sistema contiene una imagen ahora mismo, como una captura que el jugador acaba de copiar."
clipboard has an image,el portapapeles tiene una imagen
Clipboard Image,Imagen del portapapeles
The image currently on the operating system clipboard - feed it to ImageTexture.create_from_image to show it.,La imagen que hay ahora mismo en el portapapeles del sistema: pásala a ImageTexture.create_from_image para mostrarla.
clipboard image,imagen del portapapeles
Clipboard Text Is,El texto del portapapeles es
"Compares whatever text is on the clipboard against a value, with your choice of operator.","Compara el texto que haya en el portapapeles con un valor, usando el operador que elijas."
clipboard text {op} [b]{value}[/b],texto del portapapeles {op} [b]{value}[/b]
Operator,Operador
Comparison.,Comparación.
= (equal to),= (igual a)
!= (not equal to),!= (distinto de)
< (less than),< (menor que)
<= (at most),<= (como mucho)
> (greater than),> (mayor que)
>= (at least),>= (al menos)
Text to compare the clipboard against.,Texto con el que se compara el portapapeles.
Clone Into,Clonar en
"Copies a live node, adds the copy to a parent, places it and optionally puts it in a group - the one-row form of Duplicate Node plus Add Child plus Set Position. Use Spawn Scene when you are starting from a .tscn file instead.","Copia un nodo vivo, añade la copia a un padre, la coloca y opcionalmente la mete en un grupo: la forma de una sola fila de Duplicar nodo más Añadir hijo más Fijar posición. Si partes de un archivo .tscn, usa Generar escena."
Nodes,Nodos
"clone [i]{source}[/i] into [i]{parent}[/i] at [b]{at}[/b], group [b]{group}[/b]","clonar [i]{source}[/i] en [i]{parent}[/i] en [b]{at}[/b], grupo [b]{group}[/b]"
The live node to copy.,El nodo vivo que se copia.
Into,En
Where the copy is added.,Dónde se añade la copia.
At,En
World position for the copy (a Vector3 for a 3D node). Only used when the copy has a position.,Posición en el mundo para la copia (un Vector3 si el nodo es 3D). Solo se usa cuando la copia tiene posición.
Optional group for the copy (blank = none).,Grupo opcional para la copia (en blanco = ninguno).
Remember Value As,Recordar valor como
"Copies any value aside under a name, in memory, for this run - the before-value for a preview, a buff or a cutscene. For memory that survives closing the game use Remember Between Runs on the variable, or the Save System pack.","Guarda cualquier valor aparte bajo un nombre, en memoria, durante esta partida: el valor previo para una vista previa, una mejora o una escena. Para memoria que sobreviva al cierre del juego usa Recordar entre partidas en la variable, o el paquete Sistema de guardado."
Run Context,Contexto de ejecución
remember [b]{value}[/b] as [b]{name}[/b],recordar [b]{value}[/b] como [b]{name}[/b]
Any label you also use in Restore Value Into.,Cualquier etiqueta que uses también en Restaurar valor en.
The value to copy aside.,El valor que se guarda aparte.
Restore Value Into,Restaurar valor en
Pours a remembered value back into a variable. When nothing was remembered under that name the variable keeps what it already had.,"Vuelca un valor recordado de nuevo en una variable. Si no se recordó nada bajo ese nombre, la variable conserva lo que ya tenía."
restore [b]{name}[/b] into [b]{var_name}[/b],restaurar [b]{name}[/b] en [b]{var_name}[/b]
The label used in Remember Value As.,La etiqueta usada en Recordar valor como.
Into Variable,En la variable
Variable that receives the remembered value (left alone when nothing was remembered).,Variable que recibe el valor recordado (se deja intacta si no se recordó nada).
Remembered Value,Valor recordado
"The value remembered under a name this run, or your fallback when there is none - read it without pouring it back.","El valor recordado bajo un nombre en esta partida, o tu valor de reserva si no hay ninguno: leerlo sin volcarlo de vuelta."
remembered [b]{name}[/b] or [b]{fallback}[/b],recordado [b]{name}[/b] o [b]{fallback}[/b]
Or,O
What you get when nothing was remembered under that name.,Lo que obtienes si no se recordó nada bajo ese nombre.
Has Remembered,Tiene recordado
True when something was remembered under that name this run - the gate on a Cancel button that should only undo a preview it actually took.,Verdadero cuando en esta partida se recordó algo bajo ese nombre: la condición de un botón Cancelar que solo debe deshacer una vista previa que realmente tomó.
has remembered [b]{name}[/b],tiene recordado [b]{name}[/b]
Forget Remembered,Olvidar lo recordado
"Drops a remembered value, so Has Remembered reads false again. Forgetting a name that was never remembered is harmless.","Descarta un valor recordado, de modo que Tiene recordado vuelve a ser falso. Olvidar un nombre que nunca se recordó es inofensivo."
forget remembered [b]{name}[/b],olvidar lo recordado [b]{name}[/b]
Resources In Folder,Recursos en la carpeta
"Loads every data asset (.tres) in a folder as a list, so a folder of files becomes your content - items, enemies, levels, or a mod folder. A missing folder gives an empty list, and a file that fails to load is left out rather than arriving as nothing.","Carga como lista todos los recursos de datos (.tres) de una carpeta, de modo que una carpeta de archivos se convierte en tu contenido: objetos, enemigos, niveles o una carpeta de mods. Una carpeta que no existe da una lista vacía, y un archivo que no se puede cargar se descarta en vez de llegar como nada."
Files,Archivos
resources in [b]{folder}[/b],recursos en [b]{folder}[/b]
Folder,Carpeta
"Folder to scan (not recursive). Every .tres / .res inside it is loaded, in the folder's own order.","Carpeta que se explora (no recursiva). Se carga cada .tres / .res que hay dentro, en el orden propio de la carpeta."
Resource In Folder,Recurso en la carpeta
"Fetches one data asset out of a folder by its file name, or nothing at all when there is no such file - no red error.","Saca un único recurso de datos de una carpeta por su nombre de archivo, o nada en absoluto si ese archivo no existe: sin error en rojo."
resource [b]{name}[/b] in [b]{folder}[/b],recurso [b]{name}[/b] en [b]{folder}[/b]
Folder holding the data assets.,Carpeta que contiene los recursos de datos.
"File name WITHOUT the .tres extension - ""rusty_sword"" finds rusty_sword.tres.","Nombre de archivo SIN la extensión .tres: ""rusty_sword"" encuentra rusty_sword.tres."
Load Resource Or Default,Cargar recurso o valor por defecto
"Loads a file and hands back your fallback when it is missing, so a deleted or mod-supplied file never crashes the game.","Carga un archivo y devuelve tu valor de reserva cuando falta, de modo que un archivo borrado o aportado por un mod nunca hace fallar el juego."
load [b]{path}[/b] or [i]{fallback}[/i],cargar [b]{path}[/b] o [i]{fallback}[/i]
Path,Ruta
Full path to the resource or scene to load.,Ruta completa al recurso o escena que se carga.
Fallback,Valor de reserva
"What to use instead when the file is not there (a preloaded default, or null).","Qué usar en su lugar cuando el archivo no está (un valor por defecto precargado, o null)."
Count Of Resources In,Número de recursos en
"How many data assets a folder holds, counted without loading any of them - zero if the folder is missing.","Cuántos recursos de datos contiene una carpeta, contados sin cargar ninguno: cero si la carpeta no existe."
count of resources in [b]{folder}[/b],número de recursos en [b]{folder}[/b]
Folder to count data assets in (not recursive).,Carpeta en la que se cuentan los recursos de datos (no recursiva).
Copy Resource (Independent),Copiar recurso (independiente)
"Makes a private copy of a resource, right down to the resources inside it, so writing to the copy never changes the .tres on disk or any other node holding it. Use this before a node edits its own stats.","Hace una copia privada de un recurso, hasta los recursos que lleva dentro, de modo que escribir en la copia nunca cambia el .tres del disco ni ningún otro nodo que lo tenga. Úsalo antes de que un nodo edite sus propias estadísticas."
Helpers,Ayudantes
independent copy of [i]{resource}[/i],copia independiente de [i]{resource}[/i]
Resource,Recurso
The resource to copy. Anything that is not a resource (including nothing at all) gives nothing back.,El recurso que se copia. Cualquier cosa que no sea un recurso (incluido nada en absoluto) no devuelve nada.
Copy Resource (Share Sub-Resources),Copiar recurso (compartir subrecursos)
Makes a cheap copy whose own fields are separate but whose inner resources and lists are still SHARED with the original. Pick this only when you want that sharing - otherwise use Copy Resource (Independent).,"Hace una copia barata cuyos campos propios están separados pero cuyos recursos y listas internos siguen COMPARTIDOS con el original. Elígelo solo si quieres ese uso compartido; si no, usa Copiar recurso (independiente)."
copy of [i]{resource}[/i] (sub-resources shared),copia de [i]{resource}[/i] (subrecursos compartidos)
Deep Copy,Copia profunda
"Copies the array AND every list or dictionary nested inside it, so editing the copy cannot reach back into the original. Copy Array only copies the outer level.","Copia el array Y cada lista o diccionario anidado dentro, de modo que editar la copia no puede alcanzar al original. Copiar array solo copia el nivel exterior."
Variables: Array,Variables: Array
deep copy of [b]{var_name}[/b],copia profunda de [b]{var_name}[/b]
Array,Array
Array variable to copy right through.,Variable de array que se copia por completo.
"Copies the dictionary AND every list or dictionary nested inside it, so editing the copy cannot reach back into the original. Copy Dictionary only copies the outer level.","Copia el diccionario Y cada lista o diccionario anidado dentro, de modo que editar la copia no puede alcanzar al original. Copiar diccionario solo copia el nivel exterior."
Variables: Dictionary,Variables: Diccionario
Dictionary,Diccionario
Dictionary variable to copy right through.,Variable de diccionario que se copia por completo.
Copy Values From,Copiar valores de
"Pours a list of values off another object onto this one, in one row instead of one row per property. Names the target does not have are skipped, so a single preset can serve several kinds of node.","Vuelca una lista de valores de otro objeto sobre este, en una sola fila en vez de una fila por propiedad. Los nombres que el destino no tiene se omiten, así un mismo ajuste sirve para varios tipos de nodo."
copy [b]{names}[/b] from [i]{source}[/i] into [i]{target}[/i],copiar [b]{names}[/b] de [i]{source}[/i] a [i]{target}[/i]
The object being written to - it is what changes.,El objeto en el que se escribe: es lo que cambia.
The object to read from - a node OR a resource.,El objeto del que se lee: un nodo O un recurso.
Names,Nombres
Comma-separated property names. Leave blank to copy every variable the source's script declares.,Nombres de propiedades separados por comas. Déjalo en blanco para copiar todas las variables que declara el script del origen.
Fill Blanks From,Rellenar huecos desde
"Writes a base's values ONLY into fields this object left empty, leaving everything you did fill in alone. That is the override chain: a base item plus a rarity variant, or a shipped table plus a mod file. Empty means nothing there: no value at all, blank text, an empty list or an empty record - a 0 and a false are real values and are kept, exactly as Is Nothing and Missing Fields read them.","Escribe los valores de una base SOLO en los campos que este objeto dejó vacíos, sin tocar nada de lo que sí rellenaste. Esa es la cadena de sobrescritura: un objeto base más una variante por rareza, o una tabla incluida más un archivo de mod. Vacío significa que no hay nada: ningún valor, texto en blanco, una lista vacía o un registro vacío. Un 0 y un falso son valores reales y se conservan, igual que los leen Es nada y Campos que faltan."
fill blanks in [i]{target}[/i] from [i]{base}[/i],rellenar huecos en [i]{target}[/i] desde [i]{base}[/i]
Fill,Rellenar
The one being completed - it is what changes.,El que se completa: es lo que cambia.
Where the missing values come from.,De dónde salen los valores que faltan.
Apply Preset To Node,Aplicar ajuste a un nodo
"Pours a data asset's fields onto the same-named properties of a node, so difficulty tiers, weapon tunings and boss phases become a data edit instead of a wall of rows.","Vuelca los campos de un recurso de datos sobre las propiedades del mismo nombre de un nodo, de modo que los niveles de dificultad, los ajustes de armas y las fases de jefe pasan a ser una edición de datos en vez de un muro de filas."
apply preset [b]{preset}[/b] to [i]{target}[/i],aplicar el ajuste [b]{preset}[/b] a [i]{target}[/i]
Preset,Ajuste
The data asset to pour on (a .tres you filled in the Inspector). Nothing happens if it is empty.,"El recurso de datos que se vuelca (un .tres que rellenaste en el Inspector). Si está vacío, no pasa nada."
The node to apply it to.,El nodo al que se aplica.
Matches Properties Of,Coincide en propiedades con
"True while the listed properties hold the same values on both objects - the cheap 'is this ghost still in sync' or 'has anything changed' check. A name neither object has reads as NOT matching, so a typo shows up instead of quietly passing, and either side being gone reads as not matching too.","Verdadero mientras las propiedades listadas tengan los mismos valores en ambos objetos: la comprobación barata de 'sigue este fantasma sincronizado' o 'ha cambiado algo'. Un nombre que ninguno de los dos objetos tiene se lee como NO coincidente, así que una errata salta a la vista en vez de pasar en silencio; y si falta cualquiera de los dos lados, tampoco coincide."
[i]{target}[/i] matches [b]{names}[/b] of [i]{other}[/i],[i]{target}[/i] coincide en [b]{names}[/b] con [i]{other}[/i]
Object,Objeto
The object to test.,El objeto que se comprueba.
"Comma-separated property names to compare. A blank list has nothing to compare, so it is true.","Nombres de propiedades separados por comas que se comparan. Una lista vacía no tiene nada que comparar, así que es verdadera."
Of,De
The object to compare against.,El objeto con el que se compara.
Data Is Older Than Version,Los datos son anteriores a la versión
"True when a loaded record was written by an older build than this one - the gate a migration sits under. A record with NO version field counts as 0, so the very first format upgrades too, and so does one whose version field is empty or is not a number at all.","Verdadero cuando un registro cargado lo escribió una compilación anterior a esta: la condición bajo la que va una migración. Un registro SIN campo de versión cuenta como 0, así que también se actualiza el primerísimo formato, igual que uno cuyo campo de versión está vacío o no es un número."
[b]{record}[/b] is older than version [b]{version}[/b],[b]{record}[/b] es anterior a la versión [b]{version}[/b]
Record,Registro
"The parsed record (a save file, a payload, a manifest).","El registro ya analizado (un archivo de guardado, una carga de datos, un manifiesto)."
Field,Campo
Which field holds the version number.,Qué campo contiene el número de versión.
Version,Versión
The version this build writes.,La versión que escribe esta compilación.
Rename Field,Renombrar campo
"Moves a value to its new field name, and does nothing at all when the old name is not there - so a migration is safe to run twice.","Mueve un valor a su nuevo nombre de campo, y no hace nada en absoluto cuando el nombre antiguo no está: así una migración se puede ejecutar dos veces sin peligro."
rename [b]{from_field}[/b] to [b]{to_field}[/b] in [i]{record}[/i],renombrar [b]{from_field}[/b] a [b]{to_field}[/b] en [i]{record}[/i]
"The record to migrate, edited in place.","El registro que se migra, editado en el sitio."
The old field name.,El nombre de campo antiguo.
The new field name (overwritten if it is already there).,El nombre de campo nuevo (se sobrescribe si ya existe).
Stamp Data Version,Sellar la versión de los datos
"Writes the current format number onto a record, so the next load knows it has already been migrated. Data Is Older Than Version reads it back, and reads it as 0 when it is missing or is not a number.","Escribe el número de formato actual en un registro, de modo que la siguiente carga sepa que ya se migró. Los datos son anteriores a la versión lo vuelve a leer, y lo lee como 0 cuando falta o no es un número."
stamp [i]{record}[/i] as version [b]{version}[/b],sellar [i]{record}[/i] como versión [b]{version}[/b]
The record to stamp.,El registro que se sella.
The version this build writes - a whole number.,La versión que escribe esta compilación: un número entero.
Table From File,Tabla desde archivo
"Reads a .csv whose FIRST line is the column names and gives you one record per row, each field reachable by column name - row[""price""]. Quoted cells may contain the separator, Windows line endings are fine, and a missing file simply gives no rows. Store it in an Array variable, then walk it with a For Each pick filter.","Lee un .csv cuya PRIMERA línea son los nombres de columna y te da un registro por fila, con cada campo accesible por nombre de columna: row[""price""]. Las celdas entrecomilladas pueden contener el separador, los finales de línea de Windows no son problema, y un archivo que falta simplemente no da filas. Guárdalo en una variable de array y luego recórrelo con un filtro de selección Para cada."
Files: Tables,Archivos: Tablas
rows of [b]{path}[/b],filas de [b]{path}[/b]
File,Archivo
The .csv to read. Its FIRST line must be the column names.,El .csv que se lee. Su PRIMERA línea deben ser los nombres de columna.
Separator,Separador
What separates the columns in that file.,Qué separa las columnas en ese archivo.
Comma,Coma
Semicolon,Punto y coma
Tab,Tabulación
Table From Text,Tabla desde texto
"The same column-names-first parse as Table From File, but over text you already hold instead of a file on disk.","El mismo análisis con los nombres de columna en la primera línea que Tabla desde archivo, pero sobre texto que ya tienes en vez de un archivo en disco."
rows in [b]{text}[/b],filas en [b]{text}[/b]
"Spreadsheet text you already have - a pasted blob, a downloaded body, a file you read earlier. FIRST line = the column names.","Texto de hoja de cálculo que ya tienes: un bloque pegado, un cuerpo descargado, un archivo que leíste antes. PRIMERA línea = los nombres de columna."
Column Of Table,Columna de la tabla
"Gives one whole column as a list, in row order - handy for a dropdown's items, a weights list, or a quick sum. A row missing that column contributes empty text.","Da una columna entera como lista, en orden de fila: práctico para los elementos de un desplegable, una lista de pesos o una suma rápida. Una fila a la que le falte esa columna aporta texto vacío."
column [b]{column}[/b] of [b]{table}[/b],columna [b]{column}[/b] de [b]{table}[/b]
Table,Tabla
The rows-of-records variable a Table From File (or Table From Text) expression filled.,La variable de filas como registros que llenó una expresión Tabla desde archivo (o Tabla desde texto).
Column,Columna
"The column name to read, exactly as it is spelled in the header row.","El nombre de columna que se lee, escrito exactamente como en la fila de cabecera."
Row Where,Fila donde
"Finds the FIRST record whose column holds this value - the single-item lookup, e.g. the row for item ""sword"". Gives an empty record when nothing matches, so check it with Dictionary Is Empty before reading fields.","Encuentra el PRIMER registro cuya columna contiene este valor: la búsqueda de un solo elemento, por ejemplo la fila del objeto ""sword"". Si no coincide nada devuelve un registro vacío, así que compruébalo con Diccionario está vacío antes de leer campos."
row of [b]{table}[/b] where [b]{column}[/b] is [b]{value}[/b],fila de [b]{table}[/b] donde [b]{column}[/b] es [b]{value}[/b]
"The column to match on, exactly as it is spelled in the header row.","La columna con la que se compara, escrita exactamente como en la fila de cabecera."
Is,Es
"The value to look for. Compared as text, so 25 and ""25"" both match a cell reading 25.","El valor que se busca. Se compara como texto, así que tanto 25 como ""25"" coinciden con una celda que pone 25."
For Each Line In Text,Para cada línea del texto
"Runs this event's actions once per LINE of the text, skipping blank ones. Windows (CRLF) and old-Mac (CR) endings are handled, so no line arrives with a stray carriage return. Read the current one as `line`.","Ejecuta las acciones de este evento una vez por LÍNEA del texto, saltándose las vacías. Los finales de Windows (CRLF) y de Mac antiguo (CR) se tratan, así que ninguna línea llega con un retorno de carro suelto. La actual se lee como `line`."
Loops,Bucles
for each line in [b]{text}[/b],para cada línea de [b]{text}[/b]
"The text to walk line by line - a file you read, a pasted blob, a leaderboard body.","El texto que se recorre línea a línea: un archivo que leíste, un bloque pegado, el cuerpo de una tabla de puntuaciones."
For Each Part In Text,Para cada parte del texto
"Runs this event's actions once per PIECE of the text. Each piece arrives with its surrounding spaces trimmed, and empty pieces are skipped, so ""sword; shield;; bow"" is three parts. Read the current one as `part`.","Ejecuta las acciones de este evento una vez por TROZO del texto. Cada trozo llega sin los espacios que lo rodean, y los trozos vacíos se saltan, así que ""sword; shield;; bow"" son tres partes. El actual se lee como `part`."
for each part of [b]{text}[/b] split by [b]{separator}[/b],para cada parte de [b]{text}[/b] separada por [b]{separator}[/b]
"The text to break up - a tag list, a chat command's arguments, one cell of a spreadsheet.","El texto que se trocea: una lista de etiquetas, los argumentos de un comando de chat, una celda de una hoja de cálculo."
Split by,Separar por
"What separates the pieces, e.g. "","" or "";"" or "" "".","Qué separa los trozos, por ejemplo "","" o "";"" o "" ""."
For Each Resource In Folder,Para cada recurso de la carpeta
"Runs this event's actions once per data asset (.tres / .res) in a folder, already loaded - the ""a folder of items IS my item list"" setup, with no list to maintain. A folder that is not there walks nothing (quietly - it is checked first, so a loop that runs every frame cannot spam errors), and anything that fails to load is skipped rather than arriving as null. Read the current one as `entry`.","Ejecuta las acciones de este evento una vez por recurso de datos (.tres / .res) de una carpeta, ya cargado: el montaje ""una carpeta de objetos ES mi lista de objetos"", sin lista que mantener. Una carpeta que no existe no recorre nada (en silencio: se comprueba antes, así que un bucle por fotograma no puede llenar la consola de errores), y lo que no se puede cargar se omite en vez de llegar como null. El actual se lee como `entry`."
for each resource in [b]{folder}[/b],para cada recurso de [b]{folder}[/b]
Folder of data assets to walk. Only .tres / .res files are loaded; anything else in there is ignored.,Carpeta de recursos de datos que se recorre. Solo se cargan archivos .tres / .res; cualquier otra cosa se ignora.
Text Before,Texto antes de
"The part of the text before the first marker: Text Before(""Ada [angry]: hi"", "" ["") is ""Ada"". When the marker is not there you get the whole text back, so nothing is silently lost.","La parte del texto anterior a la primera marca: Texto antes de(""Ada [angry]: hi"", "" ["") es ""Ada"". Si la marca no está, recuperas el texto entero, así que no se pierde nada en silencio."
the part of {text} before {marker},la parte de {text} antes de {marker}
The line to read a piece out of.,La línea de la que se lee un trozo.
Before,Antes de
The marker to stop at (the first one wins).,La marca en la que se para (gana la primera).
Text After,Texto después de
"Everything after the first marker: Text After(""Ada [angry]: hi"", ""]: "") is ""hi"". Empty when the marker is not there, because then there is no ""after"".","Todo lo que hay después de la primera marca: Texto después de(""Ada [angry]: hi"", ""]: "") es ""hi"". Vacío si la marca no está, porque entonces no hay ""después""."
the part of {text} after {marker},la parte de {text} después de {marker}
After,Después de
The marker to start after (the first one wins).,La marca tras la que se empieza (gana la primera).
Text Between,Texto entre
"The part between two markers: Text Between(""Ada [angry]: hi"", ""["", ""]"") is ""angry"". Empty when the opening marker is missing, and the rest of the text when the closing one is.","La parte entre dos marcas: Texto entre(""Ada [angry]: hi"", ""["", ""]"") es ""angry"". Vacío si falta la marca de apertura, y el resto del texto si falta la de cierre."
the part of {text} between {open} and {close},la parte de {text} entre {open} y {close}
The opening marker.,La marca de apertura.
The closing marker.,La marca de cierre.
Number In Text,Número en el texto
"The first number found anywhere in the text, whole or decimal: ""Chapter 3"" gives 3, ""v1.25-beta"" gives 1.25. You get 0 when there is no number at all, and you never write a pattern.","El primer número que aparece en cualquier parte del texto, entero o decimal: ""Chapter 3"" da 3, ""v1.25-beta"" da 1.25. Si no hay ningún número obtienes 0, y nunca escribes un patrón."
the first number in {text},el primer número de {text}
Text that has a number somewhere in it.,Texto que tiene un número en alguna parte.
Split Keeping Quotes,Dividir respetando comillas
"Splits text on a separator but keeps anything inside ""double quotes"" together as one piece, and drops the quotes: give ""iron sword"" 2 is three pieces, not four. Empty pieces are skipped, so runs of separators never produce blanks.","Divide el texto por un separador pero mantiene junto como un solo trozo todo lo que va entre ""comillas dobles"", y quita las comillas: give ""iron sword"" 2 son tres trozos, no cuatro. Los trozos vacíos se saltan, así que las series de separadores nunca producen huecos."
"pieces of {text}, keeping quotes together","trozos de {text}, manteniendo juntas las comillas"
"The line to split - a console entry, a search box, a pasted cell.","La línea que se divide: una entrada de consola, una caja de búsqueda, una celda pegada."
What separates the pieces OUTSIDE quotes.,Qué separa los trozos FUERA de las comillas.
Explain JSON Problem,Explicar el problema del JSON
"Why this JSON failed to parse, with the line: ""line 4: Expected ':'"". Empty when it parses fine, so an empty result IS the all-clear. Log it and the bug report writes itself. Branch on this verb's own emptiness (Text Is Blank, inverted) rather than on JSON Is Valid: that condition reads a file holding just the word null as invalid, and this one has nothing to say about it, so pairing them logs an error with a blank reason.","Por qué este JSON no se pudo analizar, con la línea: ""line 4: Expected ':'"". Vacío cuando se analiza bien, así que un resultado vacío ES el visto bueno. Regístralo y el informe de fallo se escribe solo. Ramifica según el vacío de ESTE verbo (El texto está en blanco, invertido) en vez de con JSON es válido: esa condición lee como no válido un archivo que solo contiene la palabra null, y este verbo no tiene nada que decir al respecto, así que juntarlos registra un error sin motivo."
JSON,JSON
why {text} is not valid JSON,por qué {text} no es JSON válido
"The JSON text to check - a file you read, a paste, a server reply.","El texto JSON que se comprueba: un archivo que leíste, algo pegado, una respuesta del servidor."
Explain Table Problem,Explicar el problema de la tabla
"The first cell of a table that should be a number and is not, said out loud: ""row 12, column ""price"": ""abc"" is not a number"". Rows are counted from 1 over the rows you hold - Table From File has already used up the header line, so row 12 is line 13 of the file. A row that is not a record at all is reported too. Empty when every listed column checks out.","La primera celda de una tabla que debería ser un número y no lo es, dicha en voz alta: ""row 12, column ""price"": ""abc"" is not a number"". Las filas se cuentan desde 1 sobre las filas que tienes: Tabla desde archivo ya gastó la línea de cabecera, así que la fila 12 es la línea 13 del archivo. También se informa de una fila que no sea un registro. Vacío cuando todas las columnas listadas están bien."
what is wrong in {records},qué falla en {records}
Rows,Filas
"A list of records - one per row, each field reachable by column name.","Una lista de registros: uno por fila, con cada campo accesible por nombre de columna."
Number columns,Columnas numéricas
The columns that must hold numbers.,Las columnas que deben contener números.
Missing Fields,Campos que faltan
"The listed fields that are missing or left blank, comma-separated, and empty when the record is complete. Blank means nothing there: null, empty text, an empty list or an empty record - a 0 is a real value and is never reported.","Los campos listados que faltan o quedaron en blanco, separados por comas, y vacío cuando el registro está completo. En blanco significa que no hay nada: null, texto vacío, una lista vacía o un registro vacío. Un 0 es un valor real y nunca se informa."
the fields missing from {record},los campos que faltan en {record}
A record or a resource to check.,Un registro o un recurso que se comprueba.
Fields,Campos
"The fields it must have filled in, separated by commas.","Los campos que debe tener rellenados, separados por comas."
Shorten To Fit,Acortar para que quepa
"Trims text to a maximum number of characters and marks the cut with the ending you choose, so a clipped name never reads as the whole name. Text that already fits comes back untouched, and the result never runs past the width you gave - a width too narrow to hold the ending simply cuts without one. Cuts mid-word: use Shorten To Whole Words when the cut should land on a word boundary.","Recorta el texto a un número máximo de caracteres y marca el corte con la terminación que elijas, de modo que un nombre cortado nunca se lea como el nombre entero. El texto que ya cabe vuelve intacto, y el resultado nunca pasa del ancho que diste: un ancho demasiado estrecho para la terminación simplemente corta sin ella. Corta a mitad de palabra: usa Acortar por palabras completas cuando el corte deba caer en un límite de palabra."
shorten [b]{text}[/b] to [b]{max_chars}[/b] characters,acortar [b]{text}[/b] a [b]{max_chars}[/b] caracteres
The text that has to fit.,El texto que tiene que caber.
Max characters,Máximo de caracteres
"The widest the result may get, in characters, counting the ending below.","Lo más ancho que puede llegar a ser el resultado, en caracteres, contando la terminación de abajo."
Ending,Terminación
"What marks the cut, e.g. ""..."" or a single ellipsis character. Its own length is taken out of the budget.","Lo que marca el corte, por ejemplo ""..."" o un único carácter de puntos suspensivos. Su propia longitud se descuenta del presupuesto."
Shorten To Whole Words,Acortar por palabras completas
"Like Shorten To Fit, but backs up to the last complete word before cutting, so ""Ancient Sword of Thorns"" reads ""Ancient Sword..."" instead of ""Ancient Sword of Th"". When the budget holds no whole word (one very long word) it falls back to cutting by characters, and when it is too narrow to hold the ending at all it cuts without one - so the result is never just the ending, and never wider than you asked for.","Como Acortar para que quepa, pero retrocede hasta la última palabra completa antes de cortar, de modo que ""Ancient Sword of Thorns"" se lee ""Ancient Sword..."" en vez de ""Ancient Sword of Th"". Si en el presupuesto no cabe ninguna palabra completa (una sola palabra muy larga), recurre a cortar por caracteres, y si es demasiado estrecho para la terminación corta sin ella: así el resultado nunca es solo la terminación ni más ancho de lo que pediste."
shorten [b]{text}[/b] to whole words within [b]{max_chars}[/b],acortar [b]{text}[/b] por palabras completas dentro de [b]{max_chars}[/b]
With Thousands Separators,Con separadores de miles
"Turns a number into grouped digits a player can take in at a glance: 1234567 reads ""1,234,567"". Whole numbers only (the fraction is dropped); a negative keeps its minus sign. For idle-game scale (1.23e15, ""1.23 Qa"") reach for the Big Numbers pack instead.","Convierte un número en dígitos agrupados que un jugador capta de un vistazo: 1234567 se lee ""1,234,567"". Solo números enteros (la parte decimal se descarta); un negativo conserva su signo menos. Para escalas de juego idle (1.23e15, ""1.23 Qa"") recurre al paquete Números grandes."
[b]{value}[/b] with thousands separators,[b]{value}[/b] con separadores de miles
The number to make readable. Anything after the decimal point is dropped.,El número que se hace legible. Todo lo que hay tras el punto decimal se descarta.
As Percent Text,Como texto de porcentaje
"Turns a fraction into percent TEXT with the sign on it: 0.73 reads ""73%"". Feed it a 0-to-1 value (Percent Of already returns 0-to-100, so divide that by 100 or use the raw fraction).","Convierte una fracción en TEXTO de porcentaje con el signo puesto: 0.73 se lee ""73%"". Dale un valor de 0 a 1 (Porcentaje de ya devuelve de 0 a 100, así que divídelo entre 100 o usa la fracción cruda)."
[b]{value}[/b] as a percent,[b]{value}[/b] como porcentaje
Fraction,Fracción
"A fraction where 1.0 means full, e.g. health / max_health.","Una fracción donde 1.0 significa lleno, por ejemplo health / max_health."
Decimals,Decimales
Digits after the decimal point. 0 gives a whole percent.,Dígitos tras el punto decimal. 0 da un porcentaje entero.
As Duration,Como duración
"Seconds as a duration that survives passing an hour: 3725 reads ""1h 02m"" and 90 reads ""1m 30s"". A negative duration reads as zero. Use As Clock Time when you want strict mm:ss (it rolls an hour into ""60:00"").","Segundos como duración que aguanta pasar de una hora: 3725 se lee ""1h 02m"" y 90 se lee ""1m 30s"". Una duración negativa se lee como cero. Usa Como reloj cuando quieras mm:ss estricto (allí una hora se convierte en ""60:00"")."
[b]{seconds}[/b] as a duration,[b]{seconds}[/b] como duración
Seconds,Segundos
A duration in seconds.,Una duración en segundos.
Align Left,Alinear a la izquierda
"Pads text out on the RIGHT to a fixed width, so every row starts on the same edge and reads as a column. Text longer than the width is left alone (it is never cut - shorten it first). Give the Label a MONOSPACE theme font or the column will still drift.","Rellena el texto por la DERECHA hasta un ancho fijo, de modo que cada fila empieza en el mismo borde y se lee como una columna. El texto más largo que el ancho se deja tal cual (nunca se corta: acórtalo antes). Dale a la etiqueta una fuente MONOESPACIADA en el tema o la columna seguirá bailando."
[b]{text}[/b] aligned left in [b]{width}[/b],[b]{text}[/b] alineado a la izquierda en [b]{width}[/b]
The text to pad out.,El texto que se rellena.
Width,Ancho
Column width in characters. Shorter text is padded; longer text is left as it is.,Ancho de columna en caracteres. El texto más corto se rellena; el más largo se deja tal cual.
Fill with,Rellenar con
"What fills the gap: a space, or ""."" for a dotted leader. One character.","Qué rellena el hueco: un espacio, o ""."" para una guía de puntos. Un solo carácter."
Align Right,Alinear a la derecha
"Pads text out on the LEFT to a fixed width, so numbers END on the same edge and read as a column of figures. Text longer than the width is left alone. Give the Label a MONOSPACE theme font or the column will still drift.","Rellena el texto por la IZQUIERDA hasta un ancho fijo, de modo que los números TERMINAN en el mismo borde y se leen como una columna de cifras. El texto más largo que el ancho se deja tal cual. Dale a la etiqueta una fuente MONOESPACIADA en el tema o la columna seguirá bailando."
[b]{text}[/b] aligned right in [b]{width}[/b],[b]{text}[/b] alineado a la derecha en [b]{width}[/b]
The text to pad out - str() a number first.,El texto que se rellena: pasa antes un número por str().
Center In Width,Centrar en el ancho
"Pads text on BOTH sides to a fixed width, so a heading sits in the middle of a column. An odd leftover space goes on the right. Text longer than the width is left alone. Give the Label a MONOSPACE theme font or the centering will still drift.","Rellena el texto por AMBOS lados hasta un ancho fijo, de modo que un encabezado queda en el centro de una columna. El hueco sobrante impar va a la derecha. El texto más largo que el ancho se deja tal cual. Dale a la etiqueta una fuente MONOESPACIADA en el tema o el centrado seguirá bailando."
[b]{text}[/b] centered in [b]{width}[/b],[b]{text}[/b] centrado en [b]{width}[/b]
The text to center.,El texto que se centra.
As Title Text,Como texto de título
"Turns a machine id into a readable name: ""fire_sword"" reads ""Fire Sword"", ""maxHealth"" reads ""Max Health"". Use it wherever a key has to be shown to a player, so ids and labels never drift apart in two places.","Convierte un identificador de máquina en un nombre legible: ""fire_sword"" se lee ""Fire Sword"" y ""maxHealth"" se lee ""Max Health"". Úsalo allí donde haya que mostrar una clave al jugador, para que los identificadores y las etiquetas nunca se separen en dos sitios."
[b]{text}[/b] as title text,[b]{text}[/b] como texto de título
"An id or key, e.g. fire_sword or maxHealth.","Un identificador o clave, por ejemplo fire_sword o maxHealth."
As Sentence Text,Como texto de frase
"Raises the FIRST letter only and leaves the rest of the text exactly as it is, so ""NPC"" and ""HP"" keep their capitals. Empty text stays empty.","Sube SOLO la primera letra y deja el resto del texto exactamente igual, de modo que ""NPC"" y ""HP"" conservan sus mayúsculas. El texto vacío sigue vacío."
[b]{text}[/b] as sentence text,[b]{text}[/b] como texto de frase
A sentence that needs its first letter raised.,Una frase cuya primera letra hay que poner en mayúscula.
Translated Text From Pattern,Texto traducido desde un patrón
"Looks the whole sentence up in the current language FIRST, then fills its {slots}. The pattern you type here - slots and all - is the translation key, so it is what goes in the catalog. Filling the slots first (Translate around Text From Pattern) produces a string no catalog can contain, and the text then never translates.","PRIMERO busca la frase entera en el idioma actual y luego rellena sus {slots}. El patrón que escribes aquí, huecos incluidos, es la clave de traducción, así que es lo que va al catálogo. Rellenar los huecos primero (Traducir alrededor de Texto desde un patrón) produce una cadena que ningún catálogo puede contener, y entonces el texto no se traduce nunca."
Translation,Traducción
translated text from [b]{pattern}[/b],texto traducido desde [b]{pattern}[/b]
Pattern,Patrón
"The source sentence, with {name} slots. This exact string, slots and all, is the translation key that goes in the catalog.","La frase original, con huecos {name}. Esta cadena exacta, huecos incluidos, es la clave de traducción que va al catálogo."
Values,Valores
"What fills the slots: {""name"": value, ...} - e.g. {""coins"": coins}.","Lo que rellena los huecos: {""name"": value, ...} - por ejemplo {""coins"": coins}."
Set Text (translated pattern),Fijar el texto (patrón traducido)
Sets this Label's text from a pattern that is translated FIRST and filled second. The pattern - slots and all - is the translation key. Re-run it under On Language Changed so the label follows a live language switch.,"Fija el texto de esta etiqueta a partir de un patrón que PRIMERO se traduce y luego se rellena. El patrón, huecos incluidos, es la clave de traducción. Vuelve a ejecutarlo bajo Al cambiar de idioma para que la etiqueta siga un cambio de idioma en vivo."
set text to translated [b]{pattern}[/b],fijar el texto al [b]{pattern}[/b] traducido
Text Is A Number,El texto es un número
"True when this text would convert to a number cleanly. Ask it BEFORE converting, so a typo can never arrive as a silent 0 and the sheet bet nothing. Spaces around the number are ignored; empty text is not a number.","Verdadero cuando este texto se convertiría a número limpiamente. Pregúntalo ANTES de convertir, para que una errata nunca llegue como un 0 silencioso y la hoja apueste nada. Los espacios alrededor del número se ignoran; el texto vacío no es un número."
Compare: Text,Comparar: Texto
{text} is a number,{text} es un número
"Text to test - a typed-in field, a value read back out of a save, a CSV or JSON cell.","Texto que se comprueba: un campo escrito a mano, un valor releído de un guardado, una celda de CSV o JSON."
Text Is A Whole Number,El texto es un número entero
"True when this text would convert to a WHOLE number cleanly - a count, a level, a slot index. ""12"" passes and ""12.5"" does not, which is the only difference from Text Is A Number.","Verdadero cuando este texto se convertiría limpiamente a un número ENTERO: una cuenta, un nivel, un índice de ranura. ""12"" pasa y ""12.5"" no, que es la única diferencia con El texto es un número."
{text} is a whole number,{text} es un número entero
"Text to test - a count, a level number, a save slot, a seed.","Texto que se comprueba: una cuenta, un número de nivel, una ranura de guardado, una semilla."
Contains Any Of,Contiene alguno de
"True when the text contains at least ONE of the listed pieces - a chat filter, a keyword-triggered line, a tag-gated card. Unlike Text Is One Of, which needs the WHOLE text to equal an entry, this looks INSIDE the text. Matching is case-sensitive, and an empty list is never a match.","Verdadero cuando el texto contiene al menos UNO de los trozos listados: un filtro de chat, una línea disparada por palabra clave, una carta condicionada por etiqueta. A diferencia de El texto es uno de, que exige que TODO el texto sea igual a una entrada, esto mira DENTRO del texto. Distingue mayúsculas y minúsculas, y una lista vacía nunca coincide."
{text} contains any of {options},{text} contiene alguno de {options}
Text to search.,Texto en el que se busca.
Any Of,Alguno de
"List of pieces to look for - written here, or a sheet variable someone can edit without touching this row.","Lista de trozos que se buscan: escrita aquí, o una variable de hoja que alguien pueda editar sin tocar esta fila."
Contains All Of,Contiene todos de
"True only when the text contains EVERY listed piece - a combo whose rule text names two keywords, a search box where all the words must match. An empty list counts as true, because nothing is missing.","Verdadero solo cuando el texto contiene TODOS los trozos listados: un combo cuyo texto de regla nombra dos palabras clave, una caja de búsqueda donde todas las palabras deben coincidir. Una lista vacía cuenta como verdadera, porque no falta nada."
{text} contains all of {options},{text} contiene todos de {options}
All Of,Todos de
List of pieces that must ALL appear.,Lista de trozos que deben aparecer TODOS.
Contains None Of,No contiene ninguno de
"True when the text contains none of the listed pieces - the accept-this-name branch, written as the thing you want to act on instead of an Else. An empty list always passes.","Verdadero cuando el texto no contiene ninguno de los trozos listados: la rama de 'aceptar este nombre', escrita como aquello sobre lo que quieres actuar en vez de como un Si no. Una lista vacía siempre pasa."
{text} contains none of {options},{text} no contiene ninguno de {options}
None Of,Ninguno de
List of pieces that must NOT appear.,Lista de trozos que NO deben aparecer.
Number From Text,Número desde texto
"Reads a number out of text, or hands back the fallback YOU chose - never a surprise zero. Pair it with Text Is A Number when the two cases need different rows. The text is read twice in the emitted line, so keep it a plain read and not something that changes the game.","Lee un número a partir de texto, o devuelve el valor de reserva que TÚ elegiste: nunca un cero por sorpresa. Combínalo con El texto es un número cuando los dos casos necesiten filas distintas. El texto se lee dos veces en la línea generada, así que déjalo en una lectura simple y no en algo que cambie el juego."
Variables: String,Variables: Texto
number from {text} (or {fallback}),número desde {text} (o {fallback})
Text to read a number out of.,Texto del que se lee un número.
What you get back when the text is not a number.,Lo que recibes cuando el texto no es un número.
Whole Number From Text,Número entero desde texto
"Reads a whole number out of text, or hands back your fallback. ""12.5"" is not a whole number, so it lands on the fallback rather than quietly becoming 12 - when you want that rounding, use Number From Text and round the result yourself.","Lee un número entero a partir de texto, o devuelve tu valor de reserva. ""12.5"" no es un número entero, así que cae en el valor de reserva en vez de convertirse en 12 en silencio: si quieres ese redondeo, usa Número desde texto y redondea el resultado tú mismo."
whole number from {text} (or {fallback}),número entero desde {text} (o {fallback})
Text to read a whole number out of.,Texto del que se lee un número entero.
What you get back when the text is not a whole number.,Lo que recibes cuando el texto no es un número entero.
Is Nothing,Es nada
"True when there is nothing there: no value at all, empty text, an empty list (including an empty Split Text result), or an empty record - one row whatever the value turns out to be. A 0 is NOT nothing, because a score of zero is a real value, and neither is text made only of spaces (that is Text Is Blank).","Verdadero cuando no hay nada: ningún valor, texto vacío, una lista vacía (incluido un resultado vacío de Dividir texto) o un registro vacío: una sola fila sea cual sea el tipo del valor. Un 0 NO es nada, porque una puntuación de cero es un valor real, y tampoco lo es un texto hecho solo de espacios (eso es El texto está en blanco)."
Compare: Types,Comparar: Tipos
{value} is nothing,{value} es nada
"Anything - text, a list, a record, a reference.","Cualquier cosa: texto, una lista, un registro, una referencia."
Has Something,Tiene algo
"True when there IS something there - a name was typed, the inventory has items, the save slot was written, the item slot is filled. The exact opposite of Is Nothing, for the times the filled case is the one you want to act on.","Verdadero cuando SÍ hay algo: se escribió un nombre, el inventario tiene objetos, la ranura de guardado se escribió, el hueco de objeto está lleno. Justo lo contrario de Es nada, para las veces en que el caso lleno es aquel sobre el que quieres actuar."
{value} has something,{value} tiene algo
Number Or,Número o
"The value when it really is a number, or your own default when it is missing, null, text, or anything else. A zero counts as a real number and is kept. Use it to put a loaded value straight into a whole-number or decimal variable without a guard row first. The value is read twice in the emitted line, so keep it a plain read and not something that changes the game.","El valor cuando de verdad es un número, o tu propio valor por defecto cuando falta, es null, es texto o es cualquier otra cosa. Un cero cuenta como número real y se conserva. Úsalo para meter un valor cargado directamente en una variable entera o decimal sin una fila de guarda previa. El valor se lee dos veces en la línea generada, así que déjalo en una lectura simple y no en algo que cambie el juego."
Variables,Variables
"{value} as a number, or {fallback}","{value} como número, o {fallback}"
"The untyped value to check - a save slot read, a JSON field, a Dictionary key.","El valor sin tipo que se comprueba: una lectura de ranura de guardado, un campo JSON, una clave de diccionario."
What you get back when it is not a number.,Lo que recibes cuando no es un número.
Text Or,Texto o
"The value when it really is text with something in it, or your own default when it is missing, null, blank, or another kind of value. The classic use is a saved player name that falls back to ""Player"". The value is read twice in the emitted line, so keep it a plain read and not something that changes the game.","El valor cuando de verdad es texto con algo dentro, o tu propio valor por defecto cuando falta, es null, está en blanco o es otro tipo de valor. El uso clásico es un nombre de jugador guardado que recae en ""Player"". El valor se lee dos veces en la línea generada, así que déjalo en una lectura simple y no en algo que cambie el juego."
"{value} as text, or {fallback}","{value} como texto, o {fallback}"
"What you get back when it is not text, or is blank.","Lo que recibes cuando no es texto, o está en blanco."
List Or,Lista o
"The value when it really is a list with items in it, or your own default when it is missing, null, empty, or another kind of value. A Split Text result counts as a list. Safe to feed straight into a For Each. The value is read twice in the emitted line, so keep it a plain read and not something that changes the game.","El valor cuando de verdad es una lista con elementos, o tu propio valor por defecto cuando falta, es null, está vacío o es otro tipo de valor. Un resultado de Dividir texto cuenta como lista. Es seguro pasarlo directamente a un Para cada. El valor se lee dos veces en la línea generada, así que déjalo en una lectura simple y no en algo que cambie el juego."
"{value} as a list, or {fallback}","{value} como lista, o {fallback}"
"The untyped value to check - a loaded inventory, a JSON array, a Split Text result, a Dictionary key.","El valor sin tipo que se comprueba: un inventario cargado, un array JSON, un resultado de Dividir texto, una clave de diccionario."
"What you get back when it is not a list, or is empty.","Lo que recibes cuando no es una lista, o está vacía."
Record Or,Registro o
"The value when it really is a record (a dictionary) with keys in it, or your own default when it is missing, null, empty, or another kind of value. Pair it with Get Key so a whole missing settings block reads as defaults. The value is read twice in the emitted line, so keep it a plain read and not something that changes the game.","El valor cuando de verdad es un registro (un diccionario) con claves, o tu propio valor por defecto cuando falta, es null, está vacío o es otro tipo de valor. Combínalo con Obtener clave para que todo un bloque de ajustes ausente se lea como valores por defecto. El valor se lee dos veces en la línea generada, así que déjalo en una lectura simple y no en algo que cambie el juego."
"{value} as a record, or {fallback}","{value} como registro, o {fallback}"
"The untyped value to check - a loaded settings block, a JSON object, a Dictionary key.","El valor sin tipo que se comprueba: un bloque de ajustes cargado, un objeto JSON, una clave de diccionario."
"What you get back when it is not a record, or is empty.","Lo que recibes cuando no es un registro, o está vacío."
Value Or,Valor o
"The value unless it is null, in which case your own default. This one guards nothing else: a zero, a blank text and an empty list all count as real values here. Use it for a method that can hand back null. The value is read twice in the emitted line, so keep it a plain read and not something that changes the game.","El valor salvo que sea null, en cuyo caso tu propio valor por defecto. Este no vigila nada más: un cero, un texto en blanco y una lista vacía cuentan aquí como valores reales. Úsalo para un método que pueda devolver null. El valor se lee dos veces en la línea generada, así que déjalo en una lectura simple y no en algo que cambie el juego."
"{value}, or {fallback} when it is nothing","{value}, o {fallback} cuando no hay nada"
"Anything that might be null - a method result, a freed reference, a missing key.","Cualquier cosa que pueda ser null: el resultado de un método, una referencia liberada, una clave que falta."
What you get back when it is null.,Lo que recibes cuando es null.
Part Of,Parte de
"One named piece of a pair, a triple, a colour or a record: the up/down part of a velocity (the jump-or-fall test), the see-through part of a tint, the forward/back part of a 3D direction. Reads as a sentence instead of a typed-in .y. Pick a part the value actually has - a record that might be missing the field is the shipped Get Key (with default)'s job, because that one takes a fallback and this one does not.","Una pieza con nombre de un par, un triple, un color o un registro: la parte arriba/abajo de una velocidad (la prueba de saltar o caer), la parte transparente de un tinte, la parte adelante/atrás de una dirección 3D. Se lee como una frase en vez de un .y escrito a mano. Elige una parte que el valor tenga de verdad: un registro al que le pueda faltar el campo es tarea de Obtener clave (con valor por defecto), porque esa acepta un valor de reserva y esta no."
Variables: Vector,Variables: Vector
the {part} part of {value},la parte {part} de {value}
"A Vector2, Vector3, Color or record to read one part of.","Un Vector2, Vector3, Color o registro del que se lee una parte."
Part,Parte
Which named part to read.,Qué parte con nombre se lee.
X (left / right),X (izquierda / derecha)
Y (up / down),Y (arriba / abajo)
Z (forward / back),Z (adelante / atrás)
Red,Rojo
Green,Verde
Blue,Azul
Alpha (see-through),Alfa (transparencia)
Set Part Of,Fijar la parte de
"Changes one named part and leaves the rest alone: zero the vertical speed on landing and keep the horizontal, flatten a 3D direction to the ground plane, fade only the see-through part of a tint. Writing a part a record does not have yet ADDS it.","Cambia una parte con nombre y deja el resto en paz: poner a cero la velocidad vertical al aterrizar conservando la horizontal, aplanar una dirección 3D al plano del suelo, desvanecer solo la parte transparente de un tinte. Escribir una parte que un registro aún no tiene la AÑADE."
set the {part} part of {var_name} to {value},fijar la parte {part} de {var_name} a {value}
Variable or property,Variable o propiedad
"What to change one part of: a node's own member (velocity, modulate, position) picked from the list, or the name of a sheet variable holding a Vector, Color or record.","Aquello de lo que se cambia una parte: un miembro propio del nodo (velocity, modulate, position) elegido de la lista, o el nombre de una variable de hoja que contenga un vector, un color o un registro."
Which named part to write.,Qué parte con nombre se escribe.
The new value for that one part.,El nuevo valor para esa única parte.
