keys,fr
Sheet,Feuille
Save,Enregistrer
Run Scene,Lancer la scène
Add Event,Ajouter un événement
Add Condition,Ajouter une condition
Add Action,Ajouter une action
Add Code,Ajouter du code
Add,Ajouter
Edit,Édition
View,Affichage
Tools,Outils
Simple Mode,Mode simple
Search,Rechercher
Cancel,Annuler
Open,Ouvrir
Undo,Annuler l'action
Redo,Rétablir
Copy,Copier
Paste,Coller
Zoom In,Zoom avant
Zoom Out,Zoom arrière
Name,Nom
Name:,Nom :
Type,Type
Text,Texte
Number,Nombre
Yes-No,Oui-Non
Details,Détails
Parameters,Paramètres
Default,Par défaut
Tooltip,Infobulle
Placeholder,Texte indicatif
Range,Plage
◀ Back,◀ Retour
★ Recent,★ Récents
⭐ Favorites,⭐ Favoris
✚ Apply & Add Another,✚ Appliquer et ajouter un autre
Save the sheet - compile-on-save keeps its generated script fresh (Ctrl+S).,Enregistre la feuille - la compilation à l'enregistrement garde son script généré à jour (Ctrl+S).
"Save, then play the scene that uses this sheet's script.","Enregistre, puis lance la scène qui utilise le script de cette feuille."
Add an event (E).,Ajoute un événement (E).
Add a condition to the selected event (C).,Ajoute une condition à l'événement sélectionné (C).
Add an action to the selected event (A).,Ajoute une action à l'événement sélectionné (A).
Add a GDScript block to the selected event - the deliberate 'drop to code' escape hatch. Opens the code editor immediately.,Ajoute un bloc GDScript à l'événement sélectionné - la porte de sortie délibérée vers le code. Ouvre immédiatement l'éditeur de code.
"Beginner-friendly view: hides the advanced/code entries (GDScript blocks, sub-conditions, pick filters, signals/enums). Everything still works when off.","Vue pour débutants : masque les entrées avancées/code (blocs GDScript, sous-conditions, filtres, signaux/énumérations). Tout reste disponible une fois désactivé."
"Toggle the generated-GDScript panel - the sheet's honest compiled output, side by side.","Affiche/masque le panneau GDScript généré - la sortie compilée, honnête, de la feuille, côte à côte."
Theme for this sheet (Load/Reload and the Theme Editor live in View),Thème de cette feuille (Charger/Recharger et l'éditeur de thème sont dans Affichage)
"Quick add…  (e.g. every tick, heal 5)","Ajout rapide…  (ex. chaque tick, heal 5)"
"Create, open, save, and configure this event sheet.","Créer, ouvrir, enregistrer et configurer cette feuille d'événements."
"Panels, multi-view panes, theme, live values, and zoom.","Panneaux, vues multiples, thème, valeurs en direct et zoom."
"Debug tools, validation, import, and project workflow.","Outils de débogage, validation, import et flux de travail du projet."
New…,Nouveau…
Open…,Ouvrir…
Save As…,Enregistrer sous…
Sheet Type…,Type de feuille…
Manage Includes…,Gérer les inclusions…
Custom Actions…,Actions personnalisées…
Export GDScript…,Exporter le GDScript…
Export Addon…,Exporter l'extension…
New Behaviour Addon…,Nouvelle extension de comportement…
Inspector Designer…,Concepteur d'Inspecteur…
Teach a Verb - Share Published Verbs,Enseigner un verbe - Partager les verbes publiés
Signal Event…,Événement de signal…
Global Variable…,Variable globale…
Local Variable…,Variable locale…
Function…,Fonction…
Code (GDScript) on Selected Event,Code (GDScript) sur l'événement sélectionné
Note…,Note…
Region…,Région…
Preload Resource…,Précharger une ressource…
Extract Selection to Include…,Extraire la sélection vers une inclusion…
Find References…,Rechercher les références…
Generate from Description (AI)…,Générer depuis une description (IA)…
Simple Mode (beginner-friendly),Mode simple (adapté aux débutants)
GDScript Panel (toggle),Panneau GDScript (basculer)
Open Sheets Panel,Panneau des feuilles ouvertes
Add-Event Rows,Lignes « + Ajouter un événement »
Split View (toggle),Vue scindée (basculer)
Detached View (toggle),Vue détachée (basculer)
Link Views (toggle),Lier les vues (basculer)
Load Theme…,Charger un thème…
Reload Theme,Recharger le thème
Theme Editor…,Éditeur de thème…
MCP Server (AI tools),Serveur MCP (outils IA)
"Hide the advanced/code entries (GDScript blocks, sub-conditions, pick filters, match, signals/enums) from the right-click menus. Everything still works in Expert mode.","Masque les entrées avancées/code (blocs GDScript, sous-conditions, filtres, match, signaux/énumérations) des menus contextuels. Tout reste disponible en mode expert."
Show/hide the generated-GDScript panel beside the sheet.,Affiche/masque le panneau GDScript généré à côté de la feuille.
"Show/hide the trailing ""+ Add event…"" rows. Turn off for a cleaner, calmer sheet.",Affiche/masque les lignes « + Ajouter un événement… ». À désactiver pour une feuille plus calme.
"Show/hide a second synchronized view of this sheet, side by side.","Affiche/masque une seconde vue synchronisée de cette feuille, côte à côte."
Pop the sheet view out into its own window / bring it back.,Détache la vue de la feuille dans sa propre fenêtre / la ramène.
Link/unlink scrolling between the split views.,Lie/délie le défilement entre les vues scindées.
Debug Breakpoints (toggle),Points d'arrêt de débogage (basculer)
Live Values (toggle),Valeurs en direct (basculer)
Event Trace (live highlight),Trace d'événements (surbrillance en direct)
Bookmarks…,Signets…
Register Autoload,Enregistrer l'autoload
Publish Preview…,Aperçu de publication…
Test Bench,Banc d'essai
Find in Project…,Rechercher dans le projet…
Project Doctor…,Docteur du projet…
Check Sheet for Errors,Vérifier les erreurs de la feuille
Vocabulary Doc,Doc du vocabulaire
Sheet Backups…,Sauvegardes de la feuille…
Save as Template,Enregistrer comme modèle
Attach to Selected Node,Attacher au nœud sélectionné
Preview Behaviors on Selected Node,Prévisualiser les comportements sur le nœud sélectionné
Lift Report…,Rapport d'import…
Welcome…,Bienvenue…
Start the Tour…,Commencer la visite…
Keyboard Shortcuts,Raccourcis clavier
Rename Everywhere…,Renommer partout…
Change Type Everywhere…,Changer le type partout…
Lint every ƒx expression + GDScript block; flag the offending rows and jump to the first.,Analyse chaque expression ƒx et bloc GDScript ; signale les lignes fautives et saute à la première.
Toggle breakpoint emission: debug-compiled sheets pause at rows with breakpoints.,Bascule l'émission des points d'arrêt : les feuilles compilées en débogage s'arrêtent aux lignes marquées.
Toggle Live Values: running sheets stream their variables here (editable).,Bascule les valeurs en direct : les feuilles en cours d'exécution diffusent leurs variables ici (modifiables).
+ Add action,+ Ajouter une action
+ Add condition,+ Ajouter une condition
+ Add parameter,+ Ajouter un paramètre
+ Add event…,+ Ajouter un événement…
Every Tick,Chaque tick
Always,Toujours
+  Add your first event,+  Ajouter votre premier événement
New from template…,Nouveau depuis un modèle…
Create an event sheet…,Créer une feuille d'événements…
This event sheet is empty,Cette feuille d'événements est vide
No event sheet is open,Aucune feuille d'événements n'est ouverte
Empty behavior sheet,Feuille de comportement vide
Empty autoload sheet,Feuille d'autoload vide
Double-click anywhere - or press E - to add your first event.,Double-cliquez n'importe où - ou appuyez sur E - pour ajouter votre premier événement.
Double-click anywhere - or press E - to add an event that drives the Node this attaches to.,Double-cliquez n'importe où - ou appuyez sur E - pour ajouter un événement qui pilote le Node auquel ceci s'attache.
Create one to start building - a menu of ready-made starters opens.,Créez-en une pour commencer - un menu de modèles prêts à l'emploi s'ouvre.
"Add the signals and functions every sheet in the project should reach (score, game state, an event bus).","Ajoutez les signaux et fonctions que chaque feuille du projet doit atteindre (score, état du jeu, bus d'événements)."
"Tip: the picker understands plain language. Try typing ""every tick"".",Astuce : le sélecteur comprend le langage courant. Essayez « every tick ».
Tip: Tools > Welcome… has a playable showcase and a 2-minute tour.,Astuce : Outils > Bienvenue… propose une démo jouable et une visite de 2 minutes.
Tip: publish a function to the picker and every sheet in the project can call it.,Astuce : publiez une fonction dans le sélecteur et chaque feuille du projet pourra l'appeler.
%s - Behavior · acts on host: %s,%s - Comportement · agit sur l'hôte : %s
"%s - Autoload · one instance, project-wide","%s - Autoload · une seule instance, pour tout le projet"
%s - Editor Tool · runs in the editor (File > Run),%s - Outil d'éditeur · s'exécute dans l'éditeur (Fichier > Exécuter)
%s - Custom Resource · every .tres of it is a data asset,%s - Ressource personnalisée · chaque .tres est un asset de données
Event Sheet · a script for the %s it's attached to,Feuille d'événements · un script pour le %s auquel elle est attachée
%s - Custom Node · extends %s,%s - Nœud personnalisé · étend %s
"Click to edit the sheet type (name, icon, host class).","Cliquez pour modifier le type de feuille (nom, icône, classe hôte)."
Add Action / Condition,Ajouter une action / condition
"Search actions, conditions, triggers...","Rechercher des actions, conditions, déclencheurs…"
Pin the highlighted entry to Favorites (or right-click any entry).,Épingle l'entrée en surbrillance dans les favoris (ou clic droit sur n'importe quelle entrée).
Right-click any entry to pin it here.,Clic droit sur une entrée pour l'épingler ici.
Entries you use appear here.,Les entrées que vous utilisez apparaissent ici.
"Select a condition, action, or trigger to create a new event.","Sélectionnez une condition, une action ou un déclencheur pour créer un nouvel événement."
Select an action to append to the selected event.,Sélectionnez une action à ajouter à l'événement sélectionné.
Select a condition or trigger to append to the selected event.,Sélectionnez une condition ou un déclencheur à ajouter à l'événement sélectionné.
Untitled EventSheet,Feuille sans titre
Unsaved (in-memory),Non enregistrée (en mémoire)
Open Sheets,Feuilles ouvertes
Filter sheets…,Filtrer les feuilles…
Filter the open sheets by name or path.,Filtre les feuilles ouvertes par nom ou chemin.
New Event,Nouvel événement
New Condition,Nouvelle condition
Edit Action,Modifier l'action
Edit Condition,Modifier la condition
Delete Action,Supprimer l'action
Delete Condition,Supprimer la condition
Delete Function,Supprimer la fonction
Replace Action,Remplacer l'action
Replace Condition,Remplacer la condition
Disable Action,Désactiver l'action
Disable Condition,Désactiver la condition
Invert Condition,Inverser la condition
Add New Variable,Ajouter une nouvelle variable
Create Variable,Créer la variable
Edit Variable,Modifier la variable
Add a function…,Ajouter une fonction…
Edit Note…,Modifier la note…
Edit Events,Modifier les événements
Insert Snippet…,Insérer un extrait…
Extract All Actions to Function…,Extraire toutes les actions vers une fonction…
Group Under a Heading…,Regrouper sous un titre…
Export Grid to CSV…,Exporter la table en CSV…
Import Grid from CSV…,Importer la table depuis un CSV…
Export Text for Translation…,Exporter le texte à traduire…
Import Translations…,Importer les traductions…
Detach Comment To Row,Détacher le commentaire en ligne
Convert Scope,Convertir la portée
Toggle Constant,Basculer en constante
Whole numbers only,Nombres entiers uniquement
Editable in the Inspector (a designer property),Modifiable dans l'Inspecteur (une propriété de design)
Constant (can't change at runtime),Constante (ne change pas à l'exécution)
Set on _ready() - for node refs like $Player,Définie dans _ready() - pour des références de nœuds comme $Player
"Text - words, names, messages.","Texte - mots, noms, messages."
"A number - a count, score, position, speed… Tick ""Whole numbers only"" for integers.","Un nombre - un compte, un score, une position, une vitesse… Cochez « Nombres entiers uniquement » pour des entiers."
"A yes/no, on/off switch (true / false).","Un interrupteur oui/non, marche/arrêt (true / false)."
"An x/y pair: a direction, velocity, or position.","Une paire x/y : une direction, une vélocité ou une position."
An RGBA colour.,Une couleur RVBA.
An image / sprite resource.,Une ressource image / sprite.
Viewing as a sheet,Affichée comme feuille
Open in Godot Script Editor,Ouvrir dans l'éditeur de script Godot
Edit the .gd directly in Godot's script editor - your changes reload here when you come back to this tab.,Modifiez le .gd directement dans l'éditeur de script de Godot - vos changements se rechargent ici à votre retour sur cet onglet.
Take the 2-minute tour,Suivre la visite de 2 minutes
Editor language,Langue de l'éditeur
Simple mode - hide advanced rows & menu items,Mode simple - masquer les lignes et menus avancés
Open the GDScript panel with every sheet,Ouvrir le panneau GDScript avec chaque feuille
Coming from another event-sheet tool?,Vous venez d'un autre outil de feuilles d'événements ?
Open the migration guide,Ouvrir le guide de migration
Report an Issue…,Signaler un problème…
Something not working right?,Quelque chose ne fonctionne pas ?
Report an issue,Signaler un problème
Reopen this window any time: Tools → Welcome…,Rouvrez cette fenêtre à tout moment : Outils → Bienvenue…
Translations are plain CSV files - drop one into eventsheet_translations/ and its language appears here.,Les traductions sont de simples fichiers CSV - déposez-en un dans eventsheet_translations/ et sa langue apparaît ici.
The 2-minute tour,La visite de 2 minutes
Read a sheet like a sentence,Lire une feuille comme une phrase
Add your first event,Ajoutez votre premier événement
Give it a condition,Donnez-lui une condition
Make it DO something,Faites-lui FAIRE quelque chose
See the honest GDScript,"Voyez le GDScript, sans tricherie"
You know the loop,Vous connaissez la boucle
Skip tour,Passer la visite
Back,Retour
Next,Suivant
Finish,Terminer
✓ Done - nice! Hit Next.,✓ Fait - bravo ! Cliquez sur Suivant.
Hit Finish and go make something.,Cliquez sur Terminer et allez créer quelque chose.
"A coloured section label drawn above this property in the Inspector.
End with a #rrggbb to tint it. Editor decor only - plain comment in the code.","Un intitulé de section coloré affiché au-dessus de cette propriété dans l'Inspecteur.
Terminez par un #rrggbb pour le teinter. Décor d'éditeur uniquement - simple commentaire dans le code."
"A quiet info panel drawn above this property in the Inspector.
Editor decor only - plain comment in the code.","Un panneau d'information discret affiché au-dessus de cette propriété dans l'Inspecteur.
Décor d'éditeur uniquement - simple commentaire dans le code."
"A shape over 0-1 (easing, falloff, ramps).","Une courbe sur 0-1 (easing, atténuation, rampes)."
A whole number (no decimals) - stored as an int. Unticked stores a float.,"Un nombre entier (sans décimales) - stocké comme int. Décoché, stocké comme float."
Access,Accès
Advanced types,Types avancés
Anatomy,Anatomie
Any type - untyped (advanced; prefer a specific type when you can).,N'importe quel type - non typé (avancé ; préférez un type précis quand c'est possible).
Clamp to range,Limiter à la plage
Collapse the panel to a strip,Réduire le panneau en bandeau
Default field,Champ par défaut
Description,Description
Dropped Node Preview,Aperçu du nœud déposé
Easing curve (float: exponential ease handle),Courbe d'easing (float : poignée d'ease exponentielle)
Edit an Array/Dictionary's items one per line instead of typing a literal.,Modifiez les éléments d'un Array/Dictionary ligne par ligne au lieu de saisir un littéral.
Edit items…,Modifier les éléments…
"Event-sheet-style quick add: type an event/condition/action (event-sheet phrasing works) plus optional parameter values, press Enter.","Ajout rapide façon feuille d'événements : tapez un événement/condition/action (la formulation feuille d'événements fonctionne) plus des valeurs de paramètres optionnelles, puis Entrée."
Every sheet function at a glance (✦ = published as an ACE). Click to expand or collapse.,Toutes les fonctions de la feuille en un coup d'œil (✦ = publiée comme ACE). Cliquez pour déplier ou replier.
Field button,Bouton de champ
Flags,Drapeaux
From enum,Depuis l'enum
Group under heading,Grouper sous un intitulé
"How this variable's field LOOKS in the Inspector - pickers, flags, layer grids... Plain fields need no choice here.","L'APPARENCE du champ de cette variable dans l'Inspecteur - sélecteurs, drapeaux, grilles de calques... Les champs simples n'ont rien à choisir ici."
Info note,Note d'information
"Inspector grouping, conditional show/lock, an on-changed callback, clamp, read-only - for variables that reference other variables or functions.","Regroupement dans l'Inspecteur, affichage/verrouillage conditionnel, rappel on-changed, limitation, lecture seule - pour les variables qui référencent d'autres variables ou fonctions."
Inspector look,Apparence dans l'Inspecteur
Inspector preview,Aperçu de l'Inspecteur
Inspector section header (e.g. Combat),Intitulé de section de l'Inspecteur (ex. Combat)
Lock unless,Verrouiller sauf si
"Make this sheet's published verbs (its exposed ƒ functions) available in EVERY sheet's picker, node-targeted at $<ClassName>. Extract actions to a function first (right-click an event), then teach it here.","Rendez les verbes publiés de cette feuille (ses fonctions ƒ exposées) disponibles dans le sélecteur de TOUTES les feuilles, ciblés sur le nœud $<ClassName>. Extrayez d'abord des actions vers une fonction (clic droit sur un événement), puis enseignez-la ici."
Match Editor (default),Éditeur de match (par défaut)
Multiline (String: big text box),Multiligne (String : grande zone de texte)
"No alpha (Color: solid RGB, no transparency)","Sans alpha (Color : RVB opaque, sans transparence)"
No lower limit,Pas de limite basse
No upper limit,Pas de limite haute
On changed,À la modification
On ready,À l'initialisation (ready)
"On: a designer can tweak this per-instance in the Inspector (@export var).
Off: internal script state - a plain private var (the default for a new variable).","Activé : un designer peut l'ajuster par instance dans l'Inspecteur (@export var).
Désactivé : état interne du script - une simple var privée (le défaut pour une nouvelle variable)."
"On: compiles to @onready var - the Default is a GDScript EXPRESSION evaluated when the node enters the tree (e.g. $Player, get_node(""UI/Score"")), not a literal.
Use it to grab a node reference once the scene is ready.","Activé : compile en @onready var - le Défaut est une EXPRESSION GDScript évaluée quand le nœud entre dans l'arbre (ex. $Player, get_node(""UI/Score"")), pas un littéral.
Utilisez-le pour saisir une référence de nœud une fois la scène prête."
"One column per entry: name:type (String, int, float, bool, color for a swatch, or enum(a|b|c) for a dropdown).
Each Array element becomes a row with these cells.","Une colonne par entrée : nom:type (String, int, float, bool, color pour un échantillon, ou enum(a|b|c) pour une liste déroulante).
Chaque élément de l'Array devient une ligne avec ces cellules."
Optional Inspector polish for exported globals - everything compiles to plain Godot annotations.,Finitions optionnelles de l'Inspecteur pour les globales exportées - tout compile en annotations Godot ordinaires.
Options (combo),Options (combo)
Pick the Inspector look from picture tiles instead of the list.,Choisissez l'apparence dans l'Inspecteur via des vignettes plutôt que la liste.
Read-only,Lecture seule
"Renders a small button with this field that calls the named sheet function.
Needs a @tool sheet to act in-editor. Label optional (defaults to the function name).","Affiche un petit bouton avec ce champ qui appelle la fonction de feuille nommée.
Nécessite une feuille @tool pour agir dans l'éditeur. Libellé optionnel (nom de la fonction par défaut)."
Required (warn in the Inspector while unset),Requis (avertit dans l'Inspecteur tant que non défini)
Save Studio…,Enregistrer le Studio…
"Scaffold a ready-to-edit behaviour script in res://eventsheet_addons/ - its signals become triggers, methods become actions/conditions, and @export vars become properties, all auto-discovered as custom ACEs.","Génère un script de comportement prêt à modifier dans res://eventsheet_addons/ - ses signaux deviennent des déclencheurs, ses méthodes des actions/conditions, et ses @export var des propriétés, le tout auto-découvert comme ACE personnalisés."
Section header,Intitulé de section
"See the WHOLE sheet's Inspector as one live view - every exported variable with its decor, grouping, and widget, exactly as Godot will show it.","Voyez l'Inspecteur de TOUTE la feuille en une vue en direct - chaque variable exportée avec son décor, son regroupement et son widget, exactement comme Godot l'affichera."
Show as,Afficher comme
Show if,Afficher si
Shown after the number in the Inspector (suffix:px).,Affiché après le nombre dans l'Inspecteur (suffixe:px).
"Shows a red warning above the field until a value is assigned
(a Resource left empty, a String left blank). Editor-only.","Affiche un avertissement rouge au-dessus du champ tant qu'aucune valeur n'est assignée
(une Resource laissée vide, une String laissée blanche). Éditeur uniquement."
Slider extras,Extras du curseur
"Start editing this sheet here. From then on, Save (Ctrl+S) updates the file - or use Save As… to keep the original and save a copy.","Commencez à modifier cette feuille ici. Ensuite, Enregistrer (Ctrl+S) met à jour le fichier - ou utilisez Enregistrer sous… pour garder l'original et sauvegarder une copie."
Sub-heading,Sous-intitulé
"Swap the Inspector field for a richer drawer (dial, swatches, curve…).
Graceful: a plain field without the editor plugin (parity preserved).","Remplacez le champ de l'Inspecteur par un widget plus riche (cadran, échantillons, courbe…).
Dégradé élégant : un champ simple sans le plugin d'éditeur (parité préservée)."
Table columns,Colonnes du tableau
"The Inspector calls this function while the property is edited and shows
the returned message above the field. Needs a @tool sheet to run in-editor.","L'Inspecteur appelle cette fonction pendant la modification de la propriété et affiche
le message renvoyé au-dessus du champ. Nécessite une feuille @tool pour tourner dans l'éditeur."
The slider stops at max but typing a bigger number is allowed (or_greater).,Le curseur s'arrête au max mais saisir un nombre plus grand est permis (or_greater).
"The variable's type. For a node reference, type the node's class (Sprite2D, Label, Area2D…) or leave Variant.","Le type de la variable. Pour une référence de nœud, tapez la classe du nœud (Sprite2D, Label, Area2D…) ou laissez Variant."
"Turn the MCP server (AI-assistant tools) on/off. When off, connected AI clients see no tools and can't read or change your sheets. Takes effect live - no reconnect needed.","Active/désactive le serveur MCP (outils d'assistant IA). Désactivé, les clients IA connectés ne voient aucun outil et ne peuvent ni lire ni modifier vos feuilles. Effet immédiat - aucune reconnexion nécessaire."
Typing below min is allowed (or_less).,Saisir sous le min est permis (or_less).
Validate with,Valider avec
"Write this sheet's plain, standalone GDScript to a file you own. No plugin dependency - proof you can leave the addon anytime.",Écrit le GDScript autonome et ordinaire de cette feuille dans un fichier qui vous appartient. Aucune dépendance au plugin - la preuve que vous pouvez quitter l'extension à tout moment.
accent label above (e.g. Combat #e06666),intitulé accentué au-dessus (ex. Combat #e06666)
bool variable (hidden when false),variable bool (masqué quand false)
bool variable (read-only when false),variable bool (lecture seule quand false)
"columns, e.g. item:String, count:int, rare:bool","colonnes, ex. item:String, count:int, rare:bool"
"comma-separated, e.g. easy, normal, hard (String only)","séparées par des virgules, ex. easy, normal, hard (String uniquement)"
"function and button label, e.g. reroll_stats Reroll","fonction et libellé du bouton, ex. reroll_stats Relancer"
grey hint shown when the field is empty,indication grise affichée quand le champ est vide
"min, max, step (numeric: slider)","min, max, pas (numérique : curseur)"
nested section under the group (e.g. Melee),section imbriquée sous le groupe (ex. Mêlée)
note panel above (e.g. Shared resource - edits affect every user.),panneau de note au-dessus (ex. Ressource partagée - les modifications affectent tous les utilisateurs.)
sheet function called after assignment,fonction de feuille appelée après l'assignation
sheet function returning a warning String (empty = valid),fonction de feuille renvoyant une String d'avertissement (vide = valide)
"type - e.g. Node2D, Label, Sprite2D (or Variant for any)","type - ex. Node2D, Label, Sprite2D (ou Variant pour tout)"
"unit, e.g. px","unité, ex. px"
what this variable is for - shown as its description in the Inspector,à quoi sert cette variable - affiché comme sa description dans l'Inspecteur
"▸  Advanced (grouping, conditions, clamp…)","▸  Avancé (regroupement, conditions, limitation…)"
"▸  More options (range, drawer, grouping…)","▸  Plus d'options (plage, widget, regroupement…)"
Create Code Region,Créer une région de code
Create Code Region…,Créer une région de code…
Doc comment,Commentaire de doc
Documentation shown above the function (## …). BBCode like [b]bold[/b] is allowed.,Documentation affichée au-dessus de la fonction (## …). Le BBCode comme [b]gras[/b] est autorisé.
Getter body,Corps du getter
Setter body,Corps du setter
Setter parameter,Paramètre du setter
The name of the setter's incoming-value parameter (defaults to `value`).,Le nom du paramètre de valeur entrante du setter (par défaut `value`).
The statements that run when this variable is assigned (`set(value):`). Use `value` for the incoming value. Leave blank for no setter.,Les instructions exécutées quand cette variable est assignée (`set(value):`). Utilisez `value` pour la valeur entrante. Laissez vide pour aucun setter.
"The statements that run when this variable is read (`get:`), ending in `return …`. Leave blank for no getter.","Les instructions exécutées quand cette variable est lue (`get:`), se terminant par `return …`. Laissez vide pour aucun getter."
"getter body, e.g.  return _health","corps du getter, ex.  return _health"
"setter body, e.g.  health = clampi(value, 0, max_health)","corps du setter, ex.  health = clampi(value, 0, max_health)"
A faint tint over the actions (right) lane.,Une légère teinte sur la voie des actions (droite).
A faint tint over the conditions (left) lane.,Une légère teinte sur la voie des conditions (gauche).
"Accent (groups, selection)","Accent (groupes, sélection)"
Action Lane Color,Couleur de la voie d'action
Action Lane Padding,Marge de la voie d'action
Action cells,Cellules d'action
Alternate group header background (zebra).,Arrière-plan alterné d'en-tête de groupe (zébré).
Apply To Current Sheet,Appliquer à la feuille actuelle
Background of a group header row.,Arrière-plan d'une ligne d'en-tête de groupe.
Background of the Conditions / Actions column header bar.,Arrière-plan de la barre d'en-tête des colonnes Conditions / Actions.
Background of the fold triangle box on a group.,Arrière-plan de la boîte du triangle de repli sur un groupe.
Badge Background Color,Couleur de fond du badge
Badge Extra Width,Largeur supplémentaire du badge
Badge Foreground Color,Couleur de premier plan du badge
Base (background tone),Base (teinte de fond)
Behavior Accent Color,Couleur d'accent de comportement
Border of the condition/action chip.,Bordure de la puce de condition/action.
Cell Corner Radius,Rayon des coins des cellules
Cell Hover Color,Couleur de survol des cellules
Chip Background Color,Couleur de fond de la puce
Chip Border Color,Couleur de bordure de la puce
Chip Hover Color,Couleur de survol de la puce
Chip fill when hovered.,Remplissage de la puce au survol.
Close,Fermer
Column Header Actions Color,Couleur de l'en-tête Actions
Column Header Background Color,Couleur de fond de l'en-tête de colonne
Column Header Conditions Color,Couleur de l'en-tête Conditions
Comment Row Background Color,Couleur de fond des lignes de commentaire
Comment Text Color,Couleur du texte des commentaires
Condition Badge Column Width,Largeur de colonne du badge de condition
Condition Lane Color,Couleur de la voie de condition
Condition Lane Padding,Marge de la voie de condition
Condition Lane Ratio,Proportion de la voie de condition
Condition cells,Cellules de condition
Corner Radius,Rayon des coins
Corner roundness of group rows (0 = square bar).,Arrondi des coins des lignes de groupe (0 = barre carrée).
Corner roundness of individual condition/action cells.,Arrondi des coins de chaque cellule de condition/action.
Corner roundness of region marker bubbles.,Arrondi des coins des bulles de marqueur de région.
"Corner roundness of the chip, in pixels.","Arrondi des coins de la puce, en pixels."
"Corner roundness of the event block, in pixels (0 = square).","Arrondi des coins du bloc d'événement, en pixels (0 = carré)."
"Editor (hover, selection, lanes)","Éditeur (survol, sélection, voies)"
Event Corner Radius,Rayon des coins des événements
"Extra width reserved for the role badge on the chip, in pixels.","Largeur supplémentaire réservée au badge de rôle sur la puce, en pixels."
Fill of the condition/action chip.,Remplissage de la puce de condition/action.
Fill of the count badge on a group.,Remplissage du badge de compte sur un groupe.
Fill of the role badge on the chip.,Remplissage du badge de rôle sur la puce.
"Fill of the trigger arrow badge (On Ready, On Signal...).","Remplissage du badge flèche de déclencheur (On Ready, On Signal...)."
Font Size Delta,Écart de taille de police
Gap After,Espace après
Generate Theme,Générer le thème
Group Accent Color,Couleur d'accent des groupes
Group Background Alt Color,Couleur de fond alternée des groupes
Group Background Color,Couleur de fond des groupes
Group Badge Background Color,Couleur de fond du badge de groupe
Group Badge Foreground Color,Couleur de premier plan du badge de groupe
Group Corner Radius,Rayon des coins des groupes
Group Fold Background Color,Couleur de fond du repli de groupe
Group Title Color,Couleur du titre des groupes
"Height of a single event row, in pixels - raise it for more breathing room.","Hauteur d'une ligne d'événement, en pixels - augmentez-la pour plus d'espace."
Horizontal Padding,Marge horizontale
Hover Fill Color,Couleur de remplissage au survol
How much of the row width the conditions lane takes (0.2 - 0.8).,"Quelle part de la largeur de la ligne la voie des conditions occupe (0,2 - 0,8)."
Icon/text colour on the trigger badge.,Couleur de l'icône/du texte sur le badge de déclencheur.
"Inner padding on the actions lane, in pixels.","Marge intérieure de la voie des actions, en pixels."
"Inner padding on the conditions lane, in pixels.","Marge intérieure de la voie des conditions, en pixels."
Invert Marker Color,Couleur du marqueur d'inversion
Lane Divider Color,Couleur du séparateur de voies
Lane Divider Width,Épaisseur du séparateur de voies
Language Block Accent Color,Couleur d'accent des blocs de langage
Line thickness of region marker borders.,Épaisseur de trait des bordures de marqueur de région.
Minimum Conditions Lane Width,Largeur minimale de la voie de conditions
Minimum Row Height,Hauteur minimale des lignes
Object Label Color,Couleur de l'étiquette d'objet
"Parameter values (numbers, strings) highlighted inside ACE text.","Les valeurs de paramètres (nombres, chaînes) surlignées dans le texte des ACE."
"Pick a base + accent, then Generate. Fine-tune individual tokens below.","Choisissez une base + un accent, puis Générer. Ajustez chaque jeton ci-dessous."
Quick Style - recolour everything at once,Style rapide - tout recolorer d'un coup
Rebuild every colour token from the three colours above.,Reconstruit chaque jeton de couleur à partir des trois couleurs ci-dessus.
Region Corner Radius,Rayon des coins des régions
Region Line Width,Épaisseur de trait des régions
Reset To Default,Réinitialiser par défaut
Restore the bundled default look.,Restaure l'apparence par défaut fournie.
Row Background Alt Color,Couleur de fond alternée des lignes
Row Background Color,Couleur de fond des lignes
Row Border Color,Couleur de bordure des lignes
Save As Preset…,Enregistrer comme préréglage…
Selection Fill Color,Couleur de remplissage de la sélection
Sheet & rows (event style),Feuille et lignes (style d'événement)
Sheet Background Color,Couleur de fond de la feuille
"Space between this chip and the next one, in pixels.","Espace entre cette puce et la suivante, en pixels."
"Space inside the chip, above and below its text, in pixels.","Espace à l'intérieur de la puce, au-dessus et en dessous de son texte, en pixels."
"Space inside the chip, left and right of its text, in pixels.","Espace à l'intérieur de la puce, à gauche et à droite de son texte, en pixels."
Text Color,Couleur du texte
Text colour of the role badge.,Couleur du texte du badge de rôle.
Text colour on the group count badge.,Couleur du texte sur le badge de compte de groupe.
"Text size adjustment for this chip kind, relative to the sheet font (+/- points).","Ajustement de la taille du texte pour ce type de puce, par rapport à la police de la feuille (+/- points)."
The 'Actions' header label colour.,La couleur de l'étiquette d'en-tête « Actions ».
The 'Conditions' header label colour.,La couleur de l'étiquette d'en-tête « Conditions ».
The background of a normal event row.,L'arrière-plan d'une ligne d'événement normale.
The background of every OTHER row (the zebra stripe).,L'arrière-plan d'une ligne sur deux (la rayure zébrée).
The banner colour behind a full-width comment.,La couleur de la bannière derrière un commentaire pleine largeur.
"The colour behind the whole sheet, outside the rows.","La couleur derrière toute la feuille, en dehors des lignes."
The conditions lane never shrinks below this many pixels.,La voie des conditions ne descend jamais sous ce nombre de pixels.
The group title text colour.,La couleur du texte du titre de groupe.
The group's left accent stripe and hairlines.,La bande d'accent gauche du groupe et ses filets.
The highlight over a selected row.,La surbrillance sur une ligne sélectionnée.
"The object/origin label before each condition/action (System, node class).","L'étiquette d'objet/origine avant chaque condition/action (System, classe de nœud)."
The red X shown on an inverted (negated) condition.,Le X rouge affiché sur une condition inversée (niée).
"The soft-purple 'this is a behavior' accent (banner, region default).","L'accent violet doux « ceci est un comportement » (bannière, région par défaut)."
"The stripe + wash on language blocks (a data class, a host binding, a switch case) so they read as code structure, not regular events.","La bande + le voile sur les blocs de langage (classe de données, liaison d'hôte, switch) pour qu'ils se lisent comme structure de code, pas comme événements ordinaires."
The text colour of comments.,La couleur du texte des commentaires.
The text colour of the chip.,La couleur du texte de la puce.
The thin line between rows.,La fine ligne entre les lignes.
The tint over the row under the mouse.,La teinte sur la ligne sous la souris.
The vertical line splitting conditions from actions.,La ligne verticale séparant les conditions des actions.
Theme Editor,Éditeur de thème
Thickness of the conditions/actions divider line.,Épaisseur de la ligne séparant conditions et actions.
Tint over a single condition/action cell under the mouse.,Teinte sur une seule cellule de condition/action sous la souris.
Trigger Badge Background Color,Couleur de fond du badge de déclencheur
Trigger Badge Foreground Color,Couleur de premier plan du badge de déclencheur
Value Highlight Color,Couleur de surlignage des valeurs
Vertical Padding,Marge verticale
Width reserved for the trigger/condition badge column.,Largeur réservée à la colonne du badge de déclencheur/condition.
Add Comment Sub-Event,Ajouter un sous-événement commentaire
Add GDScript Action,Ajouter une action GDScript
Add Match To Actions…,Ajouter un match aux actions…
Add Pick Filter (For Each)…,Ajouter un filtre de sélection (Pour chaque)…
Add Sub-Condition,Ajouter une sous-condition
Add Sub-Event,Ajouter un sous-événement
Attach To Event Above,Attacher à l'événement au-dessus
Clear Else,Retirer le Sinon (Else)
Clear Else-If,Retirer le Sinon-Si (Else-If)
Close Group,Fermer le groupe
Comment,Commentaire
Convert to AND Block,Convertir en bloc ET
Convert to OR Block,Convertir en bloc OU
Copy as Text,Copier comme texte
Cut,Couper
Delete,Supprimer
Disable / Enable Selection,Désactiver / Activer la sélection
Disable Row,Désactiver la ligne
Duplicate,Dupliquer
Duplicate Selection,Dupliquer la sélection
Edit Comment…,Modifier le commentaire…
Edit Description…,Modifier la description…
Enable Row,Activer la ligne
Enum,Enum
Event Above,Événement au-dessus
Event Below,Événement en dessous
Find Usages (project),Chercher les utilisations (projet)
GDScript Block,Bloc GDScript
Group,Groupe
Group Color…,Couleur du groupe…
Group Selection into New Group,Grouper la sélection dans un nouveau groupe
Insert,Insérer
Make Else,Transformer en Sinon (Else)
Make Else-If,Transformer en Sinon-Si (Else-If)
More,Plus
Open / Close Group,Ouvrir / Fermer le groupe
Open Group,Ouvrir le groupe
Open in Split,Ouvrir dans une vue scindée
Runtime Toggleable,Activable à l'exécution
Save Selection as Snippet…,Enregistrer la sélection comme extrait…
Scope Actions To Node…,Restreindre les actions à un nœud…
Set Breakpoint Condition…,Définir la condition du point d'arrêt…
Signal Handler,Gestionnaire de signal
Variable,Variable
Else,Sinon
Else If,Sinon Si
"A list of numbers (Array[float]) - weights, timings, chances.","Une liste de nombres (Array[float]) - poids, minutages, probabilités."
"A list of text entries (Array[String]) - names, lines, tags.","Une liste d'entrées de texte (Array[String]) - noms, répliques, étiquettes."
"A list of whole numbers (Array[int]) - scores, ids, tile indexes.","Une liste de nombres entiers (Array[int]) - scores, ids, indices de tuiles."
A list that can hold anything (mixed types allowed).,Une liste qui peut tout contenir (types mélangés autorisés).
Action Object Column Width,Largeur de la colonne d'objet des actions
Condition Object Column Width,Largeur de la colonne d'objet des conditions
Designer Template,Modèle de concepteur
Fixed width of the object-name column in the actions lane (0 = text flows after each name). Also set by dragging the name/text gap in a row.,Largeur fixe de la colonne des noms d'objets dans la voie des actions (0 = le texte suit chaque nom). Se règle aussi en faisant glisser l'espace nom/texte dans une ligne.
Fixed width of the object-name column in the conditions lane (0 = text flows after each name). Also set by dragging the name/text gap in a row.,Largeur fixe de la colonne des noms d'objets dans la voie des conditions (0 = le texte suit chaque nom). Se règle aussi en faisant glisser l'espace nom/texte dans une ligne.
Group Row Height,Hauteur des lignes de groupe
"Height of a group header bar, in pixels - double an event row by default; lower it for the classic slim bar.","Hauteur d'une barre d'en-tête de groupe, en pixels - le double d'une ligne d'événement par défaut ; réduisez-la pour la barre fine classique."
Language,Langue
"Make your own data asset in three questions: name one entry, list its columns, done - a Resource whose Inspector is a fill-in table, saved as .tres files designers edit.","Créez votre propre asset de données en trois questions : nommez une entrée, listez ses colonnes, terminé - une Resource dont l'Inspector est un tableau à remplir, enregistrée dans des fichiers .tres que les designers modifient."
Named anything (by text key) - a flexible data bag.,N'importe quoi nommé (par clé de texte) - un sac de données flexible.
"Named numbers (by text key) - e.g. volumes[""music""] = 0.8.","Des nombres nommés (par clé de texte) - ex. volumes[""music""] = 0.8."
Named slots holding anything: look values up by a key.,Des emplacements nommés contenant n'importe quoi : recherchez les valeurs par clé.
"Named text (by text key) - e.g. lines[""greeting""].","Du texte nommé (par clé de texte) - ex. lines[""greeting""]."
"Named whole numbers (by text key) - e.g. costs[""sword""] = 10.","Des nombres entiers nommés (par clé de texte) - ex. costs[""sword""] = 10."
New Custom Resource…,Nouvelle ressource personnalisée…
New Editor Tool…,Nouvel outil d'éditeur…
Object Icons,Icônes des objets
"Start an editor-side tool sheet: its events run INSIDE the editor (script editor > File > Run), never in the game - batch renames, scene checks, one-click chores.","Démarre une feuille d'outil côté éditeur : ses événements s'exécutent DANS l'éditeur (éditeur de script > File > Run), jamais dans le jeu - renommages en masse, vérifications de scènes, corvées en un clic."
Switch the EventSheets editor language. Drop a translation CSV into addons/eventsheet/translations/ and it appears here automatically.,Change la langue de l'éditeur EventSheets. Déposez un CSV de traduction dans addons/eventsheet/translations/ et il apparaît ici automatiquement.
"Makes your own data asset: a Resource with a table designers fill in the Inspector and save as .tres files - loot tables, dialogue lines, wave plans, anything that is rows of data. No annotations to learn; describe the rows and the sheet is generated.","Crée votre propre asset de données : une Resource avec un tableau que les designers remplissent dans l'Inspector et enregistrent en fichiers .tres - tables de butin, répliques de dialogue, plans de vagues, tout ce qui se présente en lignes de données. Aucune annotation à apprendre ; décrivez les lignes et la feuille est générée."
What are you making?,Que créez-vous ?
One entry is a…,Une entrée est un(e)…
Resource name,Nom de la ressource
What does an entry have?,Que contient une entrée ?
"One column per line. Plain words make a text column; add "": float"", "": int"", or "": bool"" for numbers and toggles; list choices with | for a dropdown.

name
kind: coin|gem|key
weight: float","Une colonne par ligne. Des mots simples créent une colonne de texte ; ajoutez "": float"", "": int"" ou "": bool"" pour les nombres et les interrupteurs ; listez des choix avec | pour une liste déroulante.

name
kind: coin|gem|key
weight: float"
Before it works,Avant que ça fonctionne
Warn in the Inspector until the table has rows (required),Avertir dans l'Inspector tant que le tableau n'a pas de lignes (requis)
"Add a validation check (a function warning about bad data, live)","Ajouter un contrôle de validation (une fonction qui signale les données invalides, en direct)"
Creates a ready-to-edit validate function: it runs while the table is edited in the Inspector and shows any warning it returns above the field. Add your own rules as condition rows.,Crée une fonction validate prête à éditer : elle s'exécute pendant l'édition du tableau dans l'Inspector et affiche au-dessus du champ tout avertissement qu'elle renvoie. Ajoutez vos propres règles comme lignes de condition.
Inspector button,Bouton dans l'Inspector
"Show this function as a one-click button in the Inspector, labelled with this text. Pressing the button runs the function's rows - great for editor chores like re-baking, refilling, or validating.","Affiche cette fonction comme un bouton en un clic dans l'Inspector, avec ce texte pour étiquette. Un appui sur le bouton exécute les lignes de la fonction - idéal pour les corvées d'éditeur comme re-baker, re-remplir ou valider."
Plain GDScript - anything valid in an expression works here. Ctrl+Space completes sheet variables/functions and host members. Alt+Enter grows the box for a long expression (and shrinks it back).,Du GDScript pur - tout ce qui est valide dans une expression fonctionne ici. Ctrl+Space complète les variables/fonctions de la feuille et les membres de l'hôte. Alt+Enter agrandit la zone pour une longue expression (et la réduit ensuite).
"Find Expressions - open the expressions dictionary (floating: double-click inserts, stays open until you close it)","Trouver des expressions - ouvre le dictionnaire des expressions (flottant : un double-clic insère, il reste ouvert jusqu'à sa fermeture)"
Expressions dictionary,Dictionnaire des expressions
Double-click to insert at the cursor - the dictionary stays open so results chain. You can also just type in the field: the same expressions autocomplete as you go.,Double-cliquez pour insérer au curseur - le dictionnaire reste ouvert pour enchaîner les résultats. Vous pouvez aussi taper directement dans le champ : les mêmes expressions s'autocomplètent au fil de la saisie.
Loop index (optional),Indice de boucle (facultatif)
"Name a counter that runs 0, 1, 2... each pass - Construct's loopindex. Read it with the Loop Index expression; give nested loops distinct names and read an outer one with Loop Index Of.","Nommez un compteur qui vaut 0, 1, 2... à chaque passage - le loopindex de Construct. Lisez-le avec l'expression Loop Index ; donnez des noms distincts aux boucles imbriquées et lisez une boucle externe avec Loop Index Of."
Write one value per line (multi-line enum),Écrire une valeur par ligne (énumération multiligne)
"Off: enum State { IDLE, RUN }. On: each value on its own tab-indented line - the usual shape for long enums with explicit numbers.","Désactivé : enum State { IDLE, RUN }. Activé : chaque valeur sur sa propre ligne indentée d'une tabulation - la forme habituelle des longues énumérations avec des nombres explicites."
Addon Pack,Pack d'extension
Make your own data asset,Créez votre propre asset de données
"Sheets aren't only for gameplay: Sheet > New Custom Resource… asks three plain questions (what one entry is called, what columns it has, whether it's required) and builds a data asset whose Inspector is a fill-in table - loot tables, dialogue lines, wave plans. Designers fill rows and save .tres variants; your sheets load them. And Sheet > New Editor Tool… makes one-click editor chores the same way.","Les feuilles ne servent pas qu'au gameplay : Sheet > New Custom Resource… pose trois questions simples (comment s'appelle une entrée, quelles colonnes elle a, si elle est requise) et construit un asset de données dont l'Inspector est un tableau à remplir - tables de butin, répliques de dialogue, plans de vagues. Les designers remplissent les lignes et enregistrent des variantes .tres ; vos feuilles les chargent. Et Sheet > New Editor Tool… crée de la même façon des corvées d'éditeur en un clic."
Peek at Sheet > New Custom Resource… (Esc closes it without creating anything).,Jetez un œil à Sheet > New Custom Resource… (Esc le ferme sans rien créer).
Connect Signal to Event Sheet,Connecter un signal à la feuille d'événements
Connect,Connecter
%s - pick a signal,%s - choisissez un signal
An On <Signal> event is added to the node's sheet; its actions run when the signal fires.,Un événement On <Signal> est ajouté à la feuille du nœud ; ses actions s'exécutent quand le signal est émis.
Filter signals...,Filtrer les signaux...
Connected %s - add actions to the new event.,%s connecté - ajoutez des actions au nouvel événement.
Open the EventSheet workspace to connect signals.,Ouvrez l'espace EventSheet pour connecter des signaux.
Bold (Ctrl+B),Gras (Ctrl+B)
Italic (Ctrl+I),Italique (Ctrl+I)
Underline (Ctrl+U),Souligné (Ctrl+U)
Strikethrough (Ctrl+Shift+S),Barré (Ctrl+Shift+S)
Wrap the selection in [color=...] (edit the hex after),Entoure la sélection de [color=...] (modifiez la couleur ensuite)
Loaded: (unsaved EventSheet),Chargé : (EventSheet non enregistrée)
Event Numbers,Numéros d'événement
Aligned Object Columns,Colonnes d'objet alignées
Outline…,Plan…
Outline,Plan
Go to Event,Aller à l'événement
Go to Event Number…,Aller au numéro d'événement…
Bookmarks,Signets
◂ Previous,◂ Précédent
Next ▸,Suivant ▸
Clear All,Tout effacer
Current sheet,Feuille actuelle
Filter,Filtrer
Edit Values Across Selection…,Modifier les valeurs de la sélection…
Select All Events Using This,Sélectionner tous les événements qui l'utilisent
Replace Object References…,Remplacer les références d'objet…
Paste Special…,Collage spécial…
Replace Object References,Remplacer les références d'objet
Retarget the selection,Recibler la sélection
Replace,Remplacer
From,De
To,Vers
Add Field…,Ajouter un champ…
Remove Field,Supprimer le champ
Add Field,Ajouter un champ
New field on this data class,Nouveau champ de cette classe de données
all,tout
Action,Action
Condition,Condition
Expression,Expression
Trigger,Déclencheur
Signal,Signal
gives back %s,renvoie %s
emits %s,émet %s
waits,attend
static,statique
internal,interne
★ featured,★ en vedette
text,texte
number,nombre
true/false,vrai/faux
point,point
color,couleur
any,quelconque
Edit Parameter,Modifier le paramètre
Add Parameter,Ajouter un paramètre
Apply,Appliquer
Delete this parameter,Supprimer ce paramètre
Edit the whole verb…,Modifier tout le verbe…
e.g. amount,p. ex. amount
leave empty to make it required,laisser vide pour le rendre obligatoire
what this input is for,à quoi sert cette entrée
A parameter needs a name.,Un paramètre a besoin d'un nom.
Updated the parameter.,Paramètre mis à jour.
Removed the parameter.,Paramètre supprimé.
e.g. Re-bake  (empty = no button),p. ex. Recalculer  (vide = aucun bouton)
"What this verb is called. Write it in plain words - ""Take Damage"" becomes take_damage in the generated GDScript. Other rows call the verb by this name.","Le nom de ce verbe. Écrivez-le en mots simples : ""Take Damage"" devient take_damage dans le GDScript généré. Les autres lignes appellent le verbe par ce nom."
Godot's own documentation for this verb. It is written above the function as ## lines and shows up in the editor's built-in help and when hovering the verb elsewhere. Optional.,La documentation Godot de ce verbe. Elle est écrite au-dessus de la fonction sous forme de lignes ## et apparaît dans l'aide intégrée de l'éditeur et au survol du verbe. Facultatif.
"Puts a clickable button on this node's Inspector panel, labelled with whatever you type here. Pressing it runs this verb right there in the editor - handy for chores like re-baking a level or filling in test data. Leave it empty (the usual case) and no button appears.","Ajoute un bouton cliquable au panneau Inspector de ce nœud, portant le texte saisi ici. Un clic exécute ce verbe directement dans l'éditeur - pratique pour des corvées comme recalculer un niveau ou remplir des données de test. Laissez vide (le cas courant) et aucun bouton n'apparaît."
"The kind of value this verb hands back to whoever asked - a number, some text, a true/false, a position, and so on. Pick the one that matches what the verb works out.","Le type de valeur que ce verbe renvoie à qui le demande : un nombre, du texte, un vrai/faux, une position, etc. Choisissez celui qui correspond à ce que le verbe calcule."
"One line saying what this verb does. It shows beside the verb in the picker, so it is what somebody reads when deciding whether this is the verb they want.",Une ligne décrivant ce que fait ce verbe. Elle apparaît à côté du verbe dans le sélecteur : c'est donc ce que quelqu'un lit au moment de décider si c'est le bon verbe.
"The friendly name shown in the picker instead of the function name - ""Deal Damage"" reads better than deal_damage. Leave it empty to let it default from the verb name.","Le nom lisible affiché dans le sélecteur à la place du nom de fonction : ""Deal Damage"" se lit mieux que deal_damage. Laissez vide pour le déduire du nom du verbe."
"Which section of the picker files this verb. Verbs sharing a category are grouped together, so a pack usually puts all of its verbs under one - its own name works well.",Dans quelle section du sélecteur ce verbe est rangé. Les verbes d'une même catégorie sont regroupés ; un pack met donc généralement tous les siens dans une seule - son propre nom convient bien.
"What this input is called. It becomes the parameter's name in the generated GDScript, and the label on the verb's row, so plain words beat abbreviations.",Le nom de cette entrée. Il devient le nom du paramètre dans le GDScript généré et l'étiquette sur la ligne du verbe : les mots clairs valent mieux que les abréviations.
"What kind of value this input accepts - a number (int / float), text (String), a true/false (bool), a position (Vector2 / Vector3), or Variant for anything at all.","Le type de valeur accepté par cette entrée : un nombre (int / float), du texte (String), un vrai/faux (bool), une position (Vector2 / Vector3), ou Variant pour absolument tout."
"An optional starting value, so whoever uses the verb can skip this input. Written as GDScript (10, 1.5, ""idle"", true). GDScript requires inputs WITH a default to come last, so filling this in may move the parameter down.","Une valeur initiale facultative, pour que l'utilisateur du verbe puisse omettre cette entrée. Écrite en GDScript (10, 1.5, ""idle"", true). GDScript impose que les entrées AVEC valeur par défaut viennent en dernier : la remplir peut donc déplacer le paramètre vers le bas."
"One line explaining this input. It shows in the picker beside the field, which is where somebody decides what to type into it.","Une ligne expliquant cette entrée. Elle apparaît dans le sélecteur à côté du champ, là où l'on décide quoi y saisir."
Removes the input from the verb entirely. Anything already calling the verb loses the value it was passing here.,Supprime entièrement l'entrée du verbe. Tout ce qui appelle déjà le verbe perd la valeur qu'il transmettait ici.
"Each parameter has a name, type, optional default value, and description.","Chaque paramètre a un nom, un type, une valeur par défaut facultative et une description."
A GDScript boolean expression - the body runs only when all hold (e.g. host.enabled).,Une expression booléenne GDScript - le corps ne s'exécute que si toutes sont vraies (p. ex. host.enabled).
Publishes the verb into pickers as the chosen kind.,Publie le verbe dans les sélecteurs sous le type choisi.
Optional default value (a GDScript expression). Defaulted params must come last.,Valeur par défaut facultative (une expression GDScript). Les paramètres avec valeur par défaut doivent venir en dernier.
Remove this parameter.,Supprimer ce paramètre.
Remove this condition.,Supprimer cette condition.
New Function,Nouvelle fonction
"Action, Condition, or Expression?","Action, condition ou expression ?"
Function,Fonction
Edit Function…,Modifier la fonction…
+ describe this function,+ décrire cette fonction
+ category,+ catégorie
Function names must be valid identifiers (e.g. take_damage).,Les noms de fonction doivent être des identifiants valides (p. ex. take_damage).
Publish to the picker (other sheets can use it),Publier dans le sélecteur (d'autres feuilles peuvent l'utiliser)
"Drag this label sideways to scrub the value (Shift = fine, Ctrl = coarse).","Faites glisser ce libelle lateralement pour ajuster la valeur (Maj = fin, Ctrl = grossier)."
Curate Script…,Curer le script…
Parameters…,Paramètres…
Keep Old Name…,Conserver l'ancien nom…
Keep the old name working,Garder l'ancien nom fonctionnel
Add Shim,Ajouter un relais
the previous function name,l'ancien nom de la fonction
Write Annotations,Écrire les annotations
Publish New Version…,Publier une nouvelle version…
Name Raw Calls…,Nommer les appels bruts…
Compact Rows,Lignes compactes
Remember Between Runs,Mémoriser entre les sessions
Add Entry…,Ajouter une entrée…
Edit Entry…,Modifier l'entrée…
Remove Entry,Supprimer l'entrée
Lock Verb Body (read-only),Verrouiller le corps du verbe (lecture seule)
State,État
is one of,est l'un de
or,ou
and,et
more,de plus
values,valeurs
default,par défaut
+ Add value…,+ Ajouter une valeur…
Runs in editor,S'exécute dans l'éditeur
Remembered variables,Variables mémorisées
Setup lines,Lignes de configuration
double-click to edit in code,double-clic pour éditer dans le code
Host binding,Liaison à l'hôte
decides by state,décide selon l'état
states below,états ci-dessous
decides by,décide selon
branches below,branches ci-dessous
Not,Pas
(animations),(animations)
(no backups yet - they appear from the second save on),(pas encore de sauvegardes - elles apparaissent à partir du deuxième enregistrement)
(no enums on this sheet),(aucune énumération sur cette feuille)
(no match - keep typing),(aucune correspondance - continuez à taper)
(or choose),(ou choisissez)
(or type your own...),(ou saisissez le vôtre...)
(plain),(simple)
Autoload (always-on singleton),Autoload (singleton toujours actif)
Behavior (acts on parent),Comportement (agit sur le parent)
Behavior Component (signal-driven),Composant de comportement (piloté par signaux)
Blank Sheet,Feuille vierge
Children,Enfants
Copy annotation stub,Copier le squelette d'annotation
Copy registrar snippet,Copier l'extrait d'enregistrement
Custom Node,Nœud personnalisé
Custom Resource (data + logic),Ressource personnalisée (données + logique)
Custom Resource (data asset),Ressource personnalisée (asset de données)
Editor Tool,Outil d'éditeur
Editor Tool (one-click chore),Outil d'éditeur (corvée en un clic)
Entity System (Autoload),Système d'entités (Autoload)
Event Bus (Autoload),Bus d'événements (Autoload)
Event Sheet,Feuille d'événements
Fast (60),Rapide (60)
First-Person Controller (3D),Contrôleur à la première personne (3D)
GDScript iterable,Itérable GDScript
Game State (Autoload),État du jeu (Autoload)
Hide this verb,Masquer ce verbe
Major - breaking changes,Majeure - changements incompatibles
"Minor - new verbs, nothing breaks","Mineure - nouveaux verbes, rien ne casse"
No actions or conditions were found on the dropped node.,Aucune action ni condition trouvée sur le nœud déposé.
No sheets open,Aucune feuille ouverte
Node group,Groupe de nœuds
"Patch - fixes, no new verbs","Correctif - corrections, pas de nouveaux verbes"
Pin / Unpin Favorite,Épingler / détacher le favori
Platformer Starter,Base de jeu de plateforme
Recently closed,Récemment fermées
Repeat N times,Répéter N fois
Reset to the inferred name,Rétablir le nom déduit
Save System (Autoload),Système de sauvegarde (Autoload)
Slow (30),Lent (30)
Third-Person Mover (3D),Déplacement à la troisième personne (3D)
Top-down Starter,Base vue de dessus
While (condition),Tant que (condition)
bow,arc
keep format,conserver le format
potion,potion
sword,épée
Rename this verb…,Renommer ce verbe…
Set its category…,Définir sa catégorie…
timeline,chronologie
steps,étapes
at,à
Add Step…,Ajouter une étape…
Timeline,Chronologie
Render Scene To Image,Rendre la scène en image
"Instantiates a scene into an off-screen viewport, lets it settle for a frame, and saves what it shows as a PNG - thumbnails, store shots, doc figures, baked sprites. Needs a windowed editor: a headless run has no renderer, so it warns and writes nothing.","Instancie une scène dans une fenêtre de rendu hors écran, la laisse se stabiliser une image, puis enregistre ce qu'elle affiche en PNG : vignettes, captures de boutique, figures de documentation, sprites précalculés. Nécessite un éditeur avec fenêtre : une exécution headless n'a pas de moteur de rendu, elle avertit donc et n'écrit rien."
Preview Table Rolls,Prévisualiser les tirages de table
"Rolls a weighted table many times and reports what actually came out: per entry the rolled percent, the percent its weight implies, and the gap between them. Pure maths - it runs anywhere, and the same seed always gives the same numbers.","Tire de nombreuses fois dans une table pondérée et rapporte ce qui est réellement sorti : par entrée le pourcentage tiré, le pourcentage impliqué par son poids, et l'écart entre les deux. Des maths pures : cela fonctionne partout, et la même graine donne toujours les mêmes nombres."
On Project Export,À l'export du projet
"Runs while a project export is starting, before the files are written - the place to stamp a build number, bake a data file, or strip debug content.","S'exécute au démarrage d'un export du projet, avant l'écriture des fichiers : l'endroit pour estampiller un numéro de build, précalculer un fichier de données ou retirer le contenu de débogage."
Write Version Stamp,Écrire le tampon de version
"Writes a small build stamp file: the version string plus the date and time the stamp was written. The timestamp is read when the tool runs, so the generated code stays identical every save.","Écrit un petit fichier de tampon de build : la chaîne de version plus la date et l'heure d'écriture du tampon. L'horodatage est lu à l'exécution de l'outil, donc le code généré reste identique à chaque enregistrement."
Export Is Debug,L'export est en débogage
True when the export that triggered this bake step is a debug build. Use it inside On Project Export to keep test content out of release builds.,Vrai quand l'export qui a déclenché cette étape est une build de débogage. À utiliser dans À l'export du projet pour garder le contenu de test hors des versions finales.
Export Has Feature,L'export a la fonctionnalité
"True when the export preset that triggered this bake step carries the given feature tag - the way to bake different data for mobile, web or desktop.","Vrai quand le préréglage d'export qui a déclenché cette étape porte l'étiquette de fonctionnalité donnée : la manière de précalculer des données différentes pour mobile, web ou bureau."
Share Code For,Code de partage pour
"Turns any value into one compact line of text a player can paste anywhere - a seed, a loadout, a whole save. Read it back with Value From Share Code.","Transforme n'importe quelle valeur en une ligne de texte compacte que le joueur peut coller partout - une graine, un équipement, une sauvegarde entière. Relisez-la avec Valeur depuis un code de partage."
Utility: Window,Utilitaires : fenêtre
share code for [b]{value}[/b],code de partage pour [b]{value}[/b]
Value,Valeur
"Anything - a run seed, a loadout list, a colour, a whole save record.","N'importe quoi - une graine de partie, une liste d'équipement, une couleur, un enregistrement de sauvegarde entier."
Copy Share Code To Clipboard,Copier le code de partage dans le presse-papiers
"Encodes any value as a share code and puts it straight on the operating system clipboard, ready to paste.","Encode n'importe quelle valeur en code de partage et la place directement dans le presse-papiers du système, prête à coller."
copy share code for [b]{value}[/b] to clipboard,copier le code de partage pour [b]{value}[/b] dans le presse-papiers
"Anything - a run seed, a loadout list, a whole save record.","N'importe quoi - une graine de partie, une liste d'équipement, un enregistrement de sauvegarde entier."
Share Code Is Valid,Le code de partage est valide
"True when the text really is a share code that decodes cleanly, so a paste box can refuse garbage before it reaches the game. Ask it when the pasted text CHANGES (a Paste button, On Text Changed) rather than every frame: a code mangled in transit can still reach the decoder, and the engine logs a line each time it is refused. A code that was made from nothing at all also reads as invalid.","Vrai lorsque le texte est vraiment un code de partage qui se décode proprement, de sorte qu'un champ de collage peut refuser n'importe quoi avant que cela n'atteigne le jeu. Posez la question quand le texte collé CHANGE (un bouton Coller, Au changement de texte) plutôt qu'à chaque image : un code abîmé en route atteint quand même le décodeur, et le moteur écrit une ligne à chaque refus. Un code fabriqué à partir de rien du tout est lui aussi jugé invalide."
[b]{code}[/b] is a valid share code,[b]{code}[/b] est un code de partage valide
Code,Code
The pasted text to test - usually Clipboard Text or a paste box's text.,Le texte collé à tester - en général Texte du presse-papiers ou le texte d'un champ de collage.
Value From Share Code,Valeur depuis un code de partage
"Reads the value back out of a share code, giving nothing when the text is not a valid code.","Relit la valeur contenue dans un code de partage, et ne rend rien lorsque le texte n'est pas un code valide."
value from share code [b]{code}[/b],valeur depuis le code de partage [b]{code}[/b]
The share code text to read - check it with Share Code Is Valid first.,Le texte du code de partage à lire - vérifiez-le d'abord avec Le code de partage est valide.
Clipboard Has Text,Le presse-papiers contient du texte
True when the operating system clipboard currently holds any text - gate a paste box on it.,Vrai lorsque le presse-papiers du système contient actuellement du texte - conditionnez un champ de collage dessus.
clipboard has text,le presse-papiers contient du texte
Clipboard Has Image,Le presse-papiers contient une image
"True when the operating system clipboard currently holds an image, such as a screenshot the player just copied.","Vrai lorsque le presse-papiers du système contient actuellement une image, par exemple une capture d'écran que le joueur vient de copier."
clipboard has an image,le presse-papiers contient une image
Clipboard Image,Image du presse-papiers
The image currently on the operating system clipboard - feed it to ImageTexture.create_from_image to show it.,L'image actuellement dans le presse-papiers du système - passez-la à ImageTexture.create_from_image pour l'afficher.
clipboard image,image du presse-papiers
Clipboard Text Is,Le texte du presse-papiers est
"Compares whatever text is on the clipboard against a value, with your choice of operator.","Compare le texte présent dans le presse-papiers à une valeur, avec l'opérateur de votre choix."
clipboard text {op} [b]{value}[/b],texte du presse-papiers {op} [b]{value}[/b]
Operator,Opérateur
Comparison.,Comparaison.
= (equal to),= (égal à)
!= (not equal to),!= (différent de)
< (less than),< (inférieur à)
<= (at most),<= (au plus)
> (greater than),> (supérieur à)
>= (at least),>= (au moins)
Text to compare the clipboard against.,Texte auquel comparer le presse-papiers.
Clone Into,Cloner dans
"Copies a live node, adds the copy to a parent, places it and optionally puts it in a group - the one-row form of Duplicate Node plus Add Child plus Set Position. Use Spawn Scene when you are starting from a .tscn file instead.","Copie un nœud vivant, ajoute la copie à un parent, la place et la met éventuellement dans un groupe - la forme en une ligne de Dupliquer le nœud plus Ajouter un enfant plus Définir la position. Si vous partez d'un fichier .tscn, utilisez plutôt Générer une scène."
Nodes,Nœuds
"clone [i]{source}[/i] into [i]{parent}[/i] at [b]{at}[/b], group [b]{group}[/b]","cloner [i]{source}[/i] dans [i]{parent}[/i] à [b]{at}[/b], groupe [b]{group}[/b]"
The live node to copy.,Le nœud vivant à copier.
Into,Dans
Where the copy is added.,Où la copie est ajoutée.
At,À
World position for the copy (a Vector3 for a 3D node). Only used when the copy has a position.,Position dans le monde pour la copie (un Vector3 pour un nœud 3D). Utilisée seulement lorsque la copie possède une position.
Optional group for the copy (blank = none).,Groupe facultatif pour la copie (vide = aucun).
Remember Value As,Mémoriser la valeur sous
"Copies any value aside under a name, in memory, for this run - the before-value for a preview, a buff or a cutscene. For memory that survives closing the game use Remember Between Runs on the variable, or the Save System pack.","Met de côté n'importe quelle valeur sous un nom, en mémoire, pour cette partie - la valeur d'avant pour un aperçu, un bonus ou une cinématique. Pour une mémoire qui survit à la fermeture du jeu, utilisez Mémoriser entre les parties sur la variable, ou le pack Système de sauvegarde."
Run Context,Contexte d'exécution
remember [b]{value}[/b] as [b]{name}[/b],mémoriser [b]{value}[/b] sous [b]{name}[/b]
Any label you also use in Restore Value Into.,N'importe quelle étiquette que vous réutilisez dans Restaurer la valeur dans.
The value to copy aside.,La valeur à mettre de côté.
Restore Value Into,Restaurer la valeur dans
Pours a remembered value back into a variable. When nothing was remembered under that name the variable keeps what it already had.,"Reverse une valeur mémorisée dans une variable. Si rien n'a été mémorisé sous ce nom, la variable garde ce qu'elle avait déjà."
restore [b]{name}[/b] into [b]{var_name}[/b],restaurer [b]{name}[/b] dans [b]{var_name}[/b]
The label used in Remember Value As.,L'étiquette utilisée dans Mémoriser la valeur sous.
Into Variable,Dans la variable
Variable that receives the remembered value (left alone when nothing was remembered).,Variable qui reçoit la valeur mémorisée (laissée telle quelle si rien n'a été mémorisé).
Remembered Value,Valeur mémorisée
"The value remembered under a name this run, or your fallback when there is none - read it without pouring it back.","La valeur mémorisée sous un nom pendant cette partie, ou votre valeur de repli s'il n'y en a aucune - la lire sans la reverser."
remembered [b]{name}[/b] or [b]{fallback}[/b],[b]{name}[/b] mémorisé ou [b]{fallback}[/b]
Or,Ou
What you get when nothing was remembered under that name.,Ce que vous obtenez si rien n'a été mémorisé sous ce nom.
Has Remembered,A mémorisé
True when something was remembered under that name this run - the gate on a Cancel button that should only undo a preview it actually took.,Vrai lorsque quelque chose a été mémorisé sous ce nom pendant cette partie - la condition d'un bouton Annuler qui ne doit défaire qu'un aperçu réellement pris.
has remembered [b]{name}[/b],a mémorisé [b]{name}[/b]
Forget Remembered,Oublier la valeur mémorisée
"Drops a remembered value, so Has Remembered reads false again. Forgetting a name that was never remembered is harmless.","Supprime une valeur mémorisée, si bien que A mémorisé redevient faux. Oublier un nom jamais mémorisé est sans conséquence."
forget remembered [b]{name}[/b],oublier [b]{name}[/b] mémorisé
Resources In Folder,Ressources du dossier
"Loads every data asset (.tres) in a folder as a list, so a folder of files becomes your content - items, enemies, levels, or a mod folder. A missing folder gives an empty list, and a file that fails to load is left out rather than arriving as nothing.","Charge chaque ressource de données (.tres) d'un dossier sous forme de liste, si bien qu'un dossier de fichiers devient votre contenu - objets, ennemis, niveaux, ou un dossier de mods. Un dossier absent donne une liste vide, et un fichier qui échoue au chargement est écarté au lieu d'arriver comme rien du tout."
Files,Fichiers
resources in [b]{folder}[/b],ressources dans [b]{folder}[/b]
Folder,Dossier
"Folder to scan (not recursive). Every .tres / .res inside it is loaded, in the folder's own order.","Dossier à parcourir (non récursif). Chaque .tres / .res qu'il contient est chargé, dans l'ordre propre au dossier."
Resource In Folder,Ressource du dossier
"Fetches one data asset out of a folder by its file name, or nothing at all when there is no such file - no red error.","Récupère une ressource de données dans un dossier par son nom de fichier, ou rien du tout si ce fichier n'existe pas - sans erreur rouge."
resource [b]{name}[/b] in [b]{folder}[/b],ressource [b]{name}[/b] dans [b]{folder}[/b]
Folder holding the data assets.,Dossier qui contient les ressources de données.
"File name WITHOUT the .tres extension - ""rusty_sword"" finds rusty_sword.tres.","Nom de fichier SANS l'extension .tres - ""rusty_sword"" trouve rusty_sword.tres."
Load Resource Or Default,Charger la ressource ou la valeur par défaut
"Loads a file and hands back your fallback when it is missing, so a deleted or mod-supplied file never crashes the game.","Charge un fichier et rend votre valeur de repli s'il manque, de sorte qu'un fichier supprimé ou fourni par un mod ne fait jamais planter le jeu."
load [b]{path}[/b] or [i]{fallback}[/i],charger [b]{path}[/b] ou [i]{fallback}[/i]
Path,Chemin
Full path to the resource or scene to load.,Chemin complet vers la ressource ou la scène à charger.
Fallback,Valeur de repli
"What to use instead when the file is not there (a preloaded default, or null).","Ce qu'il faut utiliser à la place quand le fichier est absent (une valeur par défaut préchargée, ou null)."
Count Of Resources In,Nombre de ressources dans
"How many data assets a folder holds, counted without loading any of them - zero if the folder is missing.","Combien de ressources de données un dossier contient, comptées sans en charger aucune - zéro si le dossier est absent."
count of resources in [b]{folder}[/b],nombre de ressources dans [b]{folder}[/b]
Folder to count data assets in (not recursive).,Dossier dans lequel compter les ressources de données (non récursif).
Copy Resource (Independent),Copier la ressource (indépendante)
"Makes a private copy of a resource, right down to the resources inside it, so writing to the copy never changes the .tres on disk or any other node holding it. Use this before a node edits its own stats.","Fabrique une copie privée d'une ressource, jusqu'aux ressources qu'elle contient, si bien qu'écrire dans la copie ne modifie jamais le .tres sur le disque ni aucun autre nœud qui le détient. À utiliser avant qu'un nœud ne modifie ses propres statistiques."
Helpers,Utilitaires
independent copy of [i]{resource}[/i],copie indépendante de [i]{resource}[/i]
Resource,Ressource
The resource to copy. Anything that is not a resource (including nothing at all) gives nothing back.,La ressource à copier. Tout ce qui n'est pas une ressource (y compris rien du tout) ne rend rien.
Copy Resource (Share Sub-Resources),Copier la ressource (sous-ressources partagées)
Makes a cheap copy whose own fields are separate but whose inner resources and lists are still SHARED with the original. Pick this only when you want that sharing - otherwise use Copy Resource (Independent).,"Fabrique une copie bon marché dont les champs propres sont séparés mais dont les ressources et listes internes restent PARTAGÉES avec l'original. À choisir seulement si vous voulez ce partage - sinon, utilisez Copier la ressource (indépendante)."
copy of [i]{resource}[/i] (sub-resources shared),copie de [i]{resource}[/i] (sous-ressources partagées)
Deep Copy,Copie profonde
"Copies the array AND every list or dictionary nested inside it, so editing the copy cannot reach back into the original. Copy Array only copies the outer level.","Copie le tableau ET chaque liste ou dictionnaire imbriqué à l'intérieur, si bien que modifier la copie ne peut pas atteindre l'original. Copier le tableau ne copie que le niveau extérieur."
Variables: Array,Variables : tableau
deep copy of [b]{var_name}[/b],copie profonde de [b]{var_name}[/b]
Array,Tableau
Array variable to copy right through.,Variable tableau à copier de bout en bout.
"Copies the dictionary AND every list or dictionary nested inside it, so editing the copy cannot reach back into the original. Copy Dictionary only copies the outer level.","Copie le dictionnaire ET chaque liste ou dictionnaire imbriqué à l'intérieur, si bien que modifier la copie ne peut pas atteindre l'original. Copier le dictionnaire ne copie que le niveau extérieur."
Variables: Dictionary,Variables : dictionnaire
Dictionary,Dictionnaire
Dictionary variable to copy right through.,Variable dictionnaire à copier de bout en bout.
Copy Values From,Copier les valeurs depuis
"Pours a list of values off another object onto this one, in one row instead of one row per property. Names the target does not have are skipped, so a single preset can serve several kinds of node.","Reverse une liste de valeurs d'un autre objet sur celui-ci, en une seule ligne au lieu d'une ligne par propriété. Les noms que la cible ne possède pas sont ignorés, si bien qu'un même préréglage peut servir plusieurs types de nœuds."
copy [b]{names}[/b] from [i]{source}[/i] into [i]{target}[/i],copier [b]{names}[/b] depuis [i]{source}[/i] vers [i]{target}[/i]
The object being written to - it is what changes.,L'objet dans lequel on écrit - c'est lui qui change.
The object to read from - a node OR a resource.,L'objet dans lequel on lit - un nœud OU une ressource.
Names,Noms
Comma-separated property names. Leave blank to copy every variable the source's script declares.,Noms de propriétés séparés par des virgules. Laissez vide pour copier toutes les variables déclarées par le script de la source.
Fill Blanks From,Compléter les vides depuis
"Writes a base's values ONLY into fields this object left empty, leaving everything you did fill in alone. That is the override chain: a base item plus a rarity variant, or a shipped table plus a mod file. Empty means nothing there: no value at all, blank text, an empty list or an empty record - a 0 and a false are real values and are kept, exactly as Is Nothing and Missing Fields read them.","Écrit les valeurs d'une base UNIQUEMENT dans les champs que cet objet a laissés vides, sans toucher à ce que vous avez rempli. C'est la chaîne de surcharge : un objet de base plus une variante de rareté, ou une table livrée plus un fichier de mod. Vide veut dire qu'il n'y a rien : aucune valeur, du texte blanc, une liste vide ou un enregistrement vide. Un 0 et un faux sont de vraies valeurs et sont conservés, exactement comme les lisent N'est rien et Champs manquants."
fill blanks in [i]{target}[/i] from [i]{base}[/i],compléter les vides de [i]{target}[/i] depuis [i]{base}[/i]
Fill,Compléter
The one being completed - it is what changes.,Celui qui est complété - c'est lui qui change.
Where the missing values come from.,D'où viennent les valeurs manquantes.
Apply Preset To Node,Appliquer le préréglage au nœud
"Pours a data asset's fields onto the same-named properties of a node, so difficulty tiers, weapon tunings and boss phases become a data edit instead of a wall of rows.","Reverse les champs d'une ressource de données sur les propriétés de même nom d'un nœud, si bien que les paliers de difficulté, les réglages d'armes et les phases de boss deviennent une édition de données au lieu d'un mur de lignes."
apply preset [b]{preset}[/b] to [i]{target}[/i],appliquer le préréglage [b]{preset}[/b] à [i]{target}[/i]
Preset,Préréglage
The data asset to pour on (a .tres you filled in the Inspector). Nothing happens if it is empty.,"La ressource de données à reverser (un .tres que vous avez rempli dans l'inspecteur). Si elle est vide, rien ne se produit."
The node to apply it to.,Le nœud auquel l'appliquer.
Matches Properties Of,Correspond aux propriétés de
"True while the listed properties hold the same values on both objects - the cheap 'is this ghost still in sync' or 'has anything changed' check. A name neither object has reads as NOT matching, so a typo shows up instead of quietly passing, and either side being gone reads as not matching too.","Vrai tant que les propriétés listées portent les mêmes valeurs sur les deux objets - la vérification bon marché 'ce fantôme est-il encore synchronisé' ou 'quelque chose a-t-il changé'. Un nom qu'aucun des deux objets ne possède est considéré comme NON concordant, si bien qu'une faute de frappe se voit au lieu de passer en silence ; et si l'un des deux côtés a disparu, cela ne correspond pas non plus."
[i]{target}[/i] matches [b]{names}[/b] of [i]{other}[/i],[i]{target}[/i] correspond à [b]{names}[/b] de [i]{other}[/i]
Object,Objet
The object to test.,L'objet à tester.
"Comma-separated property names to compare. A blank list has nothing to compare, so it is true.","Noms de propriétés séparés par des virgules à comparer. Une liste vide n'a rien à comparer, elle est donc vraie."
Of,De
The object to compare against.,L'objet auquel comparer.
Data Is Older Than Version,Les données sont antérieures à la version
"True when a loaded record was written by an older build than this one - the gate a migration sits under. A record with NO version field counts as 0, so the very first format upgrades too, and so does one whose version field is empty or is not a number at all.","Vrai lorsqu'un enregistrement chargé a été écrit par une build plus ancienne que celle-ci - la condition sous laquelle se place une migration. Un enregistrement SANS champ de version compte comme 0, si bien que le tout premier format est migré lui aussi, tout comme un enregistrement dont le champ de version est vide ou n'est pas un nombre."
[b]{record}[/b] is older than version [b]{version}[/b],[b]{record}[/b] est antérieur à la version [b]{version}[/b]
Record,Enregistrement
"The parsed record (a save file, a payload, a manifest).","L'enregistrement déjà analysé (un fichier de sauvegarde, une charge utile, un manifeste)."
Field,Champ
Which field holds the version number.,Quel champ contient le numéro de version.
Version,Version
The version this build writes.,La version que cette build écrit.
Rename Field,Renommer le champ
"Moves a value to its new field name, and does nothing at all when the old name is not there - so a migration is safe to run twice.","Déplace une valeur vers son nouveau nom de champ, et ne fait rien du tout lorsque l'ancien nom est absent - une migration peut donc être exécutée deux fois sans risque."
rename [b]{from_field}[/b] to [b]{to_field}[/b] in [i]{record}[/i],renommer [b]{from_field}[/b] en [b]{to_field}[/b] dans [i]{record}[/i]
"The record to migrate, edited in place.","L'enregistrement à migrer, modifié sur place."
The old field name.,L'ancien nom de champ.
The new field name (overwritten if it is already there).,Le nouveau nom de champ (écrasé s'il existe déjà).
Stamp Data Version,Estampiller la version des données
"Writes the current format number onto a record, so the next load knows it has already been migrated. Data Is Older Than Version reads it back, and reads it as 0 when it is missing or is not a number.","Écrit le numéro de format actuel sur un enregistrement, si bien que le chargement suivant sait qu'il a déjà été migré. Les données sont antérieures à la version le relit, et le lit comme 0 lorsqu'il manque ou n'est pas un nombre."
stamp [i]{record}[/i] as version [b]{version}[/b],estampiller [i]{record}[/i] comme version [b]{version}[/b]
The record to stamp.,L'enregistrement à estampiller.
The version this build writes - a whole number.,La version que cette build écrit - un nombre entier.
Table From File,Table depuis un fichier
"Reads a .csv whose FIRST line is the column names and gives you one record per row, each field reachable by column name - row[""price""]. Quoted cells may contain the separator, Windows line endings are fine, and a missing file simply gives no rows. Store it in an Array variable, then walk it with a For Each pick filter.","Lit un .csv dont la PREMIÈRE ligne contient les noms de colonnes et vous donne un enregistrement par ligne, chaque champ accessible par nom de colonne - row[""price""]. Les cellules entre guillemets peuvent contenir le séparateur, les fins de ligne Windows passent très bien, et un fichier absent ne donne tout simplement aucune ligne. Rangez le résultat dans une variable tableau, puis parcourez-la avec un filtre de sélection Pour chaque."
Files: Tables,Fichiers : tables
rows of [b]{path}[/b],lignes de [b]{path}[/b]
File,Fichier
The .csv to read. Its FIRST line must be the column names.,Le .csv à lire. Sa PREMIÈRE ligne doit contenir les noms de colonnes.
Separator,Séparateur
What separates the columns in that file.,Ce qui sépare les colonnes dans ce fichier.
Comma,Virgule
Semicolon,Point-virgule
Tab,Tabulation
Table From Text,Table depuis du texte
"The same column-names-first parse as Table From File, but over text you already hold instead of a file on disk.","La même analyse avec les noms de colonnes en première ligne que Table depuis un fichier, mais sur du texte que vous détenez déjà au lieu d'un fichier sur le disque."
rows in [b]{text}[/b],lignes dans [b]{text}[/b]
"Spreadsheet text you already have - a pasted blob, a downloaded body, a file you read earlier. FIRST line = the column names.","Du texte de tableur que vous avez déjà - un bloc collé, un corps téléchargé, un fichier lu plus tôt. PREMIÈRE ligne = les noms de colonnes."
Column Of Table,Colonne de la table
"Gives one whole column as a list, in row order - handy for a dropdown's items, a weights list, or a quick sum. A row missing that column contributes empty text.","Donne une colonne entière sous forme de liste, dans l'ordre des lignes - pratique pour les entrées d'un menu déroulant, une liste de poids ou une somme rapide. Une ligne à laquelle cette colonne manque apporte du texte vide."
column [b]{column}[/b] of [b]{table}[/b],colonne [b]{column}[/b] de [b]{table}[/b]
Table,Table
The rows-of-records variable a Table From File (or Table From Text) expression filled.,La variable de lignes en enregistrements qu'une expression Table depuis un fichier (ou Table depuis du texte) a remplie.
Column,Colonne
"The column name to read, exactly as it is spelled in the header row.","Le nom de colonne à lire, orthographié exactement comme dans la ligne d'en-tête."
Row Where,Ligne où
"Finds the FIRST record whose column holds this value - the single-item lookup, e.g. the row for item ""sword"". Gives an empty record when nothing matches, so check it with Dictionary Is Empty before reading fields.","Trouve le PREMIER enregistrement dont la colonne contient cette valeur - la recherche d'un seul élément, par exemple la ligne de l'objet ""sword"". Si rien ne correspond, un enregistrement vide est rendu : vérifiez-le avec Dictionnaire est vide avant de lire des champs."
row of [b]{table}[/b] where [b]{column}[/b] is [b]{value}[/b],ligne de [b]{table}[/b] où [b]{column}[/b] vaut [b]{value}[/b]
"The column to match on, exactly as it is spelled in the header row.","La colonne sur laquelle comparer, orthographiée exactement comme dans la ligne d'en-tête."
Is,Vaut
"The value to look for. Compared as text, so 25 and ""25"" both match a cell reading 25.","La valeur recherchée. La comparaison se fait comme du texte, donc 25 et ""25"" correspondent tous deux à une cellule contenant 25."
For Each Line In Text,Pour chaque ligne du texte
"Runs this event's actions once per LINE of the text, skipping blank ones. Windows (CRLF) and old-Mac (CR) endings are handled, so no line arrives with a stray carriage return. Read the current one as `line`.","Exécute les actions de cet événement une fois par LIGNE du texte, en sautant les lignes vides. Les fins Windows (CRLF) et vieux Mac (CR) sont gérées, si bien qu'aucune ligne n'arrive avec un retour chariot égaré. La ligne courante se lit `line`."
Loops,Boucles
for each line in [b]{text}[/b],pour chaque ligne de [b]{text}[/b]
"The text to walk line by line - a file you read, a pasted blob, a leaderboard body.","Le texte à parcourir ligne par ligne - un fichier lu, un bloc collé, le corps d'un classement."
For Each Part In Text,Pour chaque partie du texte
"Runs this event's actions once per PIECE of the text. Each piece arrives with its surrounding spaces trimmed, and empty pieces are skipped, so ""sword; shield;; bow"" is three parts. Read the current one as `part`.","Exécute les actions de cet événement une fois par MORCEAU du texte. Chaque morceau arrive sans les espaces qui l'entourent, et les morceaux vides sont sautés : ""sword; shield;; bow"" fait donc trois parties. Le morceau courant se lit `part`."
for each part of [b]{text}[/b] split by [b]{separator}[/b],pour chaque partie de [b]{text}[/b] séparée par [b]{separator}[/b]
"The text to break up - a tag list, a chat command's arguments, one cell of a spreadsheet.","Le texte à découper - une liste d'étiquettes, les arguments d'une commande de chat, une cellule de tableur."
Split by,Séparer par
"What separates the pieces, e.g. "","" or "";"" or "" "".","Ce qui sépare les morceaux, par exemple "","" ou "";"" ou "" ""."
For Each Resource In Folder,Pour chaque ressource du dossier
"Runs this event's actions once per data asset (.tres / .res) in a folder, already loaded - the ""a folder of items IS my item list"" setup, with no list to maintain. A folder that is not there walks nothing (quietly - it is checked first, so a loop that runs every frame cannot spam errors), and anything that fails to load is skipped rather than arriving as null. Read the current one as `entry`.","Exécute les actions de cet événement une fois par ressource de données (.tres / .res) d'un dossier, déjà chargée - le montage ""un dossier d'objets EST ma liste d'objets"", sans liste à maintenir. Un dossier absent ne parcourt rien (en silence : il est vérifié d'abord, si bien qu'une boucle exécutée chaque image ne peut pas inonder la console d'erreurs), et ce qui échoue au chargement est sauté au lieu d'arriver comme null. La ressource courante se lit `entry`."
for each resource in [b]{folder}[/b],pour chaque ressource de [b]{folder}[/b]
Folder of data assets to walk. Only .tres / .res files are loaded; anything else in there is ignored.,Dossier de ressources de données à parcourir. Seuls les fichiers .tres / .res sont chargés ; tout le reste est ignoré.
Text Before,Texte avant
"The part of the text before the first marker: Text Before(""Ada [angry]: hi"", "" ["") is ""Ada"". When the marker is not there you get the whole text back, so nothing is silently lost.","La partie du texte située avant le premier repère : Texte avant(""Ada [angry]: hi"", "" ["") vaut ""Ada"". Si le repère est absent, vous récupérez le texte entier, donc rien n'est perdu en silence."
the part of {text} before {marker},la partie de {text} avant {marker}
The line to read a piece out of.,La ligne dans laquelle lire un morceau.
Before,Avant
The marker to stop at (the first one wins).,Le repère où s'arrêter (le premier l'emporte).
Text After,Texte après
"Everything after the first marker: Text After(""Ada [angry]: hi"", ""]: "") is ""hi"". Empty when the marker is not there, because then there is no ""after"".","Tout ce qui suit le premier repère : Texte après(""Ada [angry]: hi"", ""]: "") vaut ""hi"". Vide lorsque le repère est absent, car il n'y a alors pas d'""après""."
the part of {text} after {marker},la partie de {text} après {marker}
After,Après
The marker to start after (the first one wins).,Le repère après lequel commencer (le premier l'emporte).
Text Between,Texte entre
"The part between two markers: Text Between(""Ada [angry]: hi"", ""["", ""]"") is ""angry"". Empty when the opening marker is missing, and the rest of the text when the closing one is.","La partie comprise entre deux repères : Texte entre(""Ada [angry]: hi"", ""["", ""]"") vaut ""angry"". Vide lorsque le repère d'ouverture manque, et le reste du texte lorsque c'est celui de fermeture."
the part of {text} between {open} and {close},la partie de {text} entre {open} et {close}
The opening marker.,Le repère d'ouverture.
The closing marker.,Le repère de fermeture.
Number In Text,Nombre dans le texte
"The first number found anywhere in the text, whole or decimal: ""Chapter 3"" gives 3, ""v1.25-beta"" gives 1.25. You get 0 when there is no number at all, and you never write a pattern.","Le premier nombre trouvé n'importe où dans le texte, entier ou décimal : ""Chapter 3"" donne 3, ""v1.25-beta"" donne 1.25. Vous obtenez 0 s'il n'y a aucun nombre, et vous n'écrivez jamais de motif."
the first number in {text},le premier nombre dans {text}
Text that has a number somewhere in it.,Texte qui contient un nombre quelque part.
Split Keeping Quotes,Découper en respectant les guillemets
"Splits text on a separator but keeps anything inside ""double quotes"" together as one piece, and drops the quotes: give ""iron sword"" 2 is three pieces, not four. Empty pieces are skipped, so runs of separators never produce blanks.","Découpe le texte sur un séparateur mais garde d'un seul tenant tout ce qui est entre ""guillemets doubles"", et retire les guillemets : give ""iron sword"" 2 fait trois morceaux, pas quatre. Les morceaux vides sont sautés, si bien qu'une suite de séparateurs ne produit jamais de vides."
"pieces of {text}, keeping quotes together","morceaux de {text}, guillemets gardés d'un bloc"
"The line to split - a console entry, a search box, a pasted cell.","La ligne à découper - une saisie de console, un champ de recherche, une cellule collée."
What separates the pieces OUTSIDE quotes.,Ce qui sépare les morceaux HORS des guillemets.
Explain JSON Problem,Expliquer le problème JSON
"Why this JSON failed to parse, with the line: ""line 4: Expected ':'"". Empty when it parses fine, so an empty result IS the all-clear. Log it and the bug report writes itself. Branch on this verb's own emptiness (Text Is Blank, inverted) rather than on JSON Is Valid: that condition reads a file holding just the word null as invalid, and this one has nothing to say about it, so pairing them logs an error with a blank reason.","Pourquoi ce JSON n'a pas pu être analysé, avec la ligne : ""line 4: Expected ':'"". Vide lorsqu'il s'analyse correctement : un résultat vide EST donc le feu vert. Journalisez-le et le rapport de bug s'écrit tout seul. Branchez sur le vide de CE verbe (Le texte est vide, inversé) plutôt que sur JSON est valide : cette condition lit comme invalide un fichier ne contenant que le mot null, alors que ce verbe n'a rien à en dire ; les associer journalise donc une erreur sans motif."
JSON,JSON
why {text} is not valid JSON,pourquoi {text} n'est pas du JSON valide
"The JSON text to check - a file you read, a paste, a server reply.","Le texte JSON à vérifier - un fichier lu, un collage, une réponse de serveur."
Explain Table Problem,Expliquer le problème de la table
"The first cell of a table that should be a number and is not, said out loud: ""row 12, column ""price"": ""abc"" is not a number"". Rows are counted from 1 over the rows you hold - Table From File has already used up the header line, so row 12 is line 13 of the file. A row that is not a record at all is reported too. Empty when every listed column checks out.","La première cellule d'une table qui devrait être un nombre et ne l'est pas, dite à voix haute : ""row 12, column ""price"": ""abc"" is not a number"". Les lignes sont comptées à partir de 1 sur les lignes que vous détenez - Table depuis un fichier a déjà consommé la ligne d'en-tête, donc la ligne 12 est la ligne 13 du fichier. Une ligne qui n'est pas du tout un enregistrement est signalée elle aussi. Vide lorsque toutes les colonnes listées sont correctes."
what is wrong in {records},ce qui ne va pas dans {records}
Rows,Lignes
"A list of records - one per row, each field reachable by column name.","Une liste d'enregistrements - un par ligne, chaque champ accessible par nom de colonne."
Number columns,Colonnes numériques
The columns that must hold numbers.,Les colonnes qui doivent contenir des nombres.
Missing Fields,Champs manquants
"The listed fields that are missing or left blank, comma-separated, and empty when the record is complete. Blank means nothing there: null, empty text, an empty list or an empty record - a 0 is a real value and is never reported.","Les champs listés qui manquent ou sont restés vides, séparés par des virgules, et vide lorsque l'enregistrement est complet. Vide veut dire qu'il n'y a rien : null, du texte vide, une liste vide ou un enregistrement vide. Un 0 est une vraie valeur et n'est jamais signalé."
the fields missing from {record},les champs manquants dans {record}
A record or a resource to check.,Un enregistrement ou une ressource à vérifier.
Fields,Champs
"The fields it must have filled in, separated by commas.","Les champs qu'il doit avoir remplis, séparés par des virgules."
Shorten To Fit,Raccourcir pour tenir
"Trims text to a maximum number of characters and marks the cut with the ending you choose, so a clipped name never reads as the whole name. Text that already fits comes back untouched, and the result never runs past the width you gave - a width too narrow to hold the ending simply cuts without one. Cuts mid-word: use Shorten To Whole Words when the cut should land on a word boundary.","Rogne le texte à un nombre maximum de caractères et marque la coupe avec la terminaison de votre choix, si bien qu'un nom tronqué ne se lit jamais comme le nom entier. Un texte qui tient déjà revient intact, et le résultat ne dépasse jamais la largeur donnée - une largeur trop étroite pour la terminaison coupe tout simplement sans elle. Coupe au milieu d'un mot : utilisez Raccourcir aux mots entiers lorsque la coupe doit tomber sur une limite de mot."
shorten [b]{text}[/b] to [b]{max_chars}[/b] characters,raccourcir [b]{text}[/b] à [b]{max_chars}[/b] caractères
The text that has to fit.,Le texte qui doit tenir.
Max characters,Caractères max
"The widest the result may get, in characters, counting the ending below.","La largeur maximale du résultat, en caractères, terminaison ci-dessous comprise."
Ending,Terminaison
"What marks the cut, e.g. ""..."" or a single ellipsis character. Its own length is taken out of the budget.","Ce qui marque la coupe, par exemple ""..."" ou un seul caractère de points de suspension. Sa propre longueur est déduite du budget."
Shorten To Whole Words,Raccourcir aux mots entiers
"Like Shorten To Fit, but backs up to the last complete word before cutting, so ""Ancient Sword of Thorns"" reads ""Ancient Sword..."" instead of ""Ancient Sword of Th"". When the budget holds no whole word (one very long word) it falls back to cutting by characters, and when it is too narrow to hold the ending at all it cuts without one - so the result is never just the ending, and never wider than you asked for.","Comme Raccourcir pour tenir, mais recule jusqu'au dernier mot complet avant de couper, si bien que ""Ancient Sword of Thorns"" se lit ""Ancient Sword..."" plutôt que ""Ancient Sword of Th"". Lorsque le budget ne contient aucun mot entier (un seul mot très long), il retombe sur la coupe par caractères, et lorsqu'il est trop étroit pour porter la terminaison, il coupe sans elle - le résultat n'est donc jamais uniquement la terminaison, ni jamais plus large que demandé."
shorten [b]{text}[/b] to whole words within [b]{max_chars}[/b],raccourcir [b]{text}[/b] aux mots entiers dans [b]{max_chars}[/b]
With Thousands Separators,Avec séparateurs de milliers
"Turns a number into grouped digits a player can take in at a glance: 1234567 reads ""1,234,567"". Whole numbers only (the fraction is dropped); a negative keeps its minus sign. For idle-game scale (1.23e15, ""1.23 Qa"") reach for the Big Numbers pack instead.","Transforme un nombre en chiffres groupés qu'un joueur saisit d'un coup d'œil : 1234567 se lit ""1,234,567"". Nombres entiers seulement (la partie décimale est abandonnée) ; un négatif garde son signe moins. Pour l'échelle des jeux idle (1.23e15, ""1.23 Qa""), prenez plutôt le pack Grands nombres."
[b]{value}[/b] with thousands separators,[b]{value}[/b] avec séparateurs de milliers
The number to make readable. Anything after the decimal point is dropped.,Le nombre à rendre lisible. Tout ce qui suit la virgule décimale est abandonné.
As Percent Text,En texte de pourcentage
"Turns a fraction into percent TEXT with the sign on it: 0.73 reads ""73%"". Feed it a 0-to-1 value (Percent Of already returns 0-to-100, so divide that by 100 or use the raw fraction).","Transforme une fraction en TEXTE de pourcentage, signe compris : 0.73 se lit ""73%"". Donnez-lui une valeur de 0 à 1 (Pourcentage de renvoie déjà 0 à 100, divisez donc par 100 ou utilisez la fraction brute)."
[b]{value}[/b] as a percent,[b]{value}[/b] en pourcentage
Fraction,Fraction
"A fraction where 1.0 means full, e.g. health / max_health.","Une fraction où 1.0 signifie plein, par exemple health / max_health."
Decimals,Décimales
Digits after the decimal point. 0 gives a whole percent.,Chiffres après la virgule décimale. 0 donne un pourcentage entier.
As Duration,En durée
"Seconds as a duration that survives passing an hour: 3725 reads ""1h 02m"" and 90 reads ""1m 30s"". A negative duration reads as zero. Use As Clock Time when you want strict mm:ss (it rolls an hour into ""60:00"").","Des secondes en durée qui reste juste au-delà d'une heure : 3725 se lit ""1h 02m"" et 90 se lit ""1m 30s"". Une durée négative se lit zéro. Utilisez En temps d'horloge si vous voulez du mm:ss strict (une heure y devient ""60:00"")."
[b]{seconds}[/b] as a duration,[b]{seconds}[/b] en durée
Seconds,Secondes
A duration in seconds.,Une durée en secondes.
Align Left,Aligner à gauche
"Pads text out on the RIGHT to a fixed width, so every row starts on the same edge and reads as a column. Text longer than the width is left alone (it is never cut - shorten it first). Give the Label a MONOSPACE theme font or the column will still drift.","Complète le texte à DROITE jusqu'à une largeur fixe, si bien que chaque ligne commence sur le même bord et se lit comme une colonne. Un texte plus long que la largeur est laissé tel quel (il n'est jamais coupé - raccourcissez-le avant). Donnez au Label une police MONOSPACE dans le thème, sinon la colonne dérivera quand même."
[b]{text}[/b] aligned left in [b]{width}[/b],[b]{text}[/b] aligné à gauche dans [b]{width}[/b]
The text to pad out.,Le texte à compléter.
Width,Largeur
Column width in characters. Shorter text is padded; longer text is left as it is.,Largeur de colonne en caractères. Un texte plus court est complété ; un texte plus long est laissé tel quel.
Fill with,Remplir avec
"What fills the gap: a space, or ""."" for a dotted leader. One character.","Ce qui remplit le vide : une espace, ou ""."" pour une ligne de points. Un seul caractère."
Align Right,Aligner à droite
"Pads text out on the LEFT to a fixed width, so numbers END on the same edge and read as a column of figures. Text longer than the width is left alone. Give the Label a MONOSPACE theme font or the column will still drift.","Complète le texte à GAUCHE jusqu'à une largeur fixe, si bien que les nombres SE TERMINENT sur le même bord et se lisent comme une colonne de chiffres. Un texte plus long que la largeur est laissé tel quel. Donnez au Label une police MONOSPACE dans le thème, sinon la colonne dérivera quand même."
[b]{text}[/b] aligned right in [b]{width}[/b],[b]{text}[/b] aligné à droite dans [b]{width}[/b]
The text to pad out - str() a number first.,Le texte à compléter - passez d'abord un nombre par str().
Center In Width,Centrer dans la largeur
"Pads text on BOTH sides to a fixed width, so a heading sits in the middle of a column. An odd leftover space goes on the right. Text longer than the width is left alone. Give the Label a MONOSPACE theme font or the centering will still drift.","Complète le texte des DEUX côtés jusqu'à une largeur fixe, si bien qu'un titre se place au milieu d'une colonne. L'espace restant impair va à droite. Un texte plus long que la largeur est laissé tel quel. Donnez au Label une police MONOSPACE dans le thème, sinon le centrage dérivera quand même."
[b]{text}[/b] centered in [b]{width}[/b],[b]{text}[/b] centré dans [b]{width}[/b]
The text to center.,Le texte à centrer.
As Title Text,En texte de titre
"Turns a machine id into a readable name: ""fire_sword"" reads ""Fire Sword"", ""maxHealth"" reads ""Max Health"". Use it wherever a key has to be shown to a player, so ids and labels never drift apart in two places.","Transforme un identifiant machine en nom lisible : ""fire_sword"" se lit ""Fire Sword"", ""maxHealth"" se lit ""Max Health"". Utilisez-le partout où une clé doit être montrée au joueur, pour que les identifiants et les libellés ne divergent jamais à deux endroits."
[b]{text}[/b] as title text,[b]{text}[/b] en texte de titre
"An id or key, e.g. fire_sword or maxHealth.","Un identifiant ou une clé, par exemple fire_sword ou maxHealth."
As Sentence Text,En texte de phrase
"Raises the FIRST letter only and leaves the rest of the text exactly as it is, so ""NPC"" and ""HP"" keep their capitals. Empty text stays empty.","Met en majuscule UNIQUEMENT la première lettre et laisse le reste du texte exactement tel quel, si bien que ""NPC"" et ""HP"" gardent leurs capitales. Un texte vide reste vide."
[b]{text}[/b] as sentence text,[b]{text}[/b] en texte de phrase
A sentence that needs its first letter raised.,Une phrase dont la première lettre doit être mise en majuscule.
Translated Text From Pattern,Texte traduit depuis un motif
"Looks the whole sentence up in the current language FIRST, then fills its {slots}. The pattern you type here - slots and all - is the translation key, so it is what goes in the catalog. Filling the slots first (Translate around Text From Pattern) produces a string no catalog can contain, and the text then never translates.","Recherche D'ABORD la phrase entière dans la langue courante, puis remplit ses {slots}. Le motif que vous saisissez ici - emplacements compris - EST la clé de traduction, c'est donc lui qui va dans le catalogue. Remplir les emplacements d'abord (Traduire autour de Texte depuis un motif) produit une chaîne qu'aucun catalogue ne peut contenir, et le texte n'est alors jamais traduit."
Translation,Traduction
translated text from [b]{pattern}[/b],texte traduit depuis [b]{pattern}[/b]
Pattern,Motif
"The source sentence, with {name} slots. This exact string, slots and all, is the translation key that goes in the catalog.","La phrase source, avec des emplacements {name}. Cette chaîne exacte, emplacements compris, est la clé de traduction qui va dans le catalogue."
Values,Valeurs
"What fills the slots: {""name"": value, ...} - e.g. {""coins"": coins}.","Ce qui remplit les emplacements : {""name"": value, ...} - par exemple {""coins"": coins}."
Set Text (translated pattern),Définir le texte (motif traduit)
Sets this Label's text from a pattern that is translated FIRST and filled second. The pattern - slots and all - is the translation key. Re-run it under On Language Changed so the label follows a live language switch.,Définit le texte de ce Label à partir d'un motif traduit D'ABORD et rempli ensuite. Le motif - emplacements compris - est la clé de traduction. Réexécutez-le sous Au changement de langue pour que le libellé suive un changement de langue à chaud.
set text to translated [b]{pattern}[/b],définir le texte au [b]{pattern}[/b] traduit
Text Is A Number,Le texte est un nombre
"True when this text would convert to a number cleanly. Ask it BEFORE converting, so a typo can never arrive as a silent 0 and the sheet bet nothing. Spaces around the number are ignored; empty text is not a number.","Vrai lorsque ce texte se convertirait proprement en nombre. Posez la question AVANT de convertir, afin qu'une faute de frappe n'arrive jamais sous la forme d'un 0 silencieux et que la feuille ne mise rien. Les espaces autour du nombre sont ignorés ; un texte vide n'est pas un nombre."
Compare: Text,Comparer : texte
{text} is a number,{text} est un nombre
"Text to test - a typed-in field, a value read back out of a save, a CSV or JSON cell.","Texte à tester - un champ saisi, une valeur relue depuis une sauvegarde, une cellule CSV ou JSON."
Text Is A Whole Number,Le texte est un nombre entier
"True when this text would convert to a WHOLE number cleanly - a count, a level, a slot index. ""12"" passes and ""12.5"" does not, which is the only difference from Text Is A Number.","Vrai lorsque ce texte se convertirait proprement en nombre ENTIER - un décompte, un niveau, un indice d'emplacement. ""12"" passe, ""12.5"" non : c'est la seule différence avec Le texte est un nombre."
{text} is a whole number,{text} est un nombre entier
"Text to test - a count, a level number, a save slot, a seed.","Texte à tester - un décompte, un numéro de niveau, un emplacement de sauvegarde, une graine."
Contains Any Of,Contient l'un de
"True when the text contains at least ONE of the listed pieces - a chat filter, a keyword-triggered line, a tag-gated card. Unlike Text Is One Of, which needs the WHOLE text to equal an entry, this looks INSIDE the text. Matching is case-sensitive, and an empty list is never a match.","Vrai lorsque le texte contient au moins UN des morceaux listés - un filtre de chat, une réplique déclenchée par mot-clé, une carte conditionnée par étiquette. Contrairement à Le texte est l'un de, qui exige que TOUT le texte égale une entrée, ceci regarde À L'INTÉRIEUR du texte. La casse compte, et une liste vide ne correspond jamais."
{text} contains any of {options},{text} contient l'un de {options}
Text to search.,Texte dans lequel chercher.
Any Of,L'un de
"List of pieces to look for - written here, or a sheet variable someone can edit without touching this row.","Liste des morceaux à chercher - écrite ici, ou une variable de feuille que quelqu'un peut modifier sans toucher à cette ligne."
Contains All Of,Contient tous les
"True only when the text contains EVERY listed piece - a combo whose rule text names two keywords, a search box where all the words must match. An empty list counts as true, because nothing is missing.","Vrai uniquement lorsque le texte contient CHACUN des morceaux listés - un combo dont le texte de règle nomme deux mots-clés, un champ de recherche où tous les mots doivent correspondre. Une liste vide compte comme vraie, car rien ne manque."
{text} contains all of {options},{text} contient tous les {options}
All Of,Tous les
List of pieces that must ALL appear.,Liste des morceaux qui doivent TOUS apparaître.
Contains None Of,Ne contient aucun de
"True when the text contains none of the listed pieces - the accept-this-name branch, written as the thing you want to act on instead of an Else. An empty list always passes.","Vrai lorsque le texte ne contient aucun des morceaux listés - la branche 'accepter ce nom', écrite comme la chose sur laquelle vous voulez agir plutôt que comme un Sinon. Une liste vide passe toujours."
{text} contains none of {options},{text} ne contient aucun de {options}
None Of,Aucun de
List of pieces that must NOT appear.,Liste des morceaux qui ne doivent PAS apparaître.
Number From Text,Nombre depuis du texte
"Reads a number out of text, or hands back the fallback YOU chose - never a surprise zero. Pair it with Text Is A Number when the two cases need different rows. The text is read twice in the emitted line, so keep it a plain read and not something that changes the game.","Lit un nombre dans du texte, ou rend la valeur de repli que VOUS avez choisie - jamais un zéro surprise. Associez-le à Le texte est un nombre lorsque les deux cas demandent des lignes différentes. Le texte est lu deux fois dans la ligne générée : gardez-le en simple lecture, pas en quelque chose qui modifie le jeu."
Variables: String,Variables : chaîne
number from {text} (or {fallback}),nombre depuis {text} (ou {fallback})
Text to read a number out of.,Texte dans lequel lire un nombre.
What you get back when the text is not a number.,Ce que vous récupérez lorsque le texte n'est pas un nombre.
Whole Number From Text,Nombre entier depuis du texte
"Reads a whole number out of text, or hands back your fallback. ""12.5"" is not a whole number, so it lands on the fallback rather than quietly becoming 12 - when you want that rounding, use Number From Text and round the result yourself.","Lit un nombre entier dans du texte, ou rend votre valeur de repli. ""12.5"" n'est pas un nombre entier : il tombe donc sur la valeur de repli au lieu de devenir 12 en silence - si vous voulez cet arrondi, utilisez Nombre depuis du texte et arrondissez le résultat vous-même."
whole number from {text} (or {fallback}),nombre entier depuis {text} (ou {fallback})
Text to read a whole number out of.,Texte dans lequel lire un nombre entier.
What you get back when the text is not a whole number.,Ce que vous récupérez lorsque le texte n'est pas un nombre entier.
Is Nothing,N'est rien
"True when there is nothing there: no value at all, empty text, an empty list (including an empty Split Text result), or an empty record - one row whatever the value turns out to be. A 0 is NOT nothing, because a score of zero is a real value, and neither is text made only of spaces (that is Text Is Blank).","Vrai lorsqu'il n'y a rien : aucune valeur, du texte vide, une liste vide (y compris un résultat vide de Découper le texte) ou un enregistrement vide - une seule ligne quel que soit le type de la valeur. Un 0 n'est PAS rien, car un score de zéro est une vraie valeur ; et un texte fait uniquement d'espaces non plus (c'est Le texte est vide)."
Compare: Types,Comparer : types
{value} is nothing,{value} n'est rien
"Anything - text, a list, a record, a reference.","N'importe quoi - du texte, une liste, un enregistrement, une référence."
Has Something,Contient quelque chose
"True when there IS something there - a name was typed, the inventory has items, the save slot was written, the item slot is filled. The exact opposite of Is Nothing, for the times the filled case is the one you want to act on.","Vrai lorsqu'il y a bel et bien quelque chose - un nom a été saisi, l'inventaire contient des objets, l'emplacement de sauvegarde a été écrit, la case d'objet est occupée. L'exact contraire de N'est rien, pour les fois où c'est le cas rempli sur lequel vous voulez agir."
{value} has something,{value} contient quelque chose
Number Or,Nombre ou
"The value when it really is a number, or your own default when it is missing, null, text, or anything else. A zero counts as a real number and is kept. Use it to put a loaded value straight into a whole-number or decimal variable without a guard row first. The value is read twice in the emitted line, so keep it a plain read and not something that changes the game.","La valeur lorsqu'elle est vraiment un nombre, ou votre propre valeur par défaut lorsqu'elle est absente, nulle, du texte ou tout autre chose. Un zéro compte comme un vrai nombre et est conservé. Utilisez-la pour placer une valeur chargée directement dans une variable entière ou décimale sans ligne de garde préalable. La valeur est lue deux fois dans la ligne générée : gardez-la en simple lecture, pas en quelque chose qui modifie le jeu."
Variables,Variables
"{value} as a number, or {fallback}","{value} en nombre, sinon {fallback}"
"The untyped value to check - a save slot read, a JSON field, a Dictionary key.","La valeur non typée à vérifier - une lecture d'emplacement de sauvegarde, un champ JSON, une clé de dictionnaire."
What you get back when it is not a number.,Ce que vous récupérez lorsque ce n'est pas un nombre.
Text Or,Texte ou
"The value when it really is text with something in it, or your own default when it is missing, null, blank, or another kind of value. The classic use is a saved player name that falls back to ""Player"". The value is read twice in the emitted line, so keep it a plain read and not something that changes the game.","La valeur lorsqu'elle est vraiment du texte contenant quelque chose, ou votre propre valeur par défaut lorsqu'elle est absente, nulle, vide ou d'un autre type. L'usage classique est un nom de joueur enregistré qui retombe sur ""Player"". La valeur est lue deux fois dans la ligne générée : gardez-la en simple lecture, pas en quelque chose qui modifie le jeu."
"{value} as text, or {fallback}","{value} en texte, sinon {fallback}"
"What you get back when it is not text, or is blank.","Ce que vous récupérez lorsque ce n'est pas du texte, ou que c'est vide."
List Or,Liste ou
"The value when it really is a list with items in it, or your own default when it is missing, null, empty, or another kind of value. A Split Text result counts as a list. Safe to feed straight into a For Each. The value is read twice in the emitted line, so keep it a plain read and not something that changes the game.","La valeur lorsqu'elle est vraiment une liste contenant des éléments, ou votre propre valeur par défaut lorsqu'elle est absente, nulle, vide ou d'un autre type. Un résultat de Découper le texte compte comme une liste. On peut la passer directement à un Pour chaque sans risque. La valeur est lue deux fois dans la ligne générée : gardez-la en simple lecture, pas en quelque chose qui modifie le jeu."
"{value} as a list, or {fallback}","{value} en liste, sinon {fallback}"
"The untyped value to check - a loaded inventory, a JSON array, a Split Text result, a Dictionary key.","La valeur non typée à vérifier - un inventaire chargé, un tableau JSON, un résultat de Découper le texte, une clé de dictionnaire."
"What you get back when it is not a list, or is empty.","Ce que vous récupérez lorsque ce n'est pas une liste, ou qu'elle est vide."
Record Or,Enregistrement ou
"The value when it really is a record (a dictionary) with keys in it, or your own default when it is missing, null, empty, or another kind of value. Pair it with Get Key so a whole missing settings block reads as defaults. The value is read twice in the emitted line, so keep it a plain read and not something that changes the game.","La valeur lorsqu'elle est vraiment un enregistrement (un dictionnaire) contenant des clés, ou votre propre valeur par défaut lorsqu'elle est absente, nulle, vide ou d'un autre type. Associez-la à Lire la clé pour qu'un bloc de réglages entièrement absent se lise comme des valeurs par défaut. La valeur est lue deux fois dans la ligne générée : gardez-la en simple lecture, pas en quelque chose qui modifie le jeu."
"{value} as a record, or {fallback}","{value} en enregistrement, sinon {fallback}"
"The untyped value to check - a loaded settings block, a JSON object, a Dictionary key.","La valeur non typée à vérifier - un bloc de réglages chargé, un objet JSON, une clé de dictionnaire."
"What you get back when it is not a record, or is empty.","Ce que vous récupérez lorsque ce n'est pas un enregistrement, ou qu'il est vide."
Value Or,Valeur ou
"The value unless it is null, in which case your own default. This one guards nothing else: a zero, a blank text and an empty list all count as real values here. Use it for a method that can hand back null. The value is read twice in the emitted line, so keep it a plain read and not something that changes the game.","La valeur, sauf si elle est nulle, auquel cas votre propre valeur par défaut. Celui-ci ne garde rien d'autre : un zéro, un texte vide et une liste vide comptent tous ici comme de vraies valeurs. Utilisez-le pour une méthode qui peut rendre null. La valeur est lue deux fois dans la ligne générée : gardez-la en simple lecture, pas en quelque chose qui modifie le jeu."
"{value}, or {fallback} when it is nothing","{value}, ou {fallback} quand il n'y a rien"
"Anything that might be null - a method result, a freed reference, a missing key.","N'importe quoi qui pourrait être nul - le résultat d'une méthode, une référence libérée, une clé absente."
What you get back when it is null.,Ce que vous récupérez lorsque c'est nul.
Part Of,Partie de
"One named piece of a pair, a triple, a colour or a record: the up/down part of a velocity (the jump-or-fall test), the see-through part of a tint, the forward/back part of a 3D direction. Reads as a sentence instead of a typed-in .y. Pick a part the value actually has - a record that might be missing the field is the shipped Get Key (with default)'s job, because that one takes a fallback and this one does not.","Un morceau nommé d'une paire, d'un triplet, d'une couleur ou d'un enregistrement : la partie haut/bas d'une vitesse (le test saut ou chute), la partie transparence d'une teinte, la partie avant/arrière d'une direction 3D. Se lit comme une phrase au lieu d'un .y saisi à la main. Choisissez une partie que la valeur possède réellement - un enregistrement auquel le champ peut manquer relève de Lire la clé (avec valeur par défaut), car celle-ci accepte un repli et pas celle-ci."
Variables: Vector,Variables : vecteur
the {part} part of {value},la partie {part} de {value}
"A Vector2, Vector3, Color or record to read one part of.","Un Vector2, Vector3, Color ou enregistrement dont on lit une partie."
Part,Partie
Which named part to read.,Quelle partie nommée est lue.
X (left / right),X (gauche / droite)
Y (up / down),Y (haut / bas)
Z (forward / back),Z (avant / arrière)
Red,Rouge
Green,Vert
Blue,Bleu
Alpha (see-through),Alpha (transparence)
Set Part Of,Définir la partie de
"Changes one named part and leaves the rest alone: zero the vertical speed on landing and keep the horizontal, flatten a 3D direction to the ground plane, fade only the see-through part of a tint. Writing a part a record does not have yet ADDS it.","Modifie une partie nommée et laisse le reste tranquille : mettre la vitesse verticale à zéro à l'atterrissage en gardant l'horizontale, aplatir une direction 3D sur le plan du sol, ne faire disparaître que la partie transparence d'une teinte. Écrire une partie qu'un enregistrement ne possède pas encore l'AJOUTE."
set the {part} part of {var_name} to {value},définir la partie {part} de {var_name} à {value}
Variable or property,Variable ou propriété
"What to change one part of: a node's own member (velocity, modulate, position) picked from the list, or the name of a sheet variable holding a Vector, Color or record.","Ce dont on change une partie : un membre propre au nœud (velocity, modulate, position) choisi dans la liste, ou le nom d'une variable de feuille contenant un vecteur, une couleur ou un enregistrement."
Which named part to write.,Quelle partie nommée est écrite.
The new value for that one part.,La nouvelle valeur pour cette seule partie.
