keys,it
Sheet,Foglio
Save,Salva
Run Scene,Esegui scena
Add Event,Aggiungi evento
Add Condition,Aggiungi condizione
Add Action,Aggiungi azione
Add Code,Aggiungi codice
Add,Aggiungi
Edit,Modifica
View,Vista
Tools,Strumenti
Simple Mode,Modalità semplice
Search,Cerca
Cancel,Annulla
Open,Apri
Undo,Annulla azione
Redo,Ripeti
Copy,Copia
Paste,Incolla
Zoom In,Ingrandisci
Zoom Out,Riduci
Name,Nome
Name:,Nome:
Type,Tipo
Text,Testo
Number,Numero
Yes-No,Sì-No
Details,Dettagli
Parameters,Parametri
Default,Predefinito
Tooltip,Suggerimento
Placeholder,Testo segnaposto
Range,Intervallo
◀ Back,◀ Indietro
★ Recent,★ Recenti
⭐ Favorites,⭐ Preferiti
✚ Apply & Add Another,✚ Applica e aggiungi un altro
Save the sheet - compile-on-save keeps its generated script fresh (Ctrl+S).,Salva il foglio - la compilazione al salvataggio mantiene aggiornato lo script generato (Ctrl+S).
"Save, then play the scene that uses this sheet's script.","Salva, poi esegue la scena che usa lo script di questo foglio."
Add an event (E).,Aggiunge un evento (E).
Add a condition to the selected event (C).,Aggiunge una condizione all'evento selezionato (C).
Add an action to the selected event (A).,Aggiunge un'azione all'evento selezionato (A).
Add a GDScript block to the selected event - the deliberate 'drop to code' escape hatch. Opens the code editor immediately.,Aggiunge un blocco GDScript all'evento selezionato - l'uscita deliberata verso il codice. Apre subito l'editor di codice.
"Beginner-friendly view: hides the advanced/code entries (GDScript blocks, sub-conditions, pick filters, signals/enums). Everything still works when off.","Vista per principianti: nasconde le voci avanzate/di codice (blocchi GDScript, sottocondizioni, filtri, segnali/enumerazioni). Tutto resta disponibile una volta disattivata."
"Toggle the generated-GDScript panel - the sheet's honest compiled output, side by side.","Mostra/nasconde il pannello GDScript generato - l'output compilato, onesto, del foglio, fianco a fianco."
Theme for this sheet (Load/Reload and the Theme Editor live in View),Tema di questo foglio (Carica/Ricarica e l'editor dei temi sono in Vista)
"Quick add…  (e.g. every tick, heal 5)","Aggiunta rapida…  (es. ogni tick, heal 5)"
"Create, open, save, and configure this event sheet.","Crea, apri, salva e configura questo foglio eventi."
"Panels, multi-view panes, theme, live values, and zoom.","Pannelli, viste multiple, tema, valori in tempo reale e zoom."
"Debug tools, validation, import, and project workflow.","Strumenti di debug, validazione, importazione e flusso di lavoro del progetto."
New…,Nuovo…
Open…,Apri…
Save As…,Salva come…
Sheet Type…,Tipo di foglio…
Manage Includes…,Gestisci inclusioni…
Custom Actions…,Azioni personalizzate…
Export GDScript…,Esporta GDScript…
Export Addon…,Esporta estensione…
New Behaviour Addon…,Nuova estensione di comportamento…
Inspector Designer…,Designer dell'Inspector…
Teach a Verb - Share Published Verbs,Insegna un verbo - Condividi i verbi pubblicati
Signal Event…,Evento di segnale…
Global Variable…,Variabile globale…
Local Variable…,Variabile locale…
Function…,Funzione…
Code (GDScript) on Selected Event,Codice (GDScript) sull'evento selezionato
Note…,Nota…
Region…,Regione…
Preload Resource…,Precarica una risorsa…
Extract Selection to Include…,Estrai la selezione in un'inclusione…
Find References…,Trova riferimenti…
Generate from Description (AI)…,Genera da una descrizione (IA)…
Simple Mode (beginner-friendly),Modalità semplice (per principianti)
GDScript Panel (toggle),Pannello GDScript (attiva/disattiva)
Open Sheets Panel,Pannello dei fogli aperti
Add-Event Rows,Righe « + Aggiungi evento »
Split View (toggle),Vista divisa (attiva/disattiva)
Detached View (toggle),Vista staccata (attiva/disattiva)
Link Views (toggle),Collega le viste (attiva/disattiva)
Load Theme…,Carica tema…
Reload Theme,Ricarica tema
Theme Editor…,Editor dei temi…
MCP Server (AI tools),Server MCP (strumenti IA)
"Hide the advanced/code entries (GDScript blocks, sub-conditions, pick filters, match, signals/enums) from the right-click menus. Everything still works in Expert mode.","Nasconde le voci avanzate/di codice (blocchi GDScript, sottocondizioni, filtri, match, segnali/enumerazioni) dai menu contestuali. Tutto resta disponibile in modalità esperto."
Show/hide the generated-GDScript panel beside the sheet.,Mostra/nasconde il pannello GDScript generato accanto al foglio.
"Show/hide the trailing ""+ Add event…"" rows. Turn off for a cleaner, calmer sheet.",Mostra/nasconde le righe « + Aggiungi evento… ». Disattivale per un foglio più pulito.
"Show/hide a second synchronized view of this sheet, side by side.","Mostra/nasconde una seconda vista sincronizzata di questo foglio, fianco a fianco."
Pop the sheet view out into its own window / bring it back.,Stacca la vista del foglio in una finestra separata / la riporta indietro.
Link/unlink scrolling between the split views.,Collega/scollega lo scorrimento tra le viste divise.
Debug Breakpoints (toggle),Punti di interruzione (attiva/disattiva)
Live Values (toggle),Valori in tempo reale (attiva/disattiva)
Event Trace (live highlight),Traccia eventi (evidenziazione in tempo reale)
Bookmarks…,Segnalibri…
Register Autoload,Registra l'autoload
Publish Preview…,Anteprima di pubblicazione…
Test Bench,Banco di prova
Find in Project…,Cerca nel progetto…
Project Doctor…,Dottore del progetto…
Check Sheet for Errors,Controlla gli errori del foglio
Vocabulary Doc,Doc del vocabolario
Sheet Backups…,Backup del foglio…
Save as Template,Salva come modello
Attach to Selected Node,Collega al nodo selezionato
Preview Behaviors on Selected Node,Anteprima dei comportamenti sul nodo selezionato
Lift Report…,Rapporto di importazione…
Welcome…,Benvenuto…
Start the Tour…,Inizia il tour…
Keyboard Shortcuts,Scorciatoie da tastiera
Rename Everywhere…,Rinomina ovunque…
Change Type Everywhere…,Cambia il tipo ovunque…
Lint every ƒx expression + GDScript block; flag the offending rows and jump to the first.,Analizza ogni espressione ƒx e blocco GDScript; segnala le righe problematiche e salta alla prima.
Toggle breakpoint emission: debug-compiled sheets pause at rows with breakpoints.,Attiva/disattiva l'emissione dei punti di interruzione: i fogli compilati in debug si fermano alle righe marcate.
Toggle Live Values: running sheets stream their variables here (editable).,Attiva/disattiva i valori in tempo reale: i fogli in esecuzione trasmettono qui le loro variabili (modificabili).
+ Add action,+ Aggiungi azione
+ Add condition,+ Aggiungi condizione
+ Add parameter,+ Aggiungi parametro
+ Add event…,+ Aggiungi evento…
Every Tick,Ogni tick
Always,Sempre
+  Add your first event,+  Aggiungi il tuo primo evento
New from template…,Nuovo da modello…
Create an event sheet…,Crea un foglio eventi…
This event sheet is empty,Questo foglio eventi è vuoto
No event sheet is open,Nessun foglio eventi è aperto
Empty behavior sheet,Foglio di comportamento vuoto
Empty autoload sheet,Foglio di autoload vuoto
Double-click anywhere - or press E - to add your first event.,Fai doppio clic ovunque - o premi E - per aggiungere il tuo primo evento.
Double-click anywhere - or press E - to add an event that drives the Node this attaches to.,Fai doppio clic ovunque - o premi E - per aggiungere un evento che guida il Node a cui questo è collegato.
Create one to start building - a menu of ready-made starters opens.,Creane uno per iniziare - si apre un menu di modelli pronti all'uso.
"Add the signals and functions every sheet in the project should reach (score, game state, an event bus).","Aggiungi i segnali e le funzioni che ogni foglio del progetto dovrebbe raggiungere (punteggio, stato del gioco, un bus di eventi)."
"Tip: the picker understands plain language. Try typing ""every tick"".",Suggerimento: il selettore capisce il linguaggio comune. Prova a scrivere «every tick».
Tip: Tools > Welcome… has a playable showcase and a 2-minute tour.,Suggerimento: Strumenti > Benvenuto… offre una demo giocabile e un tour di 2 minuti.
Tip: publish a function to the picker and every sheet in the project can call it.,Suggerimento: pubblica una funzione nel selettore e ogni foglio del progetto potrà chiamarla.
%s - Behavior · acts on host: %s,%s - Comportamento · agisce sull'host: %s
"%s - Autoload · one instance, project-wide","%s - Autoload · una sola istanza, per tutto il progetto"
%s - Editor Tool · runs in the editor (File > Run),%s - Strumento dell'editor · gira nell'editor (File > Esegui)
%s - Custom Resource · every .tres of it is a data asset,%s - Risorsa personalizzata · ogni suo .tres è un asset di dati
Event Sheet · a script for the %s it's attached to,Foglio eventi · uno script per il %s a cui è collegato
%s - Custom Node · extends %s,%s - Nodo personalizzato · estende %s
"Click to edit the sheet type (name, icon, host class).","Fai clic per modificare il tipo di foglio (nome, icona, classe host)."
Add Action / Condition,Aggiungi azione / condizione
"Search actions, conditions, triggers...","Cerca azioni, condizioni, trigger…"
Pin the highlighted entry to Favorites (or right-click any entry).,Fissa la voce evidenziata nei preferiti (o clic destro su qualsiasi voce).
Right-click any entry to pin it here.,Clic destro su una voce per fissarla qui.
Entries you use appear here.,Le voci che usi appaiono qui.
"Select a condition, action, or trigger to create a new event.","Seleziona una condizione, un'azione o un trigger per creare un nuovo evento."
Select an action to append to the selected event.,Seleziona un'azione da aggiungere all'evento selezionato.
Select a condition or trigger to append to the selected event.,Seleziona una condizione o un trigger da aggiungere all'evento selezionato.
Untitled EventSheet,Foglio senza titolo
Unsaved (in-memory),Non salvato (in memoria)
Open Sheets,Fogli aperti
Filter sheets…,Filtra i fogli…
Filter the open sheets by name or path.,Filtra i fogli aperti per nome o percorso.
New Event,Nuovo evento
New Condition,Nuova condizione
Edit Action,Modifica l'azione
Edit Condition,Modifica la condizione
Delete Action,Elimina l'azione
Delete Condition,Elimina la condizione
Delete Function,Elimina la funzione
Replace Action,Sostituisci l'azione
Replace Condition,Sostituisci la condizione
Disable Action,Disattiva l'azione
Disable Condition,Disattiva la condizione
Invert Condition,Inverti la condizione
Add New Variable,Aggiungi una nuova variabile
Create Variable,Crea la variabile
Edit Variable,Modifica la variabile
Add a function…,Aggiungi una funzione…
Edit Note…,Modifica la nota…
Edit Events,Modifica gli eventi
Insert Snippet…,Inserisci uno snippet…
Extract All Actions to Function…,Estrai tutte le azioni in una funzione…
Group Under a Heading…,Raggruppa sotto un titolo…
Export Grid to CSV…,Esporta la tabella in CSV…
Import Grid from CSV…,Importa la tabella da CSV…
Detach Comment To Row,Stacca il commento in una riga
Convert Scope,Converti l'ambito
Toggle Constant,Attiva/disattiva costante
Whole numbers only,Solo numeri interi
Editable in the Inspector (a designer property),Modificabile nell'Inspector (una proprietà di design)
Constant (can't change at runtime),Costante (non cambia a runtime)
Set on _ready() - for node refs like $Player,Impostata in _ready() - per riferimenti a nodi come $Player
"Text - words, names, messages.","Testo - parole, nomi, messaggi."
"A number - a count, score, position, speed… Tick ""Whole numbers only"" for integers.","Un numero - un conteggio, un punteggio, una posizione, una velocità… Spunta «Solo numeri interi» per gli interi."
"A yes/no, on/off switch (true / false).","Un interruttore sì/no, acceso/spento (true / false)."
"An x/y pair: a direction, velocity, or position.","Una coppia x/y: una direzione, una velocità o una posizione."
An RGBA colour.,Un colore RGBA.
An image / sprite resource.,Una risorsa immagine / sprite.
Viewing as a sheet,Visualizzato come foglio
Open in Godot Script Editor,Apri nell'editor di script di Godot
Edit the .gd directly in Godot's script editor - your changes reload here when you come back to this tab.,Modifica il .gd direttamente nell'editor di script di Godot - le tue modifiche si ricaricano qui quando torni a questa scheda.
Take the 2-minute tour,Fai il tour di 2 minuti
Editor language,Lingua dell'editor
Simple mode - hide advanced rows & menu items,Modalità semplice - nascondi righe e menu avanzati
Open the GDScript panel with every sheet,Apri il pannello GDScript con ogni foglio
Coming from another event-sheet tool?,Vieni da un altro strumento a fogli eventi?
Open the migration guide,Apri la guida alla migrazione
Report an Issue…,Segnala un problema…
Something not working right?,Qualcosa non funziona?
Report an issue,Segnala un problema
Reopen this window any time: Tools → Welcome…,Riapri questa finestra quando vuoi: Strumenti → Benvenuto…
Translations are plain CSV files - drop one into eventsheet_translations/ and its language appears here.,Le traduzioni sono semplici file CSV - lasciane uno in eventsheet_translations/ e la sua lingua appare qui.
The 2-minute tour,Il tour di 2 minuti
Read a sheet like a sentence,Leggi un foglio come una frase
Add your first event,Aggiungi il tuo primo evento
Give it a condition,Dagli una condizione
Make it DO something,Fagli FARE qualcosa
See the honest GDScript,"Guarda il GDScript, senza trucchi"
You know the loop,Conosci il ciclo
Skip tour,Salta il tour
Back,Indietro
Next,Avanti
Finish,Fine
✓ Done - nice! Hit Next.,✓ Fatto - ottimo! Premi Avanti.
Hit Finish and go make something.,Premi Fine e vai a creare qualcosa.
"A coloured section label drawn above this property in the Inspector.
End with a #rrggbb to tint it. Editor decor only - plain comment in the code.","Un'etichetta di sezione colorata mostrata sopra questa proprietà nell'Inspector.
Termina con un #rrggbb per tingerla. Solo decorazione dell'editor - semplice commento nel codice."
"A quiet info panel drawn above this property in the Inspector.
Editor decor only - plain comment in the code.","Un pannello informativo discreto mostrato sopra questa proprietà nell'Inspector.
Solo decorazione dell'editor - semplice commento nel codice."
"A shape over 0–1 (easing, falloff, ramps).","Una curva su 0–1 (easing, attenuazione, rampe)."
A whole number (no decimals) - stored as an int. Unticked stores a float.,"Un numero intero (senza decimali) - salvato come int. Se deselezionato, salvato come float."
Access,Accesso
Advanced types,Tipi avanzati
Anatomy,Anatomia
Any type - untyped (advanced; prefer a specific type when you can).,Qualsiasi tipo - non tipizzato (avanzato; preferisci un tipo specifico quando puoi).
Clamp to range,Limita all'intervallo
Collapse the panel to a strip,Comprimi il pannello in una striscia
Default field,Campo predefinito
Description,Descrizione
Dropped Node Preview,Anteprima del nodo rilasciato
Easing curve (float: exponential ease handle),Curva di easing (float: controllo di ease esponenziale)
Edit an Array/Dictionary's items one per line instead of typing a literal.,Modifica gli elementi di un Array/Dictionary riga per riga invece di digitare un letterale.
Edit items…,Modifica elementi…
"Event-sheet-style quick add: type an event/condition/action (event-sheet phrasing works) plus optional parameter values, press Enter.","Aggiunta rapida in stile foglio eventi: digita un evento/condizione/azione (il lessico da foglio eventi funziona) più valori di parametri opzionali, poi Invio."
Every sheet function at a glance (✦ = published as an ACE). Click to expand or collapse.,Tutte le funzioni del foglio a colpo d'occhio (✦ = pubblicata come ACE). Clicca per espandere o comprimere.
Field button,Pulsante di campo
Flags,Flag
From enum,Da enum
Group under heading,Raggruppa sotto un'intestazione
"How this variable's field LOOKS in the Inspector - pickers, flags, layer grids... Plain fields need no choice here.","L'ASPETTO del campo di questa variabile nell'Inspector - selettori, flag, griglie di livelli... I campi semplici non richiedono alcuna scelta qui."
Info note,Nota informativa
"Inspector grouping, conditional show/lock, an on-changed callback, clamp, read-only - for variables that reference other variables or functions.","Raggruppamento nell'Inspector, mostra/blocca condizionale, callback on-changed, limiti, sola lettura - per variabili che riferiscono altre variabili o funzioni."
Inspector look,Aspetto nell'Inspector
Inspector preview,Anteprima dell'Inspector
Inspector section header (e.g. Combat),Intestazione di sezione dell'Inspector (es. Combattimento)
Lock unless,Blocca a meno che
"Make this sheet's published verbs (its exposed ƒ functions) available in EVERY sheet's picker, node-targeted at $<ClassName>. Extract actions to a function first (right-click an event), then teach it here.","Rendi i verbi pubblicati di questo foglio (le sue funzioni ƒ esposte) disponibili nel selettore di OGNI foglio, mirati al nodo $<ClassName>. Prima estrai le azioni in una funzione (clic destro su un evento), poi insegnala qui."
Match Editor (default),Editor di match (predefinito)
Multiline (String: big text box),Multilinea (String: casella di testo grande)
"No alpha (Color: solid RGB, no transparency)","Senza alfa (Color: RGB pieno, senza trasparenza)"
No lower limit,Nessun limite inferiore
No upper limit,Nessun limite superiore
On changed,Alla modifica
On ready,All'avvio (ready)
"On: a designer can tweak this per-instance in the Inspector (@export var).
Off: internal script state - a plain private var (the default for a new variable).","Attivo: un designer può regolarlo per istanza nell'Inspector (@export var).
Disattivo: stato interno dello script - una semplice var privata (il default per una nuova variabile)."
"On: compiles to @onready var - the Default is a GDScript EXPRESSION evaluated when the node enters the tree (e.g. $Player, get_node(""UI/Score"")), not a literal.
Use it to grab a node reference once the scene is ready.","Attivo: compila in @onready var - il Default è un'ESPRESSIONE GDScript valutata quando il nodo entra nell'albero (es. $Player, get_node(""UI/Score"")), non un letterale.
Usalo per ottenere un riferimento a un nodo quando la scena è pronta."
"One column per entry: name:type (String, int, float, bool, color for a swatch, or enum(a|b|c) for a dropdown).
Each Array element becomes a row with these cells.","Una colonna per voce: nome:tipo (String, int, float, bool, color per un campione, o enum(a|b|c) per un menu a tendina).
Ogni elemento dell'Array diventa una riga con queste celle."
Optional Inspector polish for exported globals - everything compiles to plain Godot annotations.,Rifiniture opzionali dell'Inspector per le globali esportate - tutto compila in normali annotazioni Godot.
Options (combo),Opzioni (combo)
Pick the Inspector look from picture tiles instead of the list.,Scegli l'aspetto dell'Inspector da riquadri illustrati invece che dall'elenco.
Read-only,Sola lettura
"Renders a small button with this field that calls the named sheet function.
Needs a @tool sheet to act in-editor. Label optional (defaults to the function name).","Mostra un piccolo pulsante accanto a questo campo che chiama la funzione del foglio indicata.
Richiede un foglio @tool per agire nell'editor. Etichetta opzionale (predefinita: il nome della funzione)."
Required (warn in the Inspector while unset),Richiesto (avvisa nell'Inspector finché non impostato)
Save Studio…,Salva lo Studio…
"Scaffold a ready-to-edit behaviour script in res://eventsheet_addons/ - its signals become triggers, methods become actions/conditions, and @export vars become properties, all auto-discovered as custom ACEs.","Genera uno script di comportamento pronto da modificare in res://eventsheet_addons/ - i suoi segnali diventano trigger, i metodi azioni/condizioni e le @export var proprietà, tutto auto-rilevato come ACE personalizzati."
Section header,Intestazione di sezione
"See the WHOLE sheet's Inspector as one live view - every exported variable with its decor, grouping, and widget, exactly as Godot will show it.","Vedi l'Inspector dell'INTERO foglio come un'unica vista dal vivo - ogni variabile esportata con decorazioni, raggruppamento e widget, esattamente come Godot la mostrerà."
Show as,Mostra come
Show if,Mostra se
Shown after the number in the Inspector (suffix:px).,Mostrato dopo il numero nell'Inspector (suffisso:px).
"Shows a red warning above the field until a value is assigned
(a Resource left empty, a String left blank). Editor-only.","Mostra un avviso rosso sopra il campo finché non viene assegnato un valore
(una Resource lasciata vuota, una String lasciata in bianco). Solo nell'editor."
Slider extras,Extra dello slider
"Start editing this sheet here. From then on, Save (Ctrl+S) updates the file - or use Save As… to keep the original and save a copy.","Inizia a modificare questo foglio qui. Da quel momento, Salva (Ctrl+S) aggiorna il file - oppure usa Salva come… per conservare l'originale e salvarne una copia."
Sub-heading,Sottotitolo
"Swap the Inspector field for a richer drawer (dial, swatches, curve…).
Graceful: a plain field without the editor plugin (parity preserved).","Sostituisci il campo dell'Inspector con un controllo più ricco (manopola, campioni, curva…).
Degrado elegante: un campo semplice senza il plugin dell'editor (parità preservata)."
Table columns,Colonne della tabella
"The Inspector calls this function while the property is edited and shows
the returned message above the field. Needs a @tool sheet to run in-editor.","L'Inspector chiama questa funzione durante la modifica della proprietà e mostra
il messaggio restituito sopra il campo. Richiede un foglio @tool per girare nell'editor."
The slider stops at max but typing a bigger number is allowed (or_greater).,Lo slider si ferma al massimo ma è consentito digitare un numero più grande (or_greater).
"The variable's type. For a node reference, type the node's class (Sprite2D, Label, Area2D…) or leave Variant.","Il tipo della variabile. Per un riferimento a un nodo, digita la classe del nodo (Sprite2D, Label, Area2D…) o lascia Variant."
"Turn the MCP server (AI-assistant tools) on/off. When off, connected AI clients see no tools and can't read or change your sheets. Takes effect live - no reconnect needed.","Attiva/disattiva il server MCP (strumenti per assistenti IA). Se disattivo, i client IA connessi non vedono strumenti e non possono leggere né modificare i tuoi fogli. Effetto immediato - nessuna riconnessione necessaria."
Typing below min is allowed (or_less).,È consentito digitare sotto il minimo (or_less).
Validate with,Valida con
"Write this sheet's plain, standalone GDScript to a file you own. No plugin dependency - proof you can leave the addon anytime.",Scrive il GDScript autonomo e ordinario di questo foglio in un file tuo. Nessuna dipendenza dal plugin - la prova che puoi lasciare l'addon in qualsiasi momento.
accent label above (e.g. Combat #e06666),etichetta accentata sopra (es. Combattimento #e06666)
bool variable (hidden when false),variabile bool (nascosto quando false)
bool variable (read-only when false),variabile bool (sola lettura quando false)
"columns, e.g. item:String, count:int, rare:bool","colonne, es. item:String, count:int, rare:bool"
"comma-separated, e.g. easy, normal, hard (String only)","separate da virgole, es. easy, normal, hard (solo String)"
"function and button label, e.g. reroll_stats Reroll","funzione ed etichetta del pulsante, es. reroll_stats Ritira"
grey hint shown when the field is empty,suggerimento grigio mostrato quando il campo è vuoto
"min, max, step (numeric: slider)","min, max, passo (numerico: slider)"
nested section under the group (e.g. Melee),sezione annidata sotto il gruppo (es. Mischia)
note panel above (e.g. Shared resource - edits affect every user.),pannello di nota sopra (es. Risorsa condivisa - le modifiche riguardano ogni utente.)
sheet function called after assignment,funzione del foglio chiamata dopo l'assegnazione
sheet function returning a warning String (empty = valid),funzione del foglio che restituisce una String di avviso (vuota = valido)
"type - e.g. Node2D, Label, Sprite2D (or Variant for any)","tipo - es. Node2D, Label, Sprite2D (o Variant per qualsiasi)"
"unit, e.g. px","unità, es. px"
what this variable is for - shown as its description in the Inspector,a cosa serve questa variabile - mostrato come descrizione nell'Inspector
"▸  Advanced (grouping, conditions, clamp…)","▸  Avanzato (raggruppamento, condizioni, limiti…)"
"▸  More options (range, drawer, grouping…)","▸  Altre opzioni (intervallo, controllo, raggruppamento…)"
Create Code Region,Crea regione di codice
Create Code Region…,Crea regione di codice…
Doc comment,Commento di doc
Documentation shown above the function (## …). BBCode like [b]bold[/b] is allowed.,Documentazione mostrata sopra la funzione (## …). È consentito il BBCode come [b]grassetto[/b].
Getter body,Corpo del getter
Setter body,Corpo del setter
Setter parameter,Parametro del setter
The name of the setter's incoming-value parameter (defaults to `value`).,Il nome del parametro del valore in ingresso del setter (predefinito `value`).
The statements that run when this variable is assigned (`set(value):`). Use `value` for the incoming value. Leave blank for no setter.,Le istruzioni che vengono eseguite quando questa variabile viene assegnata (`set(value):`). Usa `value` per il valore in ingresso. Lascia vuoto per nessun setter.
"The statements that run when this variable is read (`get:`), ending in `return …`. Leave blank for no getter.","Le istruzioni che vengono eseguite quando questa variabile viene letta (`get:`), che terminano con `return …`. Lascia vuoto per nessun getter."
"getter body, e.g.  return _health","corpo del getter, es.  return _health"
"setter body, e.g.  health = clampi(value, 0, max_health)","corpo del setter, es.  health = clampi(value, 0, max_health)"
A faint tint over the actions (right) lane.,Una leggera tinta sulla corsia delle azioni (destra).
A faint tint over the conditions (left) lane.,Una leggera tinta sulla corsia delle condizioni (sinistra).
"Accent (groups, selection)","Accento (gruppi, selezione)"
Action Lane Color,Colore della corsia di azione
Action Lane Padding,Spaziatura interna della corsia di azione
Action cells,Celle di azione
Alternate group header background (zebra).,Sfondo alternato dell'intestazione di gruppo (zebra).
Apply To Current Sheet,Applica al foglio corrente
Background of a group header row.,Sfondo di una riga di intestazione di gruppo.
Background of the Conditions / Actions column header bar.,Sfondo della barra di intestazione delle colonne Condizioni / Azioni.
Background of the fold triangle box on a group.,Sfondo della casella del triangolo di piega su un gruppo.
Badge Background Color,Colore di sfondo del badge
Badge Extra Width,Larghezza extra del badge
Badge Foreground Color,Colore di primo piano del badge
Base (background tone),Base (tonalità di sfondo)
Behavior Accent Color,Colore d'accento del comportamento
Border of the condition/action chip.,Bordo del chip di condizione/azione.
Cell Corner Radius,Raggio degli angoli della cella
Cell Hover Color,Colore hover della cella
Chip Background Color,Colore di sfondo del chip
Chip Border Color,Colore del bordo del chip
Chip Hover Color,Colore hover del chip
Chip fill when hovered.,Riempimento del chip al passaggio del cursore.
Close,Chiudi
Column Header Actions Color,Colore dell'intestazione Azioni
Column Header Background Color,Colore di sfondo dell'intestazione di colonna
Column Header Conditions Color,Colore dell'intestazione Condizioni
Comment Row Background Color,Colore di sfondo della riga di commento
Comment Text Color,Colore del testo del commento
Condition Badge Column Width,Larghezza colonna del badge di condizione
Condition Lane Color,Colore della corsia di condizione
Condition Lane Padding,Spaziatura interna della corsia di condizione
Condition Lane Ratio,Rapporto della corsia di condizione
Condition cells,Celle di condizione
Corner Radius,Raggio degli angoli
Corner roundness of group rows (0 = square bar).,Arrotondamento degli angoli delle righe di gruppo (0 = barra quadrata).
Corner roundness of individual condition/action cells.,Arrotondamento degli angoli delle singole celle di condizione/azione.
Corner roundness of region marker bubbles.,Arrotondamento degli angoli delle bolle dei marcatori di regione.
"Corner roundness of the chip, in pixels.","Arrotondamento degli angoli del chip, in pixel."
"Corner roundness of the event block, in pixels (0 = square).","Arrotondamento degli angoli del blocco evento, in pixel (0 = quadrato)."
"Editor (hover, selection, lanes)","Editor (hover, selezione, corsie)"
Event Corner Radius,Raggio degli angoli dell'evento
"Extra width reserved for the role badge on the chip, in pixels.","Larghezza extra riservata al badge di ruolo sul chip, in pixel."
Fill of the condition/action chip.,Riempimento del chip di condizione/azione.
Fill of the count badge on a group.,Riempimento del badge di conteggio su un gruppo.
Fill of the role badge on the chip.,Riempimento del badge di ruolo sul chip.
"Fill of the trigger arrow badge (On Ready, On Signal...).","Riempimento del badge freccia del trigger (On Ready, On Signal...)."
Font Size Delta,Delta della dimensione del carattere
Gap After,Spazio dopo
Generate Theme,Genera tema
Group Accent Color,Colore d'accento del gruppo
Group Background Alt Color,Colore di sfondo alternato del gruppo
Group Background Color,Colore di sfondo del gruppo
Group Badge Background Color,Colore di sfondo del badge del gruppo
Group Badge Foreground Color,Colore di primo piano del badge del gruppo
Group Corner Radius,Raggio degli angoli del gruppo
Group Fold Background Color,Colore di sfondo della piega del gruppo
Group Title Color,Colore del titolo del gruppo
"Height of a single event row, in pixels - raise it for more breathing room.","Altezza di una singola riga di evento, in pixel - aumentala per più respiro."
Horizontal Padding,Spaziatura interna orizzontale
Hover Fill Color,Colore di riempimento al passaggio
How much of the row width the conditions lane takes (0.2 - 0.8).,"Quanta larghezza della riga occupa la corsia delle condizioni (0,2 - 0,8)."
Icon/text colour on the trigger badge.,Colore dell'icona/del testo sul badge del trigger.
"Inner padding on the actions lane, in pixels.","Spaziatura interna della corsia delle azioni, in pixel."
"Inner padding on the conditions lane, in pixels.","Spaziatura interna della corsia delle condizioni, in pixel."
Invert Marker Color,Colore del marcatore di inversione
Lane Divider Color,Colore del divisore di corsia
Lane Divider Width,Spessore del divisore di corsia
Language Block Accent Color,Colore d'accento dei blocchi di linguaggio
Line thickness of region marker borders.,Spessore della linea dei bordi dei marcatori di regione.
Minimum Conditions Lane Width,Larghezza minima della corsia delle condizioni
Minimum Row Height,Altezza minima della riga
Object Label Color,Colore dell'etichetta dell'oggetto
"Parameter values (numbers, strings) highlighted inside ACE text.","I valori dei parametri (numeri, stringhe) evidenziati nel testo degli ACE."
"Pick a base + accent, then Generate. Fine-tune individual tokens below.","Scegli una base + un accento, poi Genera. Regola i singoli token qui sotto."
Quick Style - recolour everything at once,Stile rapido - ricolora tutto in una volta
Rebuild every colour token from the three colours above.,Ricostruisce ogni token di colore dai tre colori sopra.
Region Corner Radius,Raggio degli angoli della regione
Region Line Width,Spessore della linea della regione
Reset To Default,Ripristina predefinito
Restore the bundled default look.,Ripristina l'aspetto predefinito incluso.
Row Background Alt Color,Colore di sfondo alternato della riga
Row Background Color,Colore di sfondo della riga
Row Border Color,Colore del bordo della riga
Save As Preset…,Salva come preset…
Selection Fill Color,Colore di riempimento della selezione
Sheet & rows (event style),Foglio e righe (stile evento)
Sheet Background Color,Colore di sfondo del foglio
"Space between this chip and the next one, in pixels.","Spazio tra questo chip e il successivo, in pixel."
"Space inside the chip, above and below its text, in pixels.","Spazio dentro il chip, sopra e sotto il testo, in pixel."
"Space inside the chip, left and right of its text, in pixels.","Spazio dentro il chip, a sinistra e a destra del testo, in pixel."
Text Color,Colore del testo
Text colour of the role badge.,Colore del testo del badge di ruolo.
Text colour on the group count badge.,Colore del testo sul badge di conteggio del gruppo.
"Text size adjustment for this chip kind, relative to the sheet font (+/- points).","Regolazione della dimensione del testo per questo tipo di chip, rispetto al font del foglio (+/- punti)."
The 'Actions' header label colour.,Il colore dell'etichetta dell'intestazione «Azioni».
The 'Conditions' header label colour.,Il colore dell'etichetta dell'intestazione «Condizioni».
The background of a normal event row.,Lo sfondo di una normale riga di evento.
The background of every OTHER row (the zebra stripe).,Lo sfondo di ogni ALTRA riga (la striscia zebrata).
The banner colour behind a full-width comment.,Il colore del banner dietro un commento a tutta larghezza.
"The colour behind the whole sheet, outside the rows.","Il colore dietro l'intero foglio, fuori dalle righe."
The conditions lane never shrinks below this many pixels.,La corsia delle condizioni non scende mai sotto questo numero di pixel.
The group title text colour.,Il colore del testo del titolo del gruppo.
The group's left accent stripe and hairlines.,La striscia d'accento sinistra del gruppo e le sue linee sottili.
The highlight over a selected row.,L'evidenziazione su una riga selezionata.
"The object/origin label before each condition/action (System, node class).","L'etichetta di oggetto/origine prima di ogni condizione/azione (System, classe del nodo)."
The red X shown on an inverted (negated) condition.,La X rossa mostrata su una condizione invertita (negata).
"The soft-purple 'this is a behavior' accent (banner, region default).","L'accento viola tenue «questo è un comportamento» (banner, regione predefinita)."
"The stripe + wash on language blocks (a data class, a host binding, a switch case) so they read as code structure, not regular events.","La striscia + velo sui blocchi di linguaggio (classe di dati, binding dell'host, switch) così si leggono come struttura di codice, non come eventi normali."
The text colour of comments.,Il colore del testo dei commenti.
The text colour of the chip.,Il colore del testo del chip.
The thin line between rows.,La linea sottile tra le righe.
The tint over the row under the mouse.,La tinta sulla riga sotto il mouse.
The vertical line splitting conditions from actions.,La linea verticale che separa le condizioni dalle azioni.
Theme Editor,Editor di temi
Thickness of the conditions/actions divider line.,Spessore della linea divisoria condizioni/azioni.
Tint over a single condition/action cell under the mouse.,Tinta su una singola cella di condizione/azione sotto il mouse.
Trigger Badge Background Color,Colore di sfondo del badge del trigger
Trigger Badge Foreground Color,Colore di primo piano del badge del trigger
Value Highlight Color,Colore di evidenziazione dei valori
Vertical Padding,Spaziatura interna verticale
Width reserved for the trigger/condition badge column.,Larghezza riservata alla colonna del badge di trigger/condizione.
Add Comment Sub-Event,Aggiungi sottoevento commento
Add GDScript Action,Aggiungi azione GDScript
Add Match To Actions…,Aggiungi un match alle azioni…
Add Pick Filter (For Each)…,Aggiungi filtro di selezione (Per ogni)…
Add Sub-Condition,Aggiungi sottocondizione
Add Sub-Event,Aggiungi sottoevento
Attach To Event Above,Collega all'evento sopra
Clear Else,Rimuovi l'Altrimenti (Else)
Clear Else-If,Rimuovi l'Altrimenti-Se (Else-If)
Close Group,Chiudi il gruppo
Comment,Commento
Convert to AND Block,Converti in blocco E
Convert to OR Block,Converti in blocco O
Copy as Text,Copia come testo
Cut,Taglia
Delete,Elimina
Disable / Enable Selection,Disattiva / Attiva la selezione
Disable Row,Disattiva la riga
Duplicate,Duplica
Duplicate Selection,Duplica la selezione
Edit Comment…,Modifica commento…
Edit Description…,Modifica descrizione…
Enable Row,Attiva la riga
Enum,Enum
Event Above,Evento sopra
Event Below,Evento sotto
Find Usages (project),Trova utilizzi (progetto)
GDScript Block,Blocco GDScript
Group,Gruppo
Group Color…,Colore del gruppo…
Group Selection into New Group,Raggruppa la selezione in un nuovo gruppo
Insert,Inserisci
Make Else,Trasforma in Altrimenti (Else)
Make Else-If,Trasforma in Altrimenti-Se (Else-If)
More,Altro
Open / Close Group,Apri / Chiudi il gruppo
Open Group,Apri il gruppo
Open in Split,Apri in vista divisa
Runtime Toggleable,Attivabile a runtime
Save Selection as Snippet…,Salva la selezione come frammento…
Scope Actions To Node…,Limita le azioni a un nodo…
Set Breakpoint Condition…,Imposta la condizione del breakpoint…
Signal Handler,Gestore di segnale
Variable,Variabile
Else,Altrimenti
Else If,Altrimenti Se
"A list of numbers (Array[float]) - weights, timings, chances.","Un elenco di numeri (Array[float]) - pesi, tempi, probabilità."
"A list of text entries (Array[String]) - names, lines, tags.","Un elenco di voci di testo (Array[String]) - nomi, battute, etichette."
"A list of whole numbers (Array[int]) - scores, ids, tile indexes.","Un elenco di numeri interi (Array[int]) - punteggi, id, indici di tile."
A list that can hold anything (mixed types allowed).,Un elenco che può contenere qualsiasi cosa (tipi misti consentiti).
Action Object Column Width,Larghezza della colonna oggetto delle azioni
Condition Object Column Width,Larghezza della colonna oggetto delle condizioni
Designer Template,Modello del designer
Fixed width of the object-name column in the actions lane (0 = text flows after each name). Also set by dragging the name/text gap in a row.,Larghezza fissa della colonna dei nomi oggetto nella corsia delle azioni (0 = il testo scorre dopo ogni nome). Si imposta anche trascinando lo spazio nome/testo in una riga.
Fixed width of the object-name column in the conditions lane (0 = text flows after each name). Also set by dragging the name/text gap in a row.,Larghezza fissa della colonna dei nomi oggetto nella corsia delle condizioni (0 = il testo scorre dopo ogni nome). Si imposta anche trascinando lo spazio nome/testo in una riga.
Group Row Height,Altezza della riga di gruppo
"Height of a group header bar, in pixels - double an event row by default; lower it for the classic slim bar.","Altezza della barra d'intestazione di un gruppo, in pixel - il doppio di una riga evento per impostazione predefinita; riducila per la classica barra sottile."
Language,Lingua
"Make your own data asset in three questions: name one entry, list its columns, done - a Resource whose Inspector is a fill-in table, saved as .tres files designers edit.","Crea il tuo asset di dati in tre domande: dai un nome a una voce, elenca le sue colonne, fatto - una Resource il cui Inspector è una tabella da compilare, salvata come file .tres che i designer modificano."
Named anything (by text key) - a flexible data bag.,Qualsiasi cosa con nome (per chiave di testo) - un contenitore di dati flessibile.
"Named numbers (by text key) - e.g. volumes[""music""] = 0.8.","Numeri con nome (per chiave di testo) - es. volumes[""music""] = 0.8."
Named slots holding anything: look values up by a key.,Slot con nome che contengono qualsiasi cosa: cerca i valori tramite una chiave.
"Named text (by text key) - e.g. lines[""greeting""].","Testo con nome (per chiave di testo) - es. lines[""greeting""]."
"Named whole numbers (by text key) - e.g. costs[""sword""] = 10.","Numeri interi con nome (per chiave di testo) - es. costs[""sword""] = 10."
New Custom Resource…,Nuova risorsa personalizzata…
New Editor Tool…,Nuovo strumento editor…
Object Icons,Icone degli oggetti
"Start an editor-side tool sheet: its events run INSIDE the editor (script editor > File > Run), never in the game - batch renames, scene checks, one-click chores.","Avvia un foglio strumento lato editor: i suoi eventi girano DENTRO l'editor (editor degli script > File > Run), mai nel gioco - rinomine in blocco, controlli delle scene, faccende a un clic."
Switch the EventSheets editor language. Drop a translation CSV into addons/eventsheet/translations/ and it appears here automatically.,Cambia la lingua dell'editor EventSheets. Metti un CSV di traduzione in addons/eventsheet/translations/ e comparirà qui automaticamente.
"Makes your own data asset: a Resource with a table designers fill in the Inspector and save as .tres files - loot tables, dialogue lines, wave plans, anything that is rows of data. No annotations to learn; describe the rows and the sheet is generated.","Crea il tuo asset di dati: una Resource con una tabella che i designer compilano nell'Inspector e salvano come file .tres - tabelle di bottino, battute di dialogo, piani delle ondate, tutto ciò che è righe di dati. Nessuna annotazione da imparare; descrivi le righe e il foglio viene generato."
What are you making?,Cosa stai creando?
One entry is a…,Una voce è un(a)…
Resource name,Nome della risorsa
What does an entry have?,Cosa contiene una voce?
"One column per line. Plain words make a text column; add "": float"", "": int"", or "": bool"" for numbers and toggles; list choices with | for a dropdown.

name
kind: coin|gem|key
weight: float","Una colonna per riga. Le parole semplici creano una colonna di testo; aggiungi "": float"", "": int"" o "": bool"" per numeri e interruttori; elenca le scelte con | per un menu a tendina.

name
kind: coin|gem|key
weight: float"
Before it works,Prima che funzioni
Warn in the Inspector until the table has rows (required),Avvisa nell'Inspector finché la tabella non ha righe (obbligatorio)
"Add a validation check (a function warning about bad data, live)","Aggiungi un controllo di validazione (una funzione che segnala dati errati, dal vivo)"
Creates a ready-to-edit validate function: it runs while the table is edited in the Inspector and shows any warning it returns above the field. Add your own rules as condition rows.,Crea una funzione validate pronta da modificare: viene eseguita mentre la tabella viene modificata nell'Inspector e mostra sopra il campo ogni avviso che restituisce. Aggiungi le tue regole come righe di condizione.
Inspector button,Pulsante nell'Inspector
"Show this function as a one-click button in the Inspector, labelled with this text. Pressing the button runs the function's rows - great for editor chores like re-baking, refilling, or validating.","Mostra questa funzione come pulsante a un clic nell'Inspector, etichettato con questo testo. Premendo il pulsante si eseguono le righe della funzione - ideale per faccende da editor come rifare il bake, riempire di nuovo o validare."
Plain GDScript - anything valid in an expression works here. Ctrl+Space completes sheet variables/functions and host members. Alt+Enter grows the box for a long expression (and shrinks it back).,GDScript puro - qui funziona tutto ciò che è valido in un'espressione. Ctrl+Space completa variabili/funzioni del foglio e membri dell'host. Alt+Enter allarga la casella per un'espressione lunga (e poi la restringe).
"Find Expressions - open the expressions dictionary (floating: double-click inserts, stays open until you close it)","Trova espressioni - apre il dizionario delle espressioni (flottante: il doppio clic inserisce, resta aperto finché non lo chiudi)"
Expressions dictionary,Dizionario delle espressioni
Double-click to insert at the cursor - the dictionary stays open so results chain. You can also just type in the field: the same expressions autocomplete as you go.,Doppio clic per inserire al cursore - il dizionario resta aperto così i risultati si concatenano. Puoi anche scrivere direttamente nel campo: le stesse espressioni si autocompletano mentre digiti.
Loop index (optional),Indice del ciclo (opzionale)
"Name a counter that runs 0, 1, 2... each pass - Construct's loopindex. Read it with the Loop Index expression; give nested loops distinct names and read an outer one with Loop Index Of.","Dai un nome a un contatore che fa 0, 1, 2... a ogni passaggio - il loopindex di Construct. Leggilo con l'espressione Loop Index; dai nomi distinti ai cicli annidati e leggi quello esterno con Loop Index Of."
Write one value per line (multi-line enum),Scrivi un valore per riga (enum multiriga)
"Off: enum State { IDLE, RUN }. On: each value on its own tab-indented line - the usual shape for long enums with explicit numbers.","Disattivato: enum State { IDLE, RUN }. Attivato: ogni valore su una propria riga indentata con tab - la forma consueta dei lunghi enum con numeri espliciti."
Addon Pack,Pacchetto di estensione
Make your own data asset,Crea il tuo asset di dati
"Sheets aren't only for gameplay: Sheet > New Custom Resource… asks three plain questions (what one entry is called, what columns it has, whether it's required) and builds a data asset whose Inspector is a fill-in table - loot tables, dialogue lines, wave plans. Designers fill rows and save .tres variants; your sheets load them. And Sheet > New Editor Tool… makes one-click editor chores the same way.","I fogli non servono solo al gameplay: Sheet > New Custom Resource… pone tre semplici domande (come si chiama una voce, quali colonne ha, se è obbligatoria) e costruisce un asset di dati il cui Inspector è una tabella da compilare - tabelle di bottino, battute di dialogo, piani delle ondate. I designer riempiono le righe e salvano varianti .tres; i tuoi fogli le caricano. E Sheet > New Editor Tool… crea allo stesso modo faccende da editor a un clic."
Peek at Sheet > New Custom Resource… (Esc closes it without creating anything).,Dai un'occhiata a Sheet > New Custom Resource… (Esc lo chiude senza creare nulla).
Connect Signal to Event Sheet,Collega segnale al foglio eventi
Connect,Collega
%s - pick a signal,%s - scegli un segnale
An On <Signal> event is added to the node's sheet; its actions run when the signal fires.,Un evento On <Signal> viene aggiunto al foglio del nodo; le sue azioni si eseguono quando il segnale viene emesso.
Filter signals...,Filtra segnali...
Connected %s - add actions to the new event.,%s collegato - aggiungi azioni al nuovo evento.
Open the EventSheet workspace to connect signals.,Apri l'area EventSheet per collegare segnali.
Bold (Ctrl+B),Grassetto (Ctrl+B)
Italic (Ctrl+I),Corsivo (Ctrl+I)
Underline (Ctrl+U),Sottolineato (Ctrl+U)
Strikethrough (Ctrl+Shift+S),Barrato (Ctrl+Shift+S)
Wrap the selection in [color=...] (edit the hex after),Racchiude la selezione in [color=...] (modifica il colore dopo)
Loaded: (unsaved EventSheet),Caricato: (EventSheet non salvato)
Event Numbers,Numeri degli eventi
Aligned Object Columns,Colonne oggetto allineate
Outline…,Struttura…
Outline,Struttura
Go to Event,Vai all'evento
Go to Event Number…,Vai al numero di evento…
Bookmarks,Segnalibri
◂ Previous,◂ Precedente
Next ▸,Successivo ▸
Clear All,Cancella tutto
Current sheet,Foglio corrente
Filter,Filtra
Edit Values Across Selection…,Modifica i valori nella selezione…
Select All Events Using This,Seleziona tutti gli eventi che lo usano
Replace Object References…,Sostituisci i riferimenti agli oggetti…
Paste Special…,Incolla speciale…
Replace Object References,Sostituisci i riferimenti agli oggetti
Retarget the selection,Reindirizza la selezione
Replace,Sostituisci
From,Da
To,A
Add Field…,Aggiungi campo…
Remove Field,Rimuovi campo
Add Field,Aggiungi campo
New field on this data class,Nuovo campo di questa classe dati
all,tutti
Action,Azione
Condition,Condizione
Expression,Espressione
Trigger,Innesco
Signal,Segnale
gives back %s,restituisce %s
emits %s,emette %s
waits,attende
static,statico
internal,interno
★ featured,★ in evidenza
text,testo
number,numero
true/false,vero/falso
point,punto
color,colore
any,qualsiasi
Edit Parameter,Modifica parametro
Add Parameter,Aggiungi parametro
Apply,Applica
Delete this parameter,Elimina questo parametro
Edit the whole verb…,Modifica l'intero verbo…
e.g. amount,es. amount
leave empty to make it required,lascia vuoto per renderlo obbligatorio
what this input is for,a cosa serve questo ingresso
A parameter needs a name.,Un parametro ha bisogno di un nome.
Updated the parameter.,Parametro aggiornato.
Removed the parameter.,Parametro rimosso.
e.g. Re-bake  (empty = no button),es. Ricalcola  (vuoto = nessun pulsante)
"What this verb is called. Write it in plain words - ""Take Damage"" becomes take_damage in the generated GDScript. Other rows call the verb by this name.","Come si chiama questo verbo. Scrivilo con parole semplici: ""Take Damage"" diventa take_damage nel GDScript generato. Le altre righe chiamano il verbo con questo nome."
Godot's own documentation for this verb. It is written above the function as ## lines and shows up in the editor's built-in help and when hovering the verb elsewhere. Optional.,La documentazione di Godot per questo verbo. Viene scritta sopra la funzione come righe ## e compare nella guida integrata dell'editor e al passaggio del mouse sul verbo. Facoltativo.
"Puts a clickable button on this node's Inspector panel, labelled with whatever you type here. Pressing it runs this verb right there in the editor - handy for chores like re-baking a level or filling in test data. Leave it empty (the usual case) and no button appears.","Aggiunge un pulsante cliccabile al pannello Inspector di questo nodo, con l'etichetta che scrivi qui. Premendolo il verbo viene eseguito direttamente nell'editor: comodo per compiti come ricalcolare un livello o inserire dati di prova. Lascialo vuoto (il caso normale) e non compare alcun pulsante."
"The kind of value this verb hands back to whoever asked - a number, some text, a true/false, a position, and so on. Pick the one that matches what the verb works out.","Il tipo di valore che questo verbo restituisce a chi lo chiede: un numero, del testo, un vero/falso, una posizione e così via. Scegli quello che corrisponde a ciò che il verbo calcola."
"One line saying what this verb does. It shows beside the verb in the picker, so it is what somebody reads when deciding whether this is the verb they want.","Una riga che dice cosa fa questo verbo. Compare accanto al verbo nel selettore, quindi è ciò che si legge quando si decide se è il verbo giusto."
"The friendly name shown in the picker instead of the function name - ""Deal Damage"" reads better than deal_damage. Leave it empty to let it default from the verb name.","Il nome leggibile mostrato nel selettore al posto del nome della funzione: ""Deal Damage"" si legge meglio di deal_damage. Lascialo vuoto per ricavarlo dal nome del verbo."
"Which section of the picker files this verb. Verbs sharing a category are grouped together, so a pack usually puts all of its verbs under one - its own name works well.","In quale sezione del selettore viene archiviato questo verbo. I verbi della stessa categoria stanno insieme, quindi un pacchetto di solito mette tutti i suoi sotto una sola: il proprio nome va benissimo."
"What this input is called. It becomes the parameter's name in the generated GDScript, and the label on the verb's row, so plain words beat abbreviations.","Come si chiama questo ingresso. Diventa il nome del parametro nel GDScript generato e l'etichetta sulla riga del verbo, quindi le parole chiare battono le abbreviazioni."
"What kind of value this input accepts - a number (int / float), text (String), a true/false (bool), a position (Vector2 / Vector3), or Variant for anything at all.","Che tipo di valore accetta questo ingresso: un numero (int / float), testo (String), un vero/falso (bool), una posizione (Vector2 / Vector3) o Variant per qualsiasi cosa."
"An optional starting value, so whoever uses the verb can skip this input. Written as GDScript (10, 1.5, ""idle"", true). GDScript requires inputs WITH a default to come last, so filling this in may move the parameter down.","Un valore iniziale facoltativo, così chi usa il verbo può saltare questo ingresso. Si scrive come GDScript (10, 1.5, ""idle"", true). GDScript richiede che gli ingressi CON un valore predefinito vengano per ultimi, quindi compilarlo può spostare il parametro in basso."
"One line explaining this input. It shows in the picker beside the field, which is where somebody decides what to type into it.","Una riga che spiega questo ingresso. Compare nel selettore accanto al campo, cioè dove si decide cosa scriverci."
Removes the input from the verb entirely. Anything already calling the verb loses the value it was passing here.,Rimuove del tutto l'ingresso dal verbo. Tutto ciò che chiama già il verbo perde il valore che passava qui.
"Each parameter has a name, type, optional default value, and description.","Ogni parametro ha un nome, un tipo, un valore predefinito facoltativo e una descrizione."
A GDScript boolean expression - the body runs only when all hold (e.g. host.enabled).,Un'espressione booleana GDScript: il corpo viene eseguito solo quando valgono tutte (es. host.enabled).
Publishes the verb into pickers as the chosen kind.,Pubblica il verbo nei selettori con il tipo scelto.
Optional default value (a GDScript expression). Defaulted params must come last.,Valore predefinito facoltativo (un'espressione GDScript). I parametri con valore predefinito devono venire per ultimi.
Remove this parameter.,Rimuovi questo parametro.
Remove this condition.,Rimuovi questa condizione.
New Function,Nuova funzione
"Action, Condition, or Expression?","Azione, condizione o espressione?"
Function,Funzione
Edit Function…,Modifica funzione…
+ describe this function,+ descrivi questa funzione
+ category,+ categoria
Function names must be valid identifiers (e.g. take_damage).,I nomi di funzione devono essere identificatori validi (es. take_damage).
Publish to the picker (other sheets can use it),Pubblica nel selettore (altri fogli possono usarlo)
"Drag this label sideways to scrub the value (Shift = fine, Ctrl = coarse).","Trascina questa etichetta lateralmente per regolare il valore (Maiusc = fine, Ctrl = grossolano)."
Curate Script…,Cura lo script…
Parameters…,Parametri…
Keep Old Name…,Mantieni il vecchio nome…
Keep the old name working,Mantieni funzionante il vecchio nome
Add Shim,Aggiungi un sostituto
the previous function name,il nome precedente della funzione
Write Annotations,Scrivi le annotazioni
Publish New Version…,Pubblica nuova versione…
Name Raw Calls…,Denomina chiamate grezze…
Compact Rows,Righe compatte
Remember Between Runs,Ricorda tra le esecuzioni
Add Entry…,Aggiungi voce…
Edit Entry…,Modifica voce…
Remove Entry,Rimuovi voce
Lock Verb Body (read-only),Blocca corpo del verbo (sola lettura)
State,Stato
is one of,è uno di
or,o
and,e
more,altri
values,valori
default,predefinito
+ Add value…,+ Aggiungi valore…
Runs in editor,Gira nell'editor
Remembered variables,Variabili ricordate
Setup lines,Righe di setup
double-click to edit in code,doppio clic per modificare nel codice
Host binding,Associazione host
decides by state,decide in base allo stato
states below,stati sotto
decides by,decide in base a
branches below,rami sotto
Not,Non
(animations),(animazioni)
(no backups yet - they appear from the second save on),(ancora nessun backup - compaiono dal secondo salvataggio)
(no enums on this sheet),(nessun enum in questo foglio)
(no match - keep typing),(nessuna corrispondenza - continua a digitare)
(or choose),(o scegli)
(or type your own...),(o scrivi il tuo...)
(plain),(semplice)
Autoload (always-on singleton),Autoload (singleton sempre attivo)
Behavior (acts on parent),Comportamento (agisce sul genitore)
Behavior Component (signal-driven),Componente comportamento (guidato da segnali)
Blank Sheet,Foglio vuoto
Children,Figli
Copy annotation stub,Copia stub di annotazione
Copy registrar snippet,Copia snippet di registrazione
Custom Node,Nodo personalizzato
Custom Resource (data + logic),Risorsa personalizzata (dati + logica)
Custom Resource (data asset),Risorsa personalizzata (asset di dati)
Editor Tool,Strumento editor
Editor Tool (one-click chore),Strumento editor (attività a un clic)
Entity System (Autoload),Sistema di entità (Autoload)
Event Bus (Autoload),Bus di eventi (Autoload)
Event Sheet,Foglio eventi
Fast (60),Veloce (60)
First-Person Controller (3D),Controller in prima persona (3D)
GDScript iterable,Iterabile GDScript
Game State (Autoload),Stato di gioco (Autoload)
Hide this verb,Nascondi questo verbo
Major - breaking changes,Major - modifiche incompatibili
"Minor - new verbs, nothing breaks","Minor - nuovi verbi, niente si rompe"
No actions or conditions were found on the dropped node.,Nessuna azione o condizione trovata sul nodo rilasciato.
No sheets open,Nessun foglio aperto
Node group,Gruppo di nodi
"Patch - fixes, no new verbs","Patch - correzioni, nessun nuovo verbo"
Pin / Unpin Favorite,Fissa / sblocca preferito
Platformer Starter,Base platformer
Recently closed,Chiuse di recente
Repeat N times,Ripeti N volte
Reset to the inferred name,Ripristina il nome dedotto
Save System (Autoload),Sistema di salvataggio (Autoload)
Slow (30),Lento (30)
Third-Person Mover (3D),Movimento in terza persona (3D)
Top-down Starter,Base top-down
While (condition),Mentre (condizione)
bow,arco
keep format,mantieni formato
potion,pozione
sword,spada
Rename this verb…,Rinomina questo verbo…
Set its category…,Imposta la categoria…
timeline,timeline
steps,passi
at,a
Add Step…,Aggiungi passo…
Timeline,Timeline
Render Scene To Image,Renderizza la scena in immagine
"Instantiates a scene into an off-screen viewport, lets it settle for a frame, and saves what it shows as a PNG - thumbnails, store shots, doc figures, baked sprites. Needs a windowed editor: a headless run has no renderer, so it warns and writes nothing.","Istanzia una scena in un viewport fuori schermo, la lascia assestare per un fotogramma e salva ciò che mostra come PNG: miniature, scatti per lo store, figure di documentazione, sprite precalcolati. Richiede un editor con finestra: un'esecuzione headless non ha renderer, quindi avvisa e non scrive nulla."
Preview Table Rolls,Anteprima dei tiri della tabella
"Rolls a weighted table many times and reports what actually came out: per entry the rolled percent, the percent its weight implies, and the gap between them. Pure maths - it runs anywhere, and the same seed always gives the same numbers.","Tira molte volte da una tabella pesata e riporta cosa è uscito davvero: per voce la percentuale ottenuta, la percentuale implicata dal suo peso e la differenza tra le due. Matematica pura: funziona ovunque e lo stesso seme dà sempre gli stessi numeri."
On Project Export,All'esportazione del progetto
"Runs while a project export is starting, before the files are written - the place to stamp a build number, bake a data file, or strip debug content.","Viene eseguito all'avvio di un'esportazione del progetto, prima che i file siano scritti: il posto per imprimere un numero di build, precalcolare un file di dati o togliere contenuti di debug."
Write Version Stamp,Scrivi il timbro di versione
"Writes a small build stamp file: the version string plus the date and time the stamp was written. The timestamp is read when the tool runs, so the generated code stays identical every save.","Scrive un piccolo file di timbro della build: la stringa di versione più la data e l'ora in cui il timbro è stato scritto. L'orario viene letto quando lo strumento gira, quindi il codice generato resta identico a ogni salvataggio."
Export Is Debug,L'esportazione è di debug
True when the export that triggered this bake step is a debug build. Use it inside On Project Export to keep test content out of release builds.,Vero quando l'esportazione che ha innescato questo passo è una build di debug. Usalo dentro All'esportazione del progetto per tenere i contenuti di prova fuori dalle build finali.
Export Has Feature,L'esportazione ha la funzionalità
"True when the export preset that triggered this bake step carries the given feature tag - the way to bake different data for mobile, web or desktop.","Vero quando il preset di esportazione che ha innescato questo passo porta l'etichetta di funzionalità indicata: il modo per precalcolare dati diversi per mobile, web o desktop."
Share Code For,Codice di condivisione per
"Turns any value into one compact line of text a player can paste anywhere - a seed, a loadout, a whole save. Read it back with Value From Share Code.","Trasforma qualsiasi valore in una riga di testo compatta che un giocatore può incollare ovunque - un seme, un equipaggiamento, un salvataggio intero. Si rilegge con Valore da codice di condivisione."
Utility: Window,Utilità: finestra
share code for [b]{value}[/b],codice di condivisione per [b]{value}[/b]
Value,Valore
"Anything - a run seed, a loadout list, a colour, a whole save record.","Qualsiasi cosa - un seme di partita, un elenco di equipaggiamento, un colore, un intero record di salvataggio."
Copy Share Code To Clipboard,Copia il codice di condivisione negli appunti
"Encodes any value as a share code and puts it straight on the operating system clipboard, ready to paste.","Codifica qualsiasi valore come codice di condivisione e lo mette direttamente negli appunti del sistema operativo, pronto da incollare."
copy share code for [b]{value}[/b] to clipboard,copia negli appunti il codice di condivisione per [b]{value}[/b]
"Anything - a run seed, a loadout list, a whole save record.","Qualsiasi cosa - un seme di partita, un elenco di equipaggiamento, un intero record di salvataggio."
Share Code Is Valid,Il codice di condivisione è valido
"True when the text really is a share code that decodes cleanly, so a paste box can refuse garbage before it reaches the game. Ask it when the pasted text CHANGES (a Paste button, On Text Changed) rather than every frame: a code mangled in transit can still reach the decoder, and the engine logs a line each time it is refused. A code that was made from nothing at all also reads as invalid.","Vero quando il testo è davvero un codice di condivisione che si decodifica correttamente, così una casella di incollaggio può rifiutare spazzatura prima che arrivi al gioco. Chiedilo quando il testo incollato CAMBIA (un pulsante Incolla, Al cambio del testo) e non a ogni frame: un codice rovinato durante il trasferimento raggiunge comunque il decodificatore, e il motore scrive una riga a ogni rifiuto. Anche un codice creato dal nulla risulta non valido."
[b]{code}[/b] is a valid share code,[b]{code}[/b] è un codice di condivisione valido
Code,Codice
The pasted text to test - usually Clipboard Text or a paste box's text.,Il testo incollato da verificare - di solito Testo degli appunti o il testo di una casella di incollaggio.
Value From Share Code,Valore da codice di condivisione
"Reads the value back out of a share code, giving nothing when the text is not a valid code.","Rilegge il valore da un codice di condivisione, e non restituisce nulla quando il testo non è un codice valido."
value from share code [b]{code}[/b],valore dal codice di condivisione [b]{code}[/b]
The share code text to read - check it with Share Code Is Valid first.,Il testo del codice di condivisione da leggere - controllalo prima con Il codice di condivisione è valido.
Clipboard Has Text,Gli appunti contengono testo
True when the operating system clipboard currently holds any text - gate a paste box on it.,Vero quando gli appunti del sistema operativo contengono del testo in questo momento - usalo per abilitare una casella di incollaggio.
clipboard has text,gli appunti contengono testo
Clipboard Has Image,Gli appunti contengono un'immagine
"True when the operating system clipboard currently holds an image, such as a screenshot the player just copied.","Vero quando gli appunti del sistema operativo contengono un'immagine in questo momento, ad esempio uno screenshot appena copiato dal giocatore."
clipboard has an image,gli appunti contengono un'immagine
Clipboard Image,Immagine degli appunti
The image currently on the operating system clipboard - feed it to ImageTexture.create_from_image to show it.,L'immagine attualmente negli appunti del sistema operativo - passala a ImageTexture.create_from_image per mostrarla.
clipboard image,immagine degli appunti
Clipboard Text Is,Il testo degli appunti è
"Compares whatever text is on the clipboard against a value, with your choice of operator.","Confronta il testo presente negli appunti con un valore, usando l'operatore che scegli."
clipboard text {op} [b]{value}[/b],testo degli appunti {op} [b]{value}[/b]
Operator,Operatore
Comparison.,Confronto.
= (equal to),= (uguale a)
!= (not equal to),!= (diverso da)
< (less than),< (minore di)
<= (at most),<= (al massimo)
> (greater than),> (maggiore di)
>= (at least),>= (almeno)
Text to compare the clipboard against.,Testo con cui confrontare gli appunti.
Clone Into,Clona dentro
"Copies a live node, adds the copy to a parent, places it and optionally puts it in a group - the one-row form of Duplicate Node plus Add Child plus Set Position. Use Spawn Scene when you are starting from a .tscn file instead.","Copia un nodo vivo, aggiunge la copia a un genitore, la posiziona e se vuoi la mette in un gruppo - la forma in una riga di Duplica nodo più Aggiungi figlio più Imposta posizione. Se parti da un file .tscn usa invece Genera scena."
Nodes,Nodi
"clone [i]{source}[/i] into [i]{parent}[/i] at [b]{at}[/b], group [b]{group}[/b]","clona [i]{source}[/i] dentro [i]{parent}[/i] a [b]{at}[/b], gruppo [b]{group}[/b]"
The live node to copy.,Il nodo vivo da copiare.
Into,Dentro
Where the copy is added.,Dove viene aggiunta la copia.
At,A
World position for the copy (a Vector3 for a 3D node). Only used when the copy has a position.,Posizione nel mondo per la copia (un Vector3 per un nodo 3D). Usata solo quando la copia ha una posizione.
Optional group for the copy (blank = none).,Gruppo facoltativo per la copia (vuoto = nessuno).
Remember Value As,Ricorda valore come
"Copies any value aside under a name, in memory, for this run - the before-value for a preview, a buff or a cutscene. For memory that survives closing the game use Remember Between Runs on the variable, or the Save System pack.","Mette da parte qualsiasi valore sotto un nome, in memoria, per questa partita - il valore di prima per un'anteprima, un potenziamento o una scena. Per una memoria che sopravvive alla chiusura del gioco usa Ricorda tra le partite sulla variabile, o il pacchetto Sistema di salvataggio."
Run Context,Contesto di esecuzione
remember [b]{value}[/b] as [b]{name}[/b],ricorda [b]{value}[/b] come [b]{name}[/b]
Any label you also use in Restore Value Into.,Un'etichetta qualsiasi che usi anche in Ripristina valore in.
The value to copy aside.,Il valore da mettere da parte.
Restore Value Into,Ripristina valore in
Pours a remembered value back into a variable. When nothing was remembered under that name the variable keeps what it already had.,"Riversa un valore ricordato dentro una variabile. Se sotto quel nome non è stato ricordato nulla, la variabile conserva quello che aveva già."
restore [b]{name}[/b] into [b]{var_name}[/b],ripristina [b]{name}[/b] in [b]{var_name}[/b]
The label used in Remember Value As.,L'etichetta usata in Ricorda valore come.
Into Variable,Nella variabile
Variable that receives the remembered value (left alone when nothing was remembered).,Variabile che riceve il valore ricordato (lasciata com'è se non è stato ricordato nulla).
Remembered Value,Valore ricordato
"The value remembered under a name this run, or your fallback when there is none - read it without pouring it back.","Il valore ricordato sotto un nome in questa partita, o il tuo valore di riserva quando non ce n'è - lo leggi senza riversarlo indietro."
remembered [b]{name}[/b] or [b]{fallback}[/b],[b]{name}[/b] ricordato o [b]{fallback}[/b]
Or,Oppure
What you get when nothing was remembered under that name.,Quello che ottieni se sotto quel nome non è stato ricordato nulla.
Has Remembered,Ha ricordato
True when something was remembered under that name this run - the gate on a Cancel button that should only undo a preview it actually took.,Vero quando in questa partita è stato ricordato qualcosa sotto quel nome - la condizione di un pulsante Annulla che deve disfare solo un'anteprima davvero presa.
has remembered [b]{name}[/b],ha ricordato [b]{name}[/b]
Forget Remembered,Dimentica il ricordato
"Drops a remembered value, so Has Remembered reads false again. Forgetting a name that was never remembered is harmless.","Scarta un valore ricordato, così Ha ricordato torna falso. Dimenticare un nome mai ricordato è innocuo."
forget remembered [b]{name}[/b],dimentica il ricordato [b]{name}[/b]
Resources In Folder,Risorse nella cartella
"Loads every data asset (.tres) in a folder as a list, so a folder of files becomes your content - items, enemies, levels, or a mod folder. A missing folder gives an empty list, and a file that fails to load is left out rather than arriving as nothing.","Carica come elenco ogni asset di dati (.tres) di una cartella, così una cartella di file diventa il tuo contenuto - oggetti, nemici, livelli o una cartella di mod. Una cartella mancante dà un elenco vuoto, e un file che non si carica viene escluso invece di arrivare come nulla."
Files,File
resources in [b]{folder}[/b],risorse in [b]{folder}[/b]
Folder,Cartella
"Folder to scan (not recursive). Every .tres / .res inside it is loaded, in the folder's own order.","Cartella da esaminare (non ricorsiva). Ogni .tres / .res al suo interno viene caricato, nell'ordine della cartella."
Resource In Folder,Risorsa nella cartella
"Fetches one data asset out of a folder by its file name, or nothing at all when there is no such file - no red error.","Preleva un singolo asset di dati da una cartella tramite il nome del file, oppure nulla se quel file non c'è - senza errore rosso."
resource [b]{name}[/b] in [b]{folder}[/b],risorsa [b]{name}[/b] in [b]{folder}[/b]
Folder holding the data assets.,Cartella che contiene gli asset di dati.
"File name WITHOUT the .tres extension - ""rusty_sword"" finds rusty_sword.tres.","Nome del file SENZA l'estensione .tres - ""rusty_sword"" trova rusty_sword.tres."
Load Resource Or Default,Carica risorsa o predefinito
"Loads a file and hands back your fallback when it is missing, so a deleted or mod-supplied file never crashes the game.","Carica un file e restituisce il tuo valore di riserva quando manca, così un file cancellato o fornito da una mod non manda mai in crash il gioco."
load [b]{path}[/b] or [i]{fallback}[/i],carica [b]{path}[/b] oppure [i]{fallback}[/i]
Path,Percorso
Full path to the resource or scene to load.,Percorso completo della risorsa o scena da caricare.
Fallback,Valore di riserva
"What to use instead when the file is not there (a preloaded default, or null).","Cosa usare al posto suo quando il file non c'è (un predefinito precaricato, oppure null)."
Count Of Resources In,Numero di risorse in
"How many data assets a folder holds, counted without loading any of them - zero if the folder is missing.","Quanti asset di dati contiene una cartella, contati senza caricarne nessuno - zero se la cartella manca."
count of resources in [b]{folder}[/b],numero di risorse in [b]{folder}[/b]
Folder to count data assets in (not recursive).,Cartella in cui contare gli asset di dati (non ricorsiva).
Copy Resource (Independent),Copia risorsa (indipendente)
"Makes a private copy of a resource, right down to the resources inside it, so writing to the copy never changes the .tres on disk or any other node holding it. Use this before a node edits its own stats.","Crea una copia privata di una risorsa, fin dentro alle risorse che contiene, così scrivere sulla copia non cambia mai il .tres su disco né alcun altro nodo che lo tiene. Usalo prima che un nodo modifichi le proprie statistiche."
Helpers,Aiutanti
independent copy of [i]{resource}[/i],copia indipendente di [i]{resource}[/i]
Resource,Risorsa
The resource to copy. Anything that is not a resource (including nothing at all) gives nothing back.,La risorsa da copiare. Qualsiasi cosa che non sia una risorsa (compreso il nulla) non restituisce niente.
Copy Resource (Share Sub-Resources),Copia risorsa (sottorisorse condivise)
Makes a cheap copy whose own fields are separate but whose inner resources and lists are still SHARED with the original. Pick this only when you want that sharing - otherwise use Copy Resource (Independent).,Crea una copia economica i cui campi propri sono separati ma le cui risorse ed elenchi interni restano CONDIVISI con l'originale. Sceglila solo se vuoi quella condivisione - altrimenti usa Copia risorsa (indipendente).
copy of [i]{resource}[/i] (sub-resources shared),copia di [i]{resource}[/i] (sottorisorse condivise)
Deep Copy,Copia profonda
"Copies the array AND every list or dictionary nested inside it, so editing the copy cannot reach back into the original. Copy Array only copies the outer level.","Copia l'array E ogni elenco o dizionario annidato al suo interno, così modificare la copia non può risalire all'originale. Copia array copia solo il livello esterno."
Variables: Array,Variabili: array
deep copy of [b]{var_name}[/b],copia profonda di [b]{var_name}[/b]
Array,Array
Array variable to copy right through.,Variabile array da copiare fino in fondo.
"Copies the dictionary AND every list or dictionary nested inside it, so editing the copy cannot reach back into the original. Copy Dictionary only copies the outer level.","Copia il dizionario E ogni elenco o dizionario annidato al suo interno, così modificare la copia non può risalire all'originale. Copia dizionario copia solo il livello esterno."
Variables: Dictionary,Variabili: dizionario
Dictionary,Dizionario
Dictionary variable to copy right through.,Variabile dizionario da copiare fino in fondo.
Copy Values From,Copia valori da
"Pours a list of values off another object onto this one, in one row instead of one row per property. Names the target does not have are skipped, so a single preset can serve several kinds of node.","Riversa un elenco di valori da un altro oggetto su questo, in una riga sola invece di una riga per proprietà. I nomi che la destinazione non ha vengono saltati, così un solo preset può servire più tipi di nodo."
copy [b]{names}[/b] from [i]{source}[/i] into [i]{target}[/i],copia [b]{names}[/b] da [i]{source}[/i] in [i]{target}[/i]
The object being written to - it is what changes.,L'oggetto su cui si scrive - è ciò che cambia.
The object to read from - a node OR a resource.,L'oggetto da cui si legge - un nodo OPPURE una risorsa.
Names,Nomi
Comma-separated property names. Leave blank to copy every variable the source's script declares.,Nomi di proprietà separati da virgole. Lascia vuoto per copiare ogni variabile dichiarata dallo script della sorgente.
Fill Blanks From,Riempi i vuoti da
"Writes a base's values ONLY into fields this object left empty, leaving everything you did fill in alone. That is the override chain: a base item plus a rarity variant, or a shipped table plus a mod file. Empty means nothing there: no value at all, blank text, an empty list or an empty record - a 0 and a false are real values and are kept, exactly as Is Nothing and Missing Fields read them.","Scrive i valori di una base SOLO nei campi che questo oggetto ha lasciato vuoti, senza toccare quello che hai compilato. È la catena di sovrascrittura: un oggetto base più una variante di rarità, o una tabella inclusa più un file di mod. Vuoto vuol dire che non c'è niente: nessun valore, testo vuoto, un elenco vuoto o un record vuoto. Uno 0 e un falso sono valori veri e vengono mantenuti, esattamente come li leggono Non è niente e Campi mancanti."
fill blanks in [i]{target}[/i] from [i]{base}[/i],riempi i vuoti in [i]{target}[/i] da [i]{base}[/i]
Fill,Riempi
The one being completed - it is what changes.,Quello che viene completato - è ciò che cambia.
Where the missing values come from.,Da dove arrivano i valori mancanti.
Apply Preset To Node,Applica preset al nodo
"Pours a data asset's fields onto the same-named properties of a node, so difficulty tiers, weapon tunings and boss phases become a data edit instead of a wall of rows.","Riversa i campi di un asset di dati sulle proprietà con lo stesso nome di un nodo, così livelli di difficoltà, tarature delle armi e fasi dei boss diventano una modifica di dati invece che un muro di righe."
apply preset [b]{preset}[/b] to [i]{target}[/i],applica il preset [b]{preset}[/b] a [i]{target}[/i]
Preset,Preset
The data asset to pour on (a .tres you filled in the Inspector). Nothing happens if it is empty.,L'asset di dati da riversare (un .tres che hai compilato nell'Inspector). Se è vuoto non succede nulla.
The node to apply it to.,Il nodo a cui applicarlo.
Matches Properties Of,Corrisponde alle proprietà di
"True while the listed properties hold the same values on both objects - the cheap 'is this ghost still in sync' or 'has anything changed' check. A name neither object has reads as NOT matching, so a typo shows up instead of quietly passing, and either side being gone reads as not matching too.","Vero finché le proprietà elencate hanno gli stessi valori su entrambi gli oggetti - il controllo economico 'questo fantasma è ancora sincronizzato' o 'è cambiato qualcosa'. Un nome che nessuno dei due oggetti ha risulta NON corrispondente, così un errore di battitura si vede invece di passare in silenzio; e se uno dei due lati non c'è più, nemmeno quello corrisponde."
[i]{target}[/i] matches [b]{names}[/b] of [i]{other}[/i],[i]{target}[/i] corrisponde a [b]{names}[/b] di [i]{other}[/i]
Object,Oggetto
The object to test.,L'oggetto da verificare.
"Comma-separated property names to compare. A blank list has nothing to compare, so it is true.","Nomi di proprietà separati da virgole da confrontare. Un elenco vuoto non ha nulla da confrontare, quindi è vero."
Of,Di
The object to compare against.,L'oggetto con cui confrontare.
Data Is Older Than Version,I dati sono più vecchi della versione
"True when a loaded record was written by an older build than this one - the gate a migration sits under. A record with NO version field counts as 0, so the very first format upgrades too, and so does one whose version field is empty or is not a number at all.","Vero quando un record caricato è stato scritto da una build più vecchia di questa - la condizione sotto cui sta una migrazione. Un record SENZA campo versione conta come 0, così si aggiorna anche il primissimo formato, e lo stesso vale per uno il cui campo versione è vuoto o non è affatto un numero."
[b]{record}[/b] is older than version [b]{version}[/b],[b]{record}[/b] è più vecchio della versione [b]{version}[/b]
Record,Record
"The parsed record (a save file, a payload, a manifest).","Il record già analizzato (un file di salvataggio, un payload, un manifest)."
Field,Campo
Which field holds the version number.,Quale campo contiene il numero di versione.
Version,Versione
The version this build writes.,La versione che questa build scrive.
Rename Field,Rinomina campo
"Moves a value to its new field name, and does nothing at all when the old name is not there - so a migration is safe to run twice.","Sposta un valore sul suo nuovo nome di campo, e non fa proprio nulla quando il vecchio nome non c'è - così una migrazione si può eseguire due volte senza rischi."
rename [b]{from_field}[/b] to [b]{to_field}[/b] in [i]{record}[/i],rinomina [b]{from_field}[/b] in [b]{to_field}[/b] dentro [i]{record}[/i]
"The record to migrate, edited in place.","Il record da migrare, modificato sul posto."
The old field name.,Il vecchio nome del campo.
The new field name (overwritten if it is already there).,Il nuovo nome del campo (viene sovrascritto se c'è già).
Stamp Data Version,Timbra la versione dei dati
"Writes the current format number onto a record, so the next load knows it has already been migrated. Data Is Older Than Version reads it back, and reads it as 0 when it is missing or is not a number.","Scrive il numero di formato attuale su un record, così il caricamento successivo sa che è già stato migrato. I dati sono più vecchi della versione lo rilegge, e lo legge come 0 quando manca o non è un numero."
stamp [i]{record}[/i] as version [b]{version}[/b],timbra [i]{record}[/i] come versione [b]{version}[/b]
The record to stamp.,Il record da timbrare.
The version this build writes - a whole number.,La versione che questa build scrive - un numero intero.
Table From File,Tabella da file
"Reads a .csv whose FIRST line is the column names and gives you one record per row, each field reachable by column name - row[""price""]. Quoted cells may contain the separator, Windows line endings are fine, and a missing file simply gives no rows. Store it in an Array variable, then walk it with a For Each pick filter.","Legge un .csv la cui PRIMA riga sono i nomi delle colonne e ti dà un record per riga, con ogni campo raggiungibile per nome di colonna - row[""price""]. Le celle tra virgolette possono contenere il separatore, i fine riga di Windows vanno bene, e un file mancante semplicemente non dà righe. Mettilo in una variabile array, poi percorrilo con un filtro di selezione Per ogni."
Files: Tables,File: tabelle
rows of [b]{path}[/b],righe di [b]{path}[/b]
File,File
The .csv to read. Its FIRST line must be the column names.,Il .csv da leggere. La sua PRIMA riga devono essere i nomi delle colonne.
Separator,Separatore
What separates the columns in that file.,Cosa separa le colonne in quel file.
Comma,Virgola
Semicolon,Punto e virgola
Tab,Tabulazione
Table From Text,Tabella da testo
"The same column-names-first parse as Table From File, but over text you already hold instead of a file on disk.","La stessa analisi con i nomi di colonna nella prima riga di Tabella da file, ma su testo che hai già invece che su un file su disco."
rows in [b]{text}[/b],righe in [b]{text}[/b]
"Spreadsheet text you already have - a pasted blob, a downloaded body, a file you read earlier. FIRST line = the column names.","Testo di foglio di calcolo che hai già - un blocco incollato, un corpo scaricato, un file letto prima. PRIMA riga = i nomi delle colonne."
Column Of Table,Colonna della tabella
"Gives one whole column as a list, in row order - handy for a dropdown's items, a weights list, or a quick sum. A row missing that column contributes empty text.","Dà un'intera colonna come elenco, nell'ordine delle righe - comodo per le voci di un menu a tendina, un elenco di pesi o una somma veloce. Una riga a cui manca quella colonna contribuisce con testo vuoto."
column [b]{column}[/b] of [b]{table}[/b],colonna [b]{column}[/b] di [b]{table}[/b]
Table,Tabella
The rows-of-records variable a Table From File (or Table From Text) expression filled.,La variabile di righe come record che un'espressione Tabella da file (o Tabella da testo) ha riempito.
Column,Colonna
"The column name to read, exactly as it is spelled in the header row.","Il nome della colonna da leggere, scritto esattamente come nella riga di intestazione."
Row Where,Riga dove
"Finds the FIRST record whose column holds this value - the single-item lookup, e.g. the row for item ""sword"". Gives an empty record when nothing matches, so check it with Dictionary Is Empty before reading fields.","Trova il PRIMO record la cui colonna contiene questo valore - la ricerca del singolo elemento, ad esempio la riga dell'oggetto ""sword"". Se non corrisponde nulla restituisce un record vuoto, quindi controllalo con Dizionario è vuoto prima di leggere i campi."
row of [b]{table}[/b] where [b]{column}[/b] is [b]{value}[/b],riga di [b]{table}[/b] dove [b]{column}[/b] è [b]{value}[/b]
"The column to match on, exactly as it is spelled in the header row.","La colonna su cui confrontare, scritta esattamente come nella riga di intestazione."
Is,È
"The value to look for. Compared as text, so 25 and ""25"" both match a cell reading 25.","Il valore da cercare. Il confronto avviene come testo, quindi sia 25 sia ""25"" corrispondono a una cella che riporta 25."
For Each Line In Text,Per ogni riga del testo
"Runs this event's actions once per LINE of the text, skipping blank ones. Windows (CRLF) and old-Mac (CR) endings are handled, so no line arrives with a stray carriage return. Read the current one as `line`.","Esegue le azioni di questo evento una volta per RIGA del testo, saltando quelle vuote. I fine riga di Windows (CRLF) e del vecchio Mac (CR) sono gestiti, così nessuna riga arriva con un ritorno a capo di troppo. Quella corrente si legge come `line`."
Loops,Cicli
for each line in [b]{text}[/b],per ogni riga di [b]{text}[/b]
"The text to walk line by line - a file you read, a pasted blob, a leaderboard body.","Il testo da percorrere riga per riga - un file letto, un blocco incollato, il corpo di una classifica."
For Each Part In Text,Per ogni parte del testo
"Runs this event's actions once per PIECE of the text. Each piece arrives with its surrounding spaces trimmed, and empty pieces are skipped, so ""sword; shield;; bow"" is three parts. Read the current one as `part`.","Esegue le azioni di questo evento una volta per PEZZO del testo. Ogni pezzo arriva senza gli spazi che lo circondano, e i pezzi vuoti vengono saltati, quindi ""sword; shield;; bow"" sono tre parti. Quello corrente si legge come `part`."
for each part of [b]{text}[/b] split by [b]{separator}[/b],per ogni parte di [b]{text}[/b] divisa da [b]{separator}[/b]
"The text to break up - a tag list, a chat command's arguments, one cell of a spreadsheet.","Il testo da spezzare - un elenco di etichette, gli argomenti di un comando di chat, una cella di un foglio di calcolo."
Split by,Dividi per
"What separates the pieces, e.g. "","" or "";"" or "" "".","Cosa separa i pezzi, ad esempio "","" o "";"" o "" ""."
For Each Resource In Folder,Per ogni risorsa nella cartella
"Runs this event's actions once per data asset (.tres / .res) in a folder, already loaded - the ""a folder of items IS my item list"" setup, with no list to maintain. A folder that is not there walks nothing (quietly - it is checked first, so a loop that runs every frame cannot spam errors), and anything that fails to load is skipped rather than arriving as null. Read the current one as `entry`.","Esegue le azioni di questo evento una volta per asset di dati (.tres / .res) in una cartella, già caricato - l'impostazione ""una cartella di oggetti È il mio elenco di oggetti"", senza elenchi da mantenere. Una cartella che non c'è non percorre nulla (in silenzio: viene controllata prima, così un ciclo eseguito ogni frame non può riempire la console di errori), e ciò che non si carica viene saltato invece di arrivare come null. Quello corrente si legge come `entry`."
for each resource in [b]{folder}[/b],per ogni risorsa in [b]{folder}[/b]
Folder of data assets to walk. Only .tres / .res files are loaded; anything else in there is ignored.,Cartella di asset di dati da percorrere. Vengono caricati solo i file .tres / .res; tutto il resto viene ignorato.
Text Before,Testo prima di
"The part of the text before the first marker: Text Before(""Ada [angry]: hi"", "" ["") is ""Ada"". When the marker is not there you get the whole text back, so nothing is silently lost.","La parte del testo prima del primo segnaposto: Testo prima di(""Ada [angry]: hi"", "" ["") è ""Ada"". Se il segnaposto non c'è ottieni tutto il testo, così non si perde nulla in silenzio."
the part of {text} before {marker},la parte di {text} prima di {marker}
The line to read a piece out of.,La riga da cui leggere un pezzo.
Before,Prima di
The marker to stop at (the first one wins).,Il segnaposto a cui fermarsi (vince il primo).
Text After,Testo dopo
"Everything after the first marker: Text After(""Ada [angry]: hi"", ""]: "") is ""hi"". Empty when the marker is not there, because then there is no ""after"".","Tutto ciò che segue il primo segnaposto: Testo dopo(""Ada [angry]: hi"", ""]: "") è ""hi"". Vuoto quando il segnaposto non c'è, perché allora non esiste un ""dopo""."
the part of {text} after {marker},la parte di {text} dopo {marker}
After,Dopo
The marker to start after (the first one wins).,Il segnaposto dopo cui iniziare (vince il primo).
Text Between,Testo tra
"The part between two markers: Text Between(""Ada [angry]: hi"", ""["", ""]"") is ""angry"". Empty when the opening marker is missing, and the rest of the text when the closing one is.","La parte compresa tra due segnaposti: Testo tra(""Ada [angry]: hi"", ""["", ""]"") è ""angry"". Vuoto quando manca il segnaposto di apertura, e il resto del testo quando manca quello di chiusura."
the part of {text} between {open} and {close},la parte di {text} tra {open} e {close}
The opening marker.,Il segnaposto di apertura.
The closing marker.,Il segnaposto di chiusura.
Number In Text,Numero nel testo
"The first number found anywhere in the text, whole or decimal: ""Chapter 3"" gives 3, ""v1.25-beta"" gives 1.25. You get 0 when there is no number at all, and you never write a pattern.","Il primo numero trovato in qualsiasi punto del testo, intero o decimale: ""Chapter 3"" dà 3, ""v1.25-beta"" dà 1.25. Se non c'è alcun numero ottieni 0, e non scrivi mai un pattern."
the first number in {text},il primo numero in {text}
Text that has a number somewhere in it.,Testo che ha un numero da qualche parte.
Split Keeping Quotes,Dividi rispettando le virgolette
"Splits text on a separator but keeps anything inside ""double quotes"" together as one piece, and drops the quotes: give ""iron sword"" 2 is three pieces, not four. Empty pieces are skipped, so runs of separators never produce blanks.","Divide il testo su un separatore ma tiene insieme come un solo pezzo tutto ciò che sta tra ""virgolette doppie"", e toglie le virgolette: give ""iron sword"" 2 sono tre pezzi, non quattro. I pezzi vuoti vengono saltati, così sequenze di separatori non producono mai buchi."
"pieces of {text}, keeping quotes together","pezzi di {text}, tenendo insieme le virgolette"
"The line to split - a console entry, a search box, a pasted cell.","La riga da dividere - una voce di console, una casella di ricerca, una cella incollata."
What separates the pieces OUTSIDE quotes.,Cosa separa i pezzi FUORI dalle virgolette.
Explain JSON Problem,Spiega il problema del JSON
"Why this JSON failed to parse, with the line: ""line 4: Expected ':'"". Empty when it parses fine, so an empty result IS the all-clear. Log it and the bug report writes itself. Branch on this verb's own emptiness (Text Is Blank, inverted) rather than on JSON Is Valid: that condition reads a file holding just the word null as invalid, and this one has nothing to say about it, so pairing them logs an error with a blank reason.","Perché questo JSON non è stato analizzato, con la riga: ""line 4: Expected ':'"". Vuoto quando si analizza bene, quindi un risultato vuoto È il via libera. Registralo e il rapporto di bug si scrive da solo. Ramifica sul vuoto di QUESTO verbo (Il testo è vuoto, invertito) invece che su JSON è valido: quella condizione legge come non valido un file che contiene solo la parola null, e questo verbo non ha nulla da dire al riguardo, quindi metterli insieme registra un errore senza motivo."
JSON,JSON
why {text} is not valid JSON,perché {text} non è JSON valido
"The JSON text to check - a file you read, a paste, a server reply.","Il testo JSON da controllare - un file letto, un incollaggio, una risposta del server."
Explain Table Problem,Spiega il problema della tabella
"The first cell of a table that should be a number and is not, said out loud: ""row 12, column ""price"": ""abc"" is not a number"". Rows are counted from 1 over the rows you hold - Table From File has already used up the header line, so row 12 is line 13 of the file. A row that is not a record at all is reported too. Empty when every listed column checks out.","La prima cella di una tabella che dovrebbe essere un numero e non lo è, detta a voce alta: ""row 12, column ""price"": ""abc"" is not a number"". Le righe si contano da 1 sulle righe che hai in mano - Tabella da file ha già consumato la riga di intestazione, quindi la riga 12 è la riga 13 del file. Viene segnalata anche una riga che non è affatto un record. Vuoto quando ogni colonna elencata è a posto."
what is wrong in {records},cosa non va in {records}
Rows,Righe
"A list of records - one per row, each field reachable by column name.","Un elenco di record - uno per riga, con ogni campo raggiungibile per nome di colonna."
Number columns,Colonne numeriche
The columns that must hold numbers.,Le colonne che devono contenere numeri.
Missing Fields,Campi mancanti
"The listed fields that are missing or left blank, comma-separated, and empty when the record is complete. Blank means nothing there: null, empty text, an empty list or an empty record - a 0 is a real value and is never reported.","I campi elencati che mancano o sono rimasti vuoti, separati da virgole, e vuoto quando il record è completo. Vuoto vuol dire che non c'è niente: null, testo vuoto, un elenco vuoto o un record vuoto. Uno 0 è un valore vero e non viene mai segnalato."
the fields missing from {record},i campi mancanti in {record}
A record or a resource to check.,Un record o una risorsa da controllare.
Fields,Campi
"The fields it must have filled in, separated by commas.","I campi che deve avere compilati, separati da virgole."
Shorten To Fit,Accorcia per stare dentro
"Trims text to a maximum number of characters and marks the cut with the ending you choose, so a clipped name never reads as the whole name. Text that already fits comes back untouched, and the result never runs past the width you gave - a width too narrow to hold the ending simply cuts without one. Cuts mid-word: use Shorten To Whole Words when the cut should land on a word boundary.","Taglia il testo a un numero massimo di caratteri e segna il taglio con la terminazione che scegli, così un nome tagliato non si legge mai come il nome intero. Il testo che ci sta già torna intatto, e il risultato non supera mai la larghezza che hai dato - una larghezza troppo stretta per la terminazione taglia semplicemente senza. Taglia a metà parola: usa Accorcia a parole intere quando il taglio deve cadere su un confine di parola."
shorten [b]{text}[/b] to [b]{max_chars}[/b] characters,accorcia [b]{text}[/b] a [b]{max_chars}[/b] caratteri
The text that has to fit.,Il testo che deve starci.
Max characters,Caratteri massimi
"The widest the result may get, in characters, counting the ending below.","La larghezza massima che il risultato può raggiungere, in caratteri, contando anche la terminazione qui sotto."
Ending,Terminazione
"What marks the cut, e.g. ""..."" or a single ellipsis character. Its own length is taken out of the budget.","Cosa segna il taglio, ad esempio ""..."" o un singolo carattere di puntini di sospensione. La sua lunghezza viene sottratta dal budget."
Shorten To Whole Words,Accorcia a parole intere
"Like Shorten To Fit, but backs up to the last complete word before cutting, so ""Ancient Sword of Thorns"" reads ""Ancient Sword..."" instead of ""Ancient Sword of Th"". When the budget holds no whole word (one very long word) it falls back to cutting by characters, and when it is too narrow to hold the ending at all it cuts without one - so the result is never just the ending, and never wider than you asked for.","Come Accorcia per stare dentro, ma torna indietro fino all'ultima parola completa prima di tagliare, così ""Ancient Sword of Thorns"" si legge ""Ancient Sword..."" invece di ""Ancient Sword of Th"". Quando nel budget non entra nessuna parola intera (una sola parola molto lunga) ripiega sul taglio per caratteri, e quando è troppo stretto per contenere la terminazione taglia senza - così il risultato non è mai solo la terminazione, né mai più largo di quanto hai chiesto."
shorten [b]{text}[/b] to whole words within [b]{max_chars}[/b],accorcia [b]{text}[/b] a parole intere entro [b]{max_chars}[/b]
With Thousands Separators,Con separatori delle migliaia
"Turns a number into grouped digits a player can take in at a glance: 1234567 reads ""1,234,567"". Whole numbers only (the fraction is dropped); a negative keeps its minus sign. For idle-game scale (1.23e15, ""1.23 Qa"") reach for the Big Numbers pack instead.","Trasforma un numero in cifre raggruppate che un giocatore coglie a colpo d'occhio: 1234567 si legge ""1,234,567"". Solo numeri interi (la parte decimale viene scartata); un negativo mantiene il segno meno. Per la scala dei giochi idle (1.23e15, ""1.23 Qa"") usa invece il pacchetto Numeri grandi."
[b]{value}[/b] with thousands separators,[b]{value}[/b] con separatori delle migliaia
The number to make readable. Anything after the decimal point is dropped.,Il numero da rendere leggibile. Tutto ciò che segue la virgola decimale viene scartato.
As Percent Text,Come testo percentuale
"Turns a fraction into percent TEXT with the sign on it: 0.73 reads ""73%"". Feed it a 0-to-1 value (Percent Of already returns 0-to-100, so divide that by 100 or use the raw fraction).","Trasforma una frazione in TESTO percentuale con il segno: 0.73 si legge ""73%"". Dagli un valore da 0 a 1 (Percentuale di restituisce già da 0 a 100, quindi dividi per 100 oppure usa la frazione grezza)."
[b]{value}[/b] as a percent,[b]{value}[/b] come percentuale
Fraction,Frazione
"A fraction where 1.0 means full, e.g. health / max_health.","Una frazione in cui 1.0 significa pieno, ad esempio health / max_health."
Decimals,Decimali
Digits after the decimal point. 0 gives a whole percent.,Cifre dopo la virgola decimale. 0 dà una percentuale intera.
As Duration,Come durata
"Seconds as a duration that survives passing an hour: 3725 reads ""1h 02m"" and 90 reads ""1m 30s"". A negative duration reads as zero. Use As Clock Time when you want strict mm:ss (it rolls an hour into ""60:00"").","Secondi come durata che regge anche oltre un'ora: 3725 si legge ""1h 02m"" e 90 si legge ""1m 30s"". Una durata negativa si legge zero. Usa Come orologio se vuoi mm:ss stretto (lì un'ora diventa ""60:00"")."
[b]{seconds}[/b] as a duration,[b]{seconds}[/b] come durata
Seconds,Secondi
A duration in seconds.,Una durata in secondi.
Align Left,Allinea a sinistra
"Pads text out on the RIGHT to a fixed width, so every row starts on the same edge and reads as a column. Text longer than the width is left alone (it is never cut - shorten it first). Give the Label a MONOSPACE theme font or the column will still drift.","Riempie il testo a DESTRA fino a una larghezza fissa, così ogni riga inizia sullo stesso bordo e si legge come una colonna. Il testo più lungo della larghezza viene lasciato stare (non viene mai tagliato - accorcialo prima). Dai al Label un font MONOSPAZIATO nel tema, altrimenti la colonna continuerà a scivolare."
[b]{text}[/b] aligned left in [b]{width}[/b],[b]{text}[/b] allineato a sinistra in [b]{width}[/b]
The text to pad out.,Il testo da riempire.
Width,Larghezza
Column width in characters. Shorter text is padded; longer text is left as it is.,"Larghezza della colonna in caratteri. Il testo più corto viene riempito, quello più lungo resta com'è."
Fill with,Riempi con
"What fills the gap: a space, or ""."" for a dotted leader. One character.","Cosa riempie lo spazio: uno spazio, oppure ""."" per una guida puntinata. Un solo carattere."
Align Right,Allinea a destra
"Pads text out on the LEFT to a fixed width, so numbers END on the same edge and read as a column of figures. Text longer than the width is left alone. Give the Label a MONOSPACE theme font or the column will still drift.","Riempie il testo a SINISTRA fino a una larghezza fissa, così i numeri FINISCONO sullo stesso bordo e si leggono come una colonna di cifre. Il testo più lungo della larghezza viene lasciato stare. Dai al Label un font MONOSPAZIATO nel tema, altrimenti la colonna continuerà a scivolare."
[b]{text}[/b] aligned right in [b]{width}[/b],[b]{text}[/b] allineato a destra in [b]{width}[/b]
The text to pad out - str() a number first.,Il testo da riempire - passa prima un numero per str().
Center In Width,Centra nella larghezza
"Pads text on BOTH sides to a fixed width, so a heading sits in the middle of a column. An odd leftover space goes on the right. Text longer than the width is left alone. Give the Label a MONOSPACE theme font or the centering will still drift.","Riempie il testo su ENTRAMBI i lati fino a una larghezza fissa, così un titolo sta in mezzo a una colonna. Lo spazio avanzato dispari va a destra. Il testo più lungo della larghezza viene lasciato stare. Dai al Label un font MONOSPAZIATO nel tema, altrimenti la centratura continuerà a scivolare."
[b]{text}[/b] centered in [b]{width}[/b],[b]{text}[/b] centrato in [b]{width}[/b]
The text to center.,Il testo da centrare.
As Title Text,Come testo del titolo
"Turns a machine id into a readable name: ""fire_sword"" reads ""Fire Sword"", ""maxHealth"" reads ""Max Health"". Use it wherever a key has to be shown to a player, so ids and labels never drift apart in two places.","Trasforma un id da macchina in un nome leggibile: ""fire_sword"" si legge ""Fire Sword"", ""maxHealth"" si legge ""Max Health"". Usalo ovunque una chiave debba essere mostrata a un giocatore, così id ed etichette non divergono mai in due posti."
[b]{text}[/b] as title text,[b]{text}[/b] come testo del titolo
"An id or key, e.g. fire_sword or maxHealth.","Un id o una chiave, ad esempio fire_sword o maxHealth."
As Sentence Text,Come testo di frase
"Raises the FIRST letter only and leaves the rest of the text exactly as it is, so ""NPC"" and ""HP"" keep their capitals. Empty text stays empty.","Alza SOLO la prima lettera e lascia il resto del testo esattamente com'è, così ""NPC"" e ""HP"" mantengono le maiuscole. Il testo vuoto resta vuoto."
[b]{text}[/b] as sentence text,[b]{text}[/b] come testo di frase
A sentence that needs its first letter raised.,Una frase la cui prima lettera va messa in maiuscolo.
Translated Text From Pattern,Testo tradotto da un modello
"Looks the whole sentence up in the current language FIRST, then fills its {slots}. The pattern you type here - slots and all - is the translation key, so it is what goes in the catalog. Filling the slots first (Translate around Text From Pattern) produces a string no catalog can contain, and the text then never translates.","PRIMA cerca l'intera frase nella lingua corrente, poi riempie i suoi {slots}. Il modello che scrivi qui - segnaposti compresi - È la chiave di traduzione, quindi è ciò che va nel catalogo. Riempire prima i segnaposti (Traduci attorno a Testo da modello) produce una stringa che nessun catalogo può contenere, e il testo non si traduce mai più."
Translation,Traduzione
translated text from [b]{pattern}[/b],testo tradotto da [b]{pattern}[/b]
Pattern,Modello
"The source sentence, with {name} slots. This exact string, slots and all, is the translation key that goes in the catalog.","La frase sorgente, con segnaposti {name}. Questa stringa esatta, segnaposti compresi, è la chiave di traduzione che va nel catalogo."
Values,Valori
"What fills the slots: {""name"": value, ...} - e.g. {""coins"": coins}.","Cosa riempie i segnaposti: {""name"": value, ...} - ad esempio {""coins"": coins}."
Set Text (translated pattern),Imposta il testo (modello tradotto)
Sets this Label's text from a pattern that is translated FIRST and filled second. The pattern - slots and all - is the translation key. Re-run it under On Language Changed so the label follows a live language switch.,Imposta il testo di questo Label a partire da un modello che viene PRIMA tradotto e poi riempito. Il modello - segnaposti compresi - è la chiave di traduzione. Rieseguilo sotto Al cambio di lingua così l'etichetta segue un cambio di lingua a caldo.
set text to translated [b]{pattern}[/b],imposta il testo al [b]{pattern}[/b] tradotto
Text Is A Number,Il testo è un numero
"True when this text would convert to a number cleanly. Ask it BEFORE converting, so a typo can never arrive as a silent 0 and the sheet bet nothing. Spaces around the number are ignored; empty text is not a number.","Vero quando questo testo si convertirebbe in numero senza problemi. Chiedilo PRIMA di convertire, così un errore di battitura non arriva mai come uno 0 silenzioso e il foglio non punta il nulla. Gli spazi attorno al numero vengono ignorati; il testo vuoto non è un numero."
Compare: Text,Confronta: testo
{text} is a number,{text} è un numero
"Text to test - a typed-in field, a value read back out of a save, a CSV or JSON cell.","Testo da verificare - un campo digitato, un valore riletto da un salvataggio, una cella CSV o JSON."
Text Is A Whole Number,Il testo è un numero intero
"True when this text would convert to a WHOLE number cleanly - a count, a level, a slot index. ""12"" passes and ""12.5"" does not, which is the only difference from Text Is A Number.","Vero quando questo testo si convertirebbe senza problemi in un numero INTERO - un conteggio, un livello, un indice di slot. ""12"" passa e ""12.5"" no, che è l'unica differenza rispetto a Il testo è un numero."
{text} is a whole number,{text} è un numero intero
"Text to test - a count, a level number, a save slot, a seed.","Testo da verificare - un conteggio, un numero di livello, uno slot di salvataggio, un seme."
Contains Any Of,Contiene uno tra
"True when the text contains at least ONE of the listed pieces - a chat filter, a keyword-triggered line, a tag-gated card. Unlike Text Is One Of, which needs the WHOLE text to equal an entry, this looks INSIDE the text. Matching is case-sensitive, and an empty list is never a match.","Vero quando il testo contiene almeno UNO dei pezzi elencati - un filtro di chat, una battuta attivata da parola chiave, una carta sbloccata da un'etichetta. A differenza di Il testo è uno tra, che richiede che TUTTO il testo sia uguale a una voce, questo guarda DENTRO il testo. Le maiuscole contano, e un elenco vuoto non corrisponde mai."
{text} contains any of {options},{text} contiene uno tra {options}
Text to search.,Testo in cui cercare.
Any Of,Uno tra
"List of pieces to look for - written here, or a sheet variable someone can edit without touching this row.","Elenco dei pezzi da cercare - scritto qui, oppure una variabile del foglio che qualcuno può modificare senza toccare questa riga."
Contains All Of,Contiene tutti tra
"True only when the text contains EVERY listed piece - a combo whose rule text names two keywords, a search box where all the words must match. An empty list counts as true, because nothing is missing.","Vero solo quando il testo contiene OGNI pezzo elencato - una combo il cui testo di regola nomina due parole chiave, una casella di ricerca in cui tutte le parole devono corrispondere. Un elenco vuoto conta come vero, perché non manca nulla."
{text} contains all of {options},{text} contiene tutti tra {options}
All Of,Tutti tra
List of pieces that must ALL appear.,Elenco dei pezzi che devono comparire TUTTI.
Contains None Of,Non contiene nessuno tra
"True when the text contains none of the listed pieces - the accept-this-name branch, written as the thing you want to act on instead of an Else. An empty list always passes.","Vero quando il testo non contiene nessuno dei pezzi elencati - il ramo 'accetta questo nome', scritto come la cosa su cui vuoi agire invece che come un Altrimenti. Un elenco vuoto passa sempre."
{text} contains none of {options},{text} non contiene nessuno tra {options}
None Of,Nessuno tra
List of pieces that must NOT appear.,Elenco dei pezzi che NON devono comparire.
Number From Text,Numero da testo
"Reads a number out of text, or hands back the fallback YOU chose - never a surprise zero. Pair it with Text Is A Number when the two cases need different rows. The text is read twice in the emitted line, so keep it a plain read and not something that changes the game.","Legge un numero da un testo, oppure restituisce il valore di riserva che TU hai scelto - mai uno zero a sorpresa. Abbinalo a Il testo è un numero quando i due casi richiedono righe diverse. Il testo viene letto due volte nella riga generata, quindi tienilo su una semplice lettura e non su qualcosa che cambia il gioco."
Variables: String,Variabili: stringa
number from {text} (or {fallback}),numero da {text} (oppure {fallback})
Text to read a number out of.,Testo da cui leggere un numero.
What you get back when the text is not a number.,Cosa ricevi quando il testo non è un numero.
Whole Number From Text,Numero intero da testo
"Reads a whole number out of text, or hands back your fallback. ""12.5"" is not a whole number, so it lands on the fallback rather than quietly becoming 12 - when you want that rounding, use Number From Text and round the result yourself.","Legge un numero intero da un testo, oppure restituisce il tuo valore di riserva. ""12.5"" non è un numero intero, quindi finisce sul valore di riserva invece di diventare 12 in silenzio - se vuoi quell'arrotondamento usa Numero da testo e arrotonda tu il risultato."
whole number from {text} (or {fallback}),numero intero da {text} (oppure {fallback})
Text to read a whole number out of.,Testo da cui leggere un numero intero.
What you get back when the text is not a whole number.,Cosa ricevi quando il testo non è un numero intero.
Is Nothing,Non è niente
"True when there is nothing there: no value at all, empty text, an empty list (including an empty Split Text result), or an empty record - one row whatever the value turns out to be. A 0 is NOT nothing, because a score of zero is a real value, and neither is text made only of spaces (that is Text Is Blank).","Vero quando non c'è niente: nessun valore, testo vuoto, un elenco vuoto (compreso un risultato vuoto di Dividi testo) o un record vuoto - una riga sola qualunque sia il tipo del valore. Uno 0 NON è niente, perché un punteggio di zero è un valore vero, e nemmeno lo è un testo fatto di soli spazi (quello è Il testo è vuoto)."
Compare: Types,Confronta: tipi
{value} is nothing,{value} non è niente
"Anything - text, a list, a record, a reference.","Qualsiasi cosa - testo, un elenco, un record, un riferimento."
Has Something,Ha qualcosa
"True when there IS something there - a name was typed, the inventory has items, the save slot was written, the item slot is filled. The exact opposite of Is Nothing, for the times the filled case is the one you want to act on.","Vero quando c'è davvero qualcosa - è stato digitato un nome, l'inventario ha oggetti, lo slot di salvataggio è stato scritto, la casella oggetto è piena. L'esatto contrario di Non è niente, per le volte in cui è il caso pieno quello su cui vuoi agire."
{value} has something,{value} ha qualcosa
Number Or,Numero oppure
"The value when it really is a number, or your own default when it is missing, null, text, or anything else. A zero counts as a real number and is kept. Use it to put a loaded value straight into a whole-number or decimal variable without a guard row first. The value is read twice in the emitted line, so keep it a plain read and not something that changes the game.","Il valore quando è davvero un numero, oppure il tuo predefinito quando manca, è null, è testo o è qualsiasi altra cosa. Uno zero conta come numero vero e viene mantenuto. Usalo per mettere un valore caricato direttamente in una variabile intera o decimale senza una riga di guardia prima. Il valore viene letto due volte nella riga generata, quindi tienilo su una semplice lettura e non su qualcosa che cambia il gioco."
Variables,Variabili
"{value} as a number, or {fallback}","{value} come numero, oppure {fallback}"
"The untyped value to check - a save slot read, a JSON field, a Dictionary key.","Il valore senza tipo da controllare - una lettura di slot di salvataggio, un campo JSON, una chiave di dizionario."
What you get back when it is not a number.,Cosa ricevi quando non è un numero.
Text Or,Testo oppure
"The value when it really is text with something in it, or your own default when it is missing, null, blank, or another kind of value. The classic use is a saved player name that falls back to ""Player"". The value is read twice in the emitted line, so keep it a plain read and not something that changes the game.","Il valore quando è davvero testo con qualcosa dentro, oppure il tuo predefinito quando manca, è null, è vuoto o è un altro tipo di valore. L'uso classico è un nome giocatore salvato che ripiega su ""Player"". Il valore viene letto due volte nella riga generata, quindi tienilo su una semplice lettura e non su qualcosa che cambia il gioco."
"{value} as text, or {fallback}","{value} come testo, oppure {fallback}"
"What you get back when it is not text, or is blank.","Cosa ricevi quando non è testo, oppure è vuoto."
List Or,Elenco oppure
"The value when it really is a list with items in it, or your own default when it is missing, null, empty, or another kind of value. A Split Text result counts as a list. Safe to feed straight into a For Each. The value is read twice in the emitted line, so keep it a plain read and not something that changes the game.","Il valore quando è davvero un elenco con elementi dentro, oppure il tuo predefinito quando manca, è null, è vuoto o è un altro tipo di valore. Un risultato di Dividi testo conta come elenco. Si può passare direttamente a un Per ogni senza rischi. Il valore viene letto due volte nella riga generata, quindi tienilo su una semplice lettura e non su qualcosa che cambia il gioco."
"{value} as a list, or {fallback}","{value} come elenco, oppure {fallback}"
"The untyped value to check - a loaded inventory, a JSON array, a Split Text result, a Dictionary key.","Il valore senza tipo da controllare - un inventario caricato, un array JSON, un risultato di Dividi testo, una chiave di dizionario."
"What you get back when it is not a list, or is empty.","Cosa ricevi quando non è un elenco, oppure è vuoto."
Record Or,Record oppure
"The value when it really is a record (a dictionary) with keys in it, or your own default when it is missing, null, empty, or another kind of value. Pair it with Get Key so a whole missing settings block reads as defaults. The value is read twice in the emitted line, so keep it a plain read and not something that changes the game.","Il valore quando è davvero un record (un dizionario) con chiavi dentro, oppure il tuo predefinito quando manca, è null, è vuoto o è un altro tipo di valore. Abbinalo a Leggi chiave così un intero blocco di impostazioni mancante si legge come valori predefiniti. Il valore viene letto due volte nella riga generata, quindi tienilo su una semplice lettura e non su qualcosa che cambia il gioco."
"{value} as a record, or {fallback}","{value} come record, oppure {fallback}"
"The untyped value to check - a loaded settings block, a JSON object, a Dictionary key.","Il valore senza tipo da controllare - un blocco di impostazioni caricato, un oggetto JSON, una chiave di dizionario."
"What you get back when it is not a record, or is empty.","Cosa ricevi quando non è un record, oppure è vuoto."
Value Or,Valore oppure
"The value unless it is null, in which case your own default. This one guards nothing else: a zero, a blank text and an empty list all count as real values here. Use it for a method that can hand back null. The value is read twice in the emitted line, so keep it a plain read and not something that changes the game.","Il valore, a meno che non sia null, nel qual caso il tuo predefinito. Questo non fa altre guardie: uno zero, un testo vuoto e un elenco vuoto contano qui tutti come valori veri. Usalo per un metodo che può restituire null. Il valore viene letto due volte nella riga generata, quindi tienilo su una semplice lettura e non su qualcosa che cambia il gioco."
"{value}, or {fallback} when it is nothing","{value}, oppure {fallback} quando non c'è niente"
"Anything that might be null - a method result, a freed reference, a missing key.","Qualsiasi cosa che potrebbe essere null - il risultato di un metodo, un riferimento liberato, una chiave mancante."
What you get back when it is null.,Cosa ricevi quando è null.
Part Of,Parte di
"One named piece of a pair, a triple, a colour or a record: the up/down part of a velocity (the jump-or-fall test), the see-through part of a tint, the forward/back part of a 3D direction. Reads as a sentence instead of a typed-in .y. Pick a part the value actually has - a record that might be missing the field is the shipped Get Key (with default)'s job, because that one takes a fallback and this one does not.","Un pezzo con un nome di una coppia, di una terna, di un colore o di un record: la parte su/giù di una velocità (il test salto o caduta), la parte trasparenza di una tinta, la parte avanti/indietro di una direzione 3D. Si legge come una frase invece che come un .y digitato. Scegli una parte che il valore ha davvero - un record a cui il campo potrebbe mancare è compito di Leggi chiave (con predefinito), perché quella accetta un valore di riserva e questa no."
Variables: Vector,Variabili: vettore
the {part} part of {value},la parte {part} di {value}
"A Vector2, Vector3, Color or record to read one part of.","Un Vector2, Vector3, Color o record di cui leggere una parte."
Part,Parte
Which named part to read.,Quale parte con nome leggere.
X (left / right),X (sinistra / destra)
Y (up / down),Y (su / giù)
Z (forward / back),Z (avanti / indietro)
Red,Rosso
Green,Verde
Blue,Blu
Alpha (see-through),Alfa (trasparenza)
Set Part Of,Imposta la parte di
"Changes one named part and leaves the rest alone: zero the vertical speed on landing and keep the horizontal, flatten a 3D direction to the ground plane, fade only the see-through part of a tint. Writing a part a record does not have yet ADDS it.","Cambia una parte con nome e lascia stare il resto: azzerare la velocità verticale all'atterraggio mantenendo quella orizzontale, appiattire una direzione 3D sul piano del terreno, dissolvere solo la parte trasparenza di una tinta. Scrivere una parte che un record non ha ancora la AGGIUNGE."
set the {part} part of {var_name} to {value},imposta la parte {part} di {var_name} a {value}
Variable or property,Variabile o proprietà
"What to change one part of: a node's own member (velocity, modulate, position) picked from the list, or the name of a sheet variable holding a Vector, Color or record.","Ciò di cui cambiare una parte: un membro proprio del nodo (velocity, modulate, position) scelto dall'elenco, oppure il nome di una variabile del foglio che contiene un vettore, un colore o un record."
Which named part to write.,Quale parte con nome scrivere.
The new value for that one part.,Il nuovo valore per quella singola parte.
