keys,ja
Sheet,シート
Save,保存
Run Scene,シーンを実行
Add Event,イベントを追加
Add Condition,条件を追加
Add Action,アクションを追加
Add Code,コードを追加
Add,追加
Edit,編集
View,表示
Tools,ツール
Simple Mode,シンプルモード
Search,検索
Cancel,キャンセル
Open,開く
Undo,元に戻す
Redo,やり直す
Copy,コピー
Paste,貼り付け
Zoom In,ズームイン
Zoom Out,ズームアウト
Reset Zoom,ズームをリセット
Name,名前
Name:,名前:
Type,型
Text,テキスト
Number,数値
Yes-No,はい/いいえ
Details,詳細
Parameters,パラメーター
Default,デフォルト
Tooltip,ツールチップ
Placeholder,プレースホルダー
Range,範囲
◀ Back,◀ 戻る
★ Recent,★ 最近使用
⭐ Favorites,⭐ お気に入り
✚ Apply & Add Another,✚ 適用してさらに追加
Save the sheet - compile-on-save keeps its generated script fresh (Ctrl+S).,シートを保存します - 保存時コンパイルにより生成スクリプトが常に最新に保たれます (Ctrl+S)。
"Save, then play the scene that uses this sheet's script.",保存してから、このシートのスクリプトを使うシーンを再生します。
Add an event (E).,イベントを追加します (E)。
Add a condition to the selected event (C).,選択したイベントに条件を追加します (C)。
Add an action to the selected event (A).,選択したイベントにアクションを追加します (A)。
"Toggle the generated-GDScript panel - the sheet's honest compiled output, side by side.",生成された GDScript パネルを切り替えます - シートの正直なコンパイル結果を並べて表示します。
Theme for this sheet (Load/Reload and the Theme Editor live in View),このシートのテーマ (読み込み/再読み込みとテーマエディターは「表示」メニューにあります)
"Quick add…  (e.g. every tick, heal 5)","クイック追加…  (例: every tick, heal 5)"
"Create, open, save, and configure this event sheet.",このイベントシートの作成、オープン、保存、設定を行います。
"Panels, multi-view panes, theme, live values, and zoom.",パネル、マルチビューペイン、テーマ、ライブ値、ズーム。
"Debug tools, validation, import, and project workflow.",デバッグツール、検証、インポート、プロジェクトワークフロー。
New…,新規…
Open…,開く…
Save As…,名前を付けて保存…
Sheet Type…,シートタイプ…
Manage Includes…,インクルードの管理…
Custom Actions…,カスタムアクション…
Export GDScript…,GDScript をエクスポート…
Save as Text…,テキストとして保存…
Export Addon…,アドオンをエクスポート…
New Behaviour Addon…,新規ビヘイビアアドオン…
Inspector Designer…,Inspector デザイナー…
Teach a Verb - Share Published Verbs,動詞を教える - 公開済みの動詞を共有
Signal Event…,シグナルイベント…
Global Variable…,グローバル変数…
Local Variable…,ローカル変数…
Function…,関数…
Code (GDScript) on Selected Event,選択中のイベントにコード (GDScript)
Note…,メモ…
Region…,リージョン…
Preload Resource…,リソースをプリロード…
Extract Selection to Include…,選択範囲をインクルードへ抽出…
Find References…,参照を検索…
Generate from Description (AI)…,説明から生成 (AI)…
Simple Mode (beginner-friendly),シンプルモード (初心者向け)
GDScript Panel (toggle),GDScript パネル (切り替え)
Open Sheets Panel,開いているシートパネル
Add-Event Rows,イベント追加行
Split View (toggle),分割ビュー (切り替え)
Detached View (toggle),分離ビュー (切り替え)
Link Views (toggle),ビューをリンク (切り替え)
Load Theme…,テーマを読み込み…
Reload Theme,テーマを再読み込み
Theme Editor…,テーマエディター…
MCP Server (AI tools),MCP サーバー (AI ツール)
Show/hide the generated-GDScript panel beside the sheet.,シートの横に生成された GDScript パネルを表示/非表示にします。
"Show/hide the trailing ""+ Add event…"" rows. Turn off for a cleaner, calmer sheet.",末尾の「+ イベントを追加…」行を表示/非表示にします。オフにするとシートがすっきり落ち着きます。
"Show/hide a second synchronized view of this sheet, side by side.",このシートの2つ目の同期ビューを並べて表示/非表示にします。
Pop the sheet view out into its own window / bring it back.,シートビューを独立したウィンドウに切り離す/元に戻します。
Link/unlink scrolling between the split views.,分割ビュー間のスクロールをリンク/解除します。
Debug Breakpoints (toggle),デバッグブレークポイント (切り替え)
Live Values (toggle),ライブ値 (切り替え)
Event Trace (live highlight),イベントトレース (ライブハイライト)
Bookmarks…,ブックマーク…
Register Autoload,自動読み込みに登録
Publish Preview…,公開プレビュー…
Test Bench,テストベンチ
Find in Project…,プロジェクト内を検索…
Project Doctor…,プロジェクト Doctor…
Check Sheet for Errors,シートのエラーをチェック
Vocabulary Doc,語彙ドキュメント
Sheet Backups…,シートのバックアップ…
Save as Template,テンプレートとして保存
Attach to Selected Node,選択中のノードにアタッチ
Preview Behaviors on Selected Node,選択中のノードでビヘイビアをプレビュー
Lift Report…,リフトレポート…
Welcome…,ようこそ…
Start the Tour…,ツアーを開始…
Keyboard Shortcuts,キーボードショートカット
Rename Everywhere…,すべての場所で名前を変更…
Change Type Everywhere…,すべての場所で型を変更…
Toggle breakpoint emission: debug-compiled sheets pause at rows with breakpoints.,ブレークポイント出力を切り替えます: デバッグコンパイルされたシートはブレークポイントのある行で一時停止します。
Toggle Live Values: running sheets stream their variables here (editable).,ライブ値を切り替えます: 実行中のシートの変数がここにストリーム表示されます (編集可能)。
+ Add action,+ アクションを追加
+ Add condition,+ 条件を追加
+ Add parameter,+ パラメータを追加
+ Add event…,+ イベントを追加…
Every Tick,毎ティック
Always,常に
+  Add your first event,+  最初のイベントを追加
New from template…,テンプレートから新規…
Create an event sheet…,イベントシートを作成…
This event sheet is empty,このイベントシートは空です
No event sheet is open,イベントシートが開かれていません
Empty behavior sheet,空のビヘイビアシート
Empty autoload sheet,空の自動読み込みシート
Double-click anywhere - or press E - to add your first event.,どこかをダブルクリック - または E キー - で最初のイベントを追加します。
Double-click anywhere - or press E - to add an event that drives the Node this attaches to.,どこかをダブルクリック - または E キー - で、アタッチ先のノードを動かすイベントを追加します。
Create one to start building - a menu of ready-made starters opens.,作成して構築を始めましょう - すぐ使えるスターターのメニューが開きます。
"Add the signals and functions every sheet in the project should reach (score, game state, an event bus).",プロジェクト内のすべてのシートから使いたいシグナルや関数 (スコア、ゲーム状態、イベントバス) を追加します。
"Tip: the picker understands plain language. Try typing ""every tick"".",ヒント: ピッカーは普通の言葉を理解します。「every tick」と入力してみてください。
Tip: Tools > Welcome… has a playable showcase and a 2-minute tour.,ヒント: ツール > ようこそ… に遊べるショーケースと2分間ツアーがあります。
Tip: publish a function to the picker and every sheet in the project can call it.,ヒント: 関数をピッカーに公開すると、プロジェクト内のどのシートからも呼び出せます。
%s - Behavior · acts on host: %s,%s - ビヘイビア · ホストに作用: %s
"%s - Autoload · one instance, project-wide",%s - 自動読み込み · プロジェクト全体で1インスタンス
%s - Editor Tool · runs in the editor (File > Run),%s - エディターツール · エディター内で実行 (ファイル > 実行)
%s - Custom Resource · every .tres of it is a data asset,%s - カスタムリソース · その .tres はすべてデータアセットです
Event Sheet · a script for the %s it's attached to,イベントシート · アタッチ先の %s のためのスクリプト
%s - Custom Node · extends %s,%s - カスタムノード · %s を継承
"Click to edit the sheet type (name, icon, host class).",クリックしてシートタイプ (名前、アイコン、ホストクラス) を編集します。
Add Action / Condition,アクション / 条件を追加
"Search actions, conditions, triggers...",アクション、条件、トリガーを検索...
Pin the highlighted entry to Favorites (or right-click any entry).,ハイライト中の項目をお気に入りにピン留めします (任意の項目を右クリックでも可)。
Right-click any entry to pin it here.,任意の項目を右クリックするとここにピン留めできます。
Entries you use appear here.,使用した項目がここに表示されます。
"Select a condition, action, or trigger to create a new event.",条件、アクション、またはトリガーを選択して新しいイベントを作成します。
Select an action to append to the selected event.,選択したイベントに追加するアクションを選択します。
Select a condition or trigger to append to the selected event.,選択したイベントに追加する条件またはトリガーを選択します。
Untitled EventSheet,無題の EventSheet
Unsaved (in-memory),未保存 (メモリ内)
Open Sheets,開いているシート
Filter sheets…,シートをフィルター…
Filter the open sheets by name or path.,開いているシートを名前またはパスでフィルターします。
New Event,新規イベント
New Condition,新規条件
Edit Action,アクションを編集
Edit Condition,条件を編集
Delete Action,アクションを削除
Delete Condition,条件を削除
Delete Function,関数を削除
Replace Action,アクションを置換
Replace Condition,条件を置換
Disable Action,アクションを無効化
Disable Condition,条件を無効化
Invert Condition,条件を反転
Add New Variable,新しい変数を追加
Create Variable,変数を作成
Edit Variable,変数を編集
Add a function…,関数を追加…
Edit Note…,メモを編集…
Edit Events,イベントを編集
Insert Snippet…,スニペットを挿入…
Extract All Actions to Function…,すべてのアクションを関数へ抽出…
Group Under a Heading…,見出しの下にグループ化…
Sort A-Z,A-Z 順に並べ替え
Export Grid to CSV…,表を CSV に書き出し…
Import Grid from CSV…,表を CSV から読み込み…
Export Text for Translation…,翻訳用のテキストを書き出し…
Import Translations…,翻訳を読み込み…
Detach Comment To Row,コメントを行として分離
Convert Scope,スコープを変換
Toggle Constant,定数を切り替え
Whole numbers only,整数のみ
Editable in the Inspector (a designer property),Inspector で編集可能 (デザイナープロパティ)
Constant (can't change at runtime),定数 (実行時に変更不可)
Set on _ready() - for node refs like $Player,_ready() で設定 - $Player のようなノード参照用
"Text - words, names, messages.",テキスト - 単語、名前、メッセージ。
"A number - a count, score, position, speed… Tick ""Whole numbers only"" for integers.",数値 - カウント、スコア、位置、速度など。整数にするには「整数のみ」にチェック。
"A yes/no, on/off switch (true / false).",はい/いいえ、オン/オフのスイッチ (true / false)。
"An x/y pair: a direction, velocity, or position.",x/y のペア: 方向、速度、位置。
An RGBA colour.,RGBA カラー。
An image / sprite resource.,画像 / スプライトのリソース。
Viewing as a sheet,シートとして表示中
Open in Godot Script Editor,Godot スクリプトエディターで開く
Edit the .gd directly in Godot's script editor - your changes reload here when you come back to this tab.,.gd を Godot のスクリプトエディターで直接編集します - このタブに戻ると変更がここに再読み込みされます。
Take the 2-minute tour,2分間ツアーを始める
Editor language,エディターの言語
Simple mode - hide advanced rows & menu items,シンプルモード - 上級者向けの行とメニュー項目を隠す
Open the GDScript panel with every sheet,すべてのシートで GDScript パネルを開く
Coming from another event-sheet tool?,別のイベントシートツールから来ましたか?
Open the migration guide,移行ガイドを開く
Report an Issue…,問題を報告…
Something not working right?,何か不具合がありますか？
Report an issue,問題を報告
Reopen this window any time: Tools → Welcome…,このウィンドウはいつでも再表示できます: ツール → ようこそ…
Translations are plain CSV files - drop one into eventsheet_translations/ and its language appears here.,翻訳はただの CSV ファイルです - eventsheet_translations/ に1つ入れると、その言語がここに表示されます。
The 2-minute tour,2分間ツアー
Read a sheet like a sentence,シートを文章のように読む
Add your first event,最初のイベントを追加する
Give it a condition,条件を与える
Make it DO something,何かをさせる
See the honest GDScript,正直な GDScript を見る
You know the loop,これで流れはマスターです
Skip tour,ツアーをスキップ
Back,戻る
Next,次へ
Finish,完了
✓ Done - nice! Hit Next.,✓ できました - ナイス! 「次へ」を押してください。
Hit Finish and go make something.,「完了」を押して、何か作りに行きましょう。
"A coloured section label drawn above this property in the Inspector.
End with a #rrggbb to tint it. Editor decor only - plain comment in the code.","Inspector でこのプロパティの上に描画される色付きセクションラベルです。
末尾に #rrggbb を付けると色が変わります。エディター上の装飾のみ - コード内では普通のコメントです。"
"A quiet info panel drawn above this property in the Inspector.
Editor decor only - plain comment in the code.","Inspector でこのプロパティの上に描画される控えめな情報パネルです。
エディター上の装飾のみ - コード内では普通のコメントです。"
"A shape over 0-1 (easing, falloff, ramps).",0-1 の範囲の形状 (イージング、減衰、ランプ)。
A whole number (no decimals) - stored as an int. Unticked stores a float.,整数 (小数なし) - int として保存されます。チェックを外すと float で保存されます。
Access,アクセス
Advanced types,高度な型
Anatomy,アナトミー
Any type - untyped (advanced; prefer a specific type when you can).,任意の型 - 型なし (上級者向け。できれば特定の型を推奨)。
Clamp to range,範囲にクランプ
Collapse the panel to a strip,パネルをストリップに折りたたむ
Default field,デフォルトフィールド
Description,説明
Where,場所
Match,一致
Enabled,有効
Object properties…,オブジェクトのプロパティ…
Dropped Node Preview,ドロップしたノードのプレビュー
Easing curve (float: exponential ease handle),イージングカーブ (float: 指数イーズハンドル)
Edit an Array/Dictionary's items one per line instead of typing a literal.,Array/Dictionary の項目をリテラル入力ではなく1行に1つずつ編集します。
Edit items…,項目を編集…
"Event-sheet-style quick add: type an event/condition/action (event-sheet phrasing works) plus optional parameter values, press Enter.",イベントシート流のクイック追加: イベント/条件/アクション (イベントシートの言い回しが使えます) と任意のパラメーター値を入力して Enter を押します。
Every sheet function at a glance (✦ = published as an ACE). Click to expand or collapse.,シートの全関数を一覧表示します (✦ = ACE として公開済み)。クリックで展開/折りたたみ。
Field button,フィールドボタン
Flags,フラグ
From enum,列挙型から
Group under heading,見出しの下にグループ化
"How this variable's field LOOKS in the Inspector - pickers, flags, layer grids... Plain fields need no choice here.",この変数のフィールドが Inspector でどう見えるか - ピッカー、フラグ、レイヤーグリッドなど。通常のフィールドではここでの選択は不要です。
Info note,情報メモ
"Inspector grouping, conditional show/lock, an on-changed callback, clamp, read-only - for variables that reference other variables or functions.",Inspector でのグループ化、条件付き表示/ロック、変更時コールバック、クランプ、読み取り専用 - 他の変数や関数を参照する変数向けです。
Inspector look,Inspector での見た目
Inspector preview,Inspector プレビュー
Inspector section header (e.g. Combat),Inspector のセクションヘッダー (例: Combat)
Lock unless,ロック解除条件
"Make this sheet's published verbs (its exposed ƒ functions) available in EVERY sheet's picker, node-targeted at $<ClassName>. Extract actions to a function first (right-click an event), then teach it here.",このシートの公開済みの動詞 (公開された ƒ 関数) を、すべてのシートのピッカーで $<ClassName> をターゲットにして使えるようにします。まずアクションを関数へ抽出し (イベントを右クリック)、それからここで教えます。
Match Editor (default),Match エディター (デフォルト)
Multiline (String: big text box),複数行 (String: 大きなテキストボックス)
"No alpha (Color: solid RGB, no transparency)",アルファなし (Color: 不透明 RGB、透明度なし)
No lower limit,下限なし
No upper limit,上限なし
On changed,変更時
On ready,準備完了時 (@onready)
"On: a designer can tweak this per-instance in the Inspector (@export var).
Off: internal script state - a plain private var (the default for a new variable).","オン: デザイナーが Inspector でインスタンスごとに調整できます (@export var)。
オフ: スクリプト内部の状態 - 通常のプライベート変数です (新規変数のデフォルト)。"
"On: compiles to @onready var - the Default is a GDScript EXPRESSION evaluated when the node enters the tree (e.g. $Player, get_node(""UI/Score"")), not a literal.
Use it to grab a node reference once the scene is ready.","オン: @onready var にコンパイルされます - デフォルト値は、ノードがツリーに入ったときに評価される GDScript の式です (例: $Player、get_node(""UI/Score""))。リテラルではありません。
シーンの準備ができた時点でノード参照を取得するのに使います。"
"One column per entry: name:type (String, int, float, bool, color for a swatch, or enum(a|b|c) for a dropdown).
Each Array element becomes a row with these cells.","1項目につき1列: name:type (String、int、float、bool、スウォッチ用の color、ドロップダウン用の enum(a|b|c))。
Array の各要素がこれらのセルを持つ行になります。"
Optional Inspector polish for exported globals - everything compiles to plain Godot annotations.,エクスポートされたグローバル向けの任意の Inspector 装飾です - すべて通常の Godot アノテーションにコンパイルされます。
Options (combo),選択肢 (コンボ)
Pick the Inspector look from picture tiles instead of the list.,Inspector での見た目をリストではなく画像タイルから選びます。
Read-only,読み取り専用
"Renders a small button with this field that calls the named sheet function.
Needs a @tool sheet to act in-editor. Label optional (defaults to the function name).","このフィールドに、指定したシート関数を呼び出す小さなボタンを表示します。
エディター内で動作させるには @tool シートが必要です。ラベルは省略可能 (デフォルトは関数名)。"
Required (warn in the Inspector while unset),必須 (未設定の間は Inspector で警告)
Save Studio…,Studio を保存…
"Scaffold a ready-to-edit behaviour script in res://eventsheet_addons/ - its signals become triggers, methods become actions/conditions, and @export vars become properties, all auto-discovered as custom ACEs.",res://eventsheet_addons/ にすぐ編集できるビヘイビアスクリプトの雛形を作成します - シグナルはトリガーに、メソッドはアクション/条件に、@export 変数はプロパティになり、すべてカスタム ACE として自動検出されます。
Section header,セクションヘッダー
"See the WHOLE sheet's Inspector as one live view - every exported variable with its decor, grouping, and widget, exactly as Godot will show it.",シート全体の Inspector を1つのライブビューとして表示します - 装飾、グループ化、ウィジェット付きのすべてのエクスポート変数を、Godot での表示そのままに確認できます。
Show as,表示形式
Show if,表示条件
Shown after the number in the Inspector (suffix:px).,Inspector で数値の後ろに表示されます (suffix:px)。
"Shows a red warning above the field until a value is assigned
(a Resource left empty, a String left blank). Editor-only.","値が割り当てられるまでフィールドの上に赤い警告を表示します
(空のままの Resource、空欄の String)。エディター専用です。"
Slider extras,スライダー追加設定
"Start editing this sheet here. From then on, Save (Ctrl+S) updates the file - or use Save As… to keep the original and save a copy.",このシートの編集をここで始めます。以後、保存 (Ctrl+S) でファイルが更新されます - 元を残してコピーを保存するには「名前を付けて保存…」を使ってください。
Sub-heading,サブ見出し
"Swap the Inspector field for a richer drawer (dial, swatches, curve…).
Graceful: a plain field without the editor plugin (parity preserved).","Inspector のフィールドをよりリッチなドロワー (ダイヤル、スウォッチ、カーブなど) に置き換えます。
エディタープラグインがない環境では通常のフィールドになります (互換性は維持)。"
Table columns,テーブル列
"The Inspector calls this function while the property is edited and shows
the returned message above the field. Needs a @tool sheet to run in-editor.","プロパティの編集中に Inspector がこの関数を呼び出し、
返されたメッセージをフィールドの上に表示します。エディター内で実行するには @tool シートが必要です。"
The slider stops at max but typing a bigger number is allowed (or_greater).,スライダーは max で止まりますが、より大きい数値の入力は許可されます (or_greater)。
"The variable's type. For a node reference, type the node's class (Sprite2D, Label, Area2D…) or leave Variant.",変数の型です。ノード参照の場合はノードのクラス名 (Sprite2D、Label、Area2D など) を入力するか、Variant のままにします。
"Turn the MCP server (AI-assistant tools) on/off. When off, connected AI clients see no tools and can't read or change your sheets. Takes effect live - no reconnect needed.",MCP サーバー (AI アシスタントツール) をオン/オフします。オフの間、接続中の AI クライアントにはツールが見えず、シートの読み取りや変更はできません。即座に反映されます - 再接続は不要です。
Typing below min is allowed (or_less).,min より小さい値の入力が許可されます (or_less)。
Validate with,検証関数
"Write this sheet's plain, standalone GDScript to a file you own. No plugin dependency - proof you can leave the addon anytime.",このシートの通常のスタンドアロンな GDScript を自分のファイルに書き出します。プラグイン依存なし - いつでもアドオンから離れられる証明です。
accent label above (e.g. Combat #e06666),上に表示するアクセントラベル (例: Combat #e06666)
bool variable (hidden when false),bool 変数 (false のとき非表示)
bool variable (read-only when false),bool 変数 (false のとき読み取り専用)
"columns, e.g. item:String, count:int, rare:bool","列 (例: item:String, count:int, rare:bool)"
"comma-separated, e.g. easy, normal, hard (String only)","カンマ区切り (例: easy, normal, hard) (String のみ)"
"function and button label, e.g. reroll_stats Reroll",関数とボタンラベル (例: reroll_stats Reroll)
grey hint shown when the field is empty,フィールドが空のときに表示されるグレーのヒント
"min, max, step (numeric: slider)","min, max, step (数値: スライダー)"
nested section under the group (e.g. Melee),グループ下のネストされたセクション (例: Melee)
note panel above (e.g. Shared resource - edits affect every user.),上に表示するメモパネル (例: 共有リソース - 編集は全ユーザーに影響します。)
sheet function called after assignment,代入後に呼ばれるシート関数
sheet function returning a warning String (empty = valid),警告の String を返すシート関数 (空 = 有効)
"type - e.g. Node2D, Label, Sprite2D (or Variant for any)",型 - 例: Node2D、Label、Sprite2D (任意なら Variant)
"unit, e.g. px",単位 (例: px)
what this variable is for - shown as its description in the Inspector,この変数の用途 - Inspector で説明として表示されます
"▸  Advanced (grouping, conditions, clamp…)",▸  高度な設定 (グループ化、条件、クランプ…)
"▸  More options (range, drawer, grouping…)",▸  その他のオプション (範囲、ドロワー、グループ化…)
Create Code Region,コードリージョンを作成
Create Code Region…,コードリージョンを作成…
Doc comment,ドキュメントコメント
Documentation shown above the function (## …). BBCode like [b]bold[/b] is allowed.,関数の上に表示されるドキュメントです (## …)。[b]太字[/b] などの BBCode が使えます。
Getter body,ゲッター本体
Setter body,セッター本体
Setter parameter,セッターのパラメーター
The name of the setter's incoming-value parameter (defaults to `value`).,セッターの受け取り値パラメーターの名前です (デフォルトは `value`)。
The statements that run when this variable is assigned (`set(value):`). Use `value` for the incoming value. Leave blank for no setter.,この変数に代入されたときに実行される文です (`set(value):`)。受け取った値には `value` を使います。空欄でセッターなし。
"The statements that run when this variable is read (`get:`), ending in `return …`. Leave blank for no getter.",この変数が読み取られたときに実行される文で (`get:`)、`return …` で終わります。空欄でゲッターなし。
"getter body, e.g.  return _health",ゲッター本体 (例:  return _health)
"setter body, e.g.  health = clampi(value, 0, max_health)","セッター本体 (例:  health = clampi(value, 0, max_health))"
A faint tint over the actions (right) lane.,アクション (右) レーンにかかるかすかな色合い。
A faint tint over the conditions (left) lane.,条件 (左) レーンにかかるかすかな色合い。
"Accent (groups, selection)",アクセント (グループ、選択)
Action Lane Color,アクションレーンの色
Action Lane Padding,アクションレーンのパディング
Action cells,アクションセル
Alternate group header background (zebra).,グループヘッダーの交互背景 (ゼブラ)。
Apply To Current Sheet,現在のシートに適用
Background of a group header row.,グループヘッダー行の背景。
Background of the Conditions / Actions column header bar.,条件 / アクション列ヘッダーバーの背景。
Badge Background Color,バッジの背景色
Badge Extra Width,バッジの追加幅
Badge Foreground Color,バッジの前景色
Base (background tone),ベース (背景トーン)
Behavior Accent Color,ビヘイビアのアクセント色
Border of the condition/action chip.,条件/アクションチップの枠線。
Cell Corner Radius,セルの角の半径
Cell Hover Color,セルのホバー色
Chip Background Color,チップの背景色
Chip Border Color,チップの枠線色
Chip Hover Color,チップのホバー色
Chip fill when hovered.,ホバー時のチップの塗り。
Close,閉じる
Column Header Actions Color,列ヘッダーのアクション色
Column Header Background Color,列ヘッダーの背景色
Column Header Conditions Color,列ヘッダーの条件色
Comment Row Background Color,コメント行の背景色
Comment Text Color,コメントのテキスト色
Condition Badge Column Width,条件バッジ列の幅
Condition Lane Color,条件レーンの色
Condition Lane Padding,条件レーンのパディング
Condition Lane Ratio,条件レーンの比率
Condition cells,条件セル
Corner Radius,角の半径
Corner roundness of group rows (0 = square bar).,グループ行の角の丸み (0 = 四角いバー)。
Corner roundness of individual condition/action cells.,個々の条件/アクションセルの角の丸み。
Corner roundness of region marker bubbles.,リージョンマーカーバブルの角の丸み。
"Corner roundness of the chip, in pixels.",チップの角の丸み (ピクセル単位)。
"Corner roundness of the event block, in pixels (0 = square).",イベントブロックの角の丸み (ピクセル単位、0 = 四角)。
"Editor (hover, selection, lanes)",エディター (ホバー、選択、レーン)
Event Corner Radius,イベントの角の半径
"Extra width reserved for the role badge on the chip, in pixels.",チップ上のロールバッジ用に確保する追加幅 (ピクセル単位)。
Fill of the condition/action chip.,条件/アクションチップの塗り。
Fill of the count badge on a group.,グループのカウントバッジの塗り。
Fill of the role badge on the chip.,チップのロールバッジの塗り。
"Fill of the trigger arrow badge (On Ready, On Signal...).",トリガー矢印バッジの塗り (On Ready、On Signal など)。
Font Size Delta,フォントサイズの差分
Gap After,後ろの間隔
Generate Theme,テーマを生成
Group Accent Color,グループのアクセント色
Group Background Alt Color,グループ背景の交互色
Group Background Color,グループの背景色
Group Badge Background Color,グループバッジの背景色
Group Badge Foreground Color,グループバッジの前景色
Group Corner Radius,グループの角の半径
Group Fold Background Color,グループ折りたたみの背景色
Group Title Color,グループタイトルの色
"Height of a single event row, in pixels - raise it for more breathing room.",イベント行1行の高さ (ピクセル単位) - 上げると余白が増えます。
Horizontal Padding,水平パディング
Hover Fill Color,ホバー塗り色
How much of the row width the conditions lane takes (0.2 - 0.8).,行幅のうち条件レーンが占める割合 (0.2 - 0.8)。
Icon/text colour on the trigger badge.,トリガーバッジ上のアイコン/テキストの色。
"Inner padding on the actions lane, in pixels.",アクションレーンの内側パディング (ピクセル単位)。
"Inner padding on the conditions lane, in pixels.",条件レーンの内側パディング (ピクセル単位)。
Invert Marker Color,反転マーカーの色
Lane Divider Color,レーン区切り線の色
Lane Divider Width,レーン区切り線の幅
Language Block Accent Color,言語ブロックのアクセント色
Line thickness of region marker borders.,リージョンマーカー枠線の太さ。
Minimum Conditions Lane Width,条件レーンの最小幅
Minimum Row Height,行の最小高さ
Object Label Color,オブジェクトラベルの色
"Parameter values (numbers, strings) highlighted inside ACE text.",ACE テキスト内でハイライトされるパラメーター値 (数値、文字列)。
"Pick a base + accent, then Generate. Fine-tune individual tokens below.",ベースとアクセントを選んで「生成」を押します。下で個々のトークンを微調整できます。
Quick Style - recolour everything at once,クイックスタイル - 全体を一括で再配色
Rebuild every colour token from the three colours above.,上の3色からすべてのカラートークンを再構築します。
Region Corner Radius,リージョンの角の半径
Region Line Width,リージョンの線の幅
Reset To Default,デフォルトにリセット
Restore the bundled default look.,同梱のデフォルトの見た目に戻します。
Row Background Alt Color,行背景の交互色
Row Background Color,行の背景色
Row Border Color,行の枠線色
Save As Preset…,プリセットとして保存…
Selection Fill Color,選択の塗り色
Sheet & rows (event style),シートと行 (イベントスタイル)
Sheet Background Color,シートの背景色
"Space between this chip and the next one, in pixels.",このチップと次のチップの間隔 (ピクセル単位)。
"Space inside the chip, above and below its text, in pixels.",チップ内のテキスト上下の余白 (ピクセル単位)。
"Space inside the chip, left and right of its text, in pixels.",チップ内のテキスト左右の余白 (ピクセル単位)。
Text Color,テキスト色
Text colour of the role badge.,ロールバッジのテキスト色。
Text colour on the group count badge.,グループカウントバッジのテキスト色。
"Text size adjustment for this chip kind, relative to the sheet font (+/- points).",このチップ種別のテキストサイズ調整。シートフォントに対する相対値 (+/- ポイント)。
The 'Actions' header label colour.,「アクション」ヘッダーラベルの色。
The 'Conditions' header label colour.,「条件」ヘッダーラベルの色。
The background of a normal event row.,通常のイベント行の背景。
The background of every OTHER row (the zebra stripe).,1行おきの行の背景 (ゼブラストライプ)。
The banner colour behind a full-width comment.,全幅コメントの背後のバナー色。
"The colour behind the whole sheet, outside the rows.",行の外側、シート全体の背後の色。
The conditions lane never shrinks below this many pixels.,条件レーンはこのピクセル数より狭くなりません。
The group title text colour.,グループタイトルのテキスト色。
The group's left accent stripe and hairlines.,グループの左アクセントストライプとヘアライン。
The highlight over a selected row.,選択された行のハイライト。
"The object/origin label before each condition/action (System, node class).",各条件/アクションの前のオブジェクト/由来ラベル (System、ノードクラス)。
The red X shown on an inverted (negated) condition.,反転 (否定) された条件に表示される赤い X。
"The soft-purple 'this is a behavior' accent (banner, region default).",「これはビヘイビア」を示すソフトパープルのアクセント (バナー、リージョンのデフォルト)。
"The stripe + wash on language blocks (a data class, a host binding, a switch case) so they read as code structure, not regular events.",言語ブロック (データクラス、ホストバインディング、switch の case) のストライプと背景色。通常のイベントではなくコード構造として読めるようにします。
The text colour of comments.,コメントのテキスト色。
The text colour of the chip.,チップのテキスト色。
The thin line between rows.,行と行の間の細い線。
The tint over the row under the mouse.,マウス下の行にかかる色合い。
The vertical line splitting conditions from actions.,条件とアクションを分ける縦線。
Theme Editor,テーマエディター
Thickness of the conditions/actions divider line.,条件/アクション区切り線の太さ。
Tint over a single condition/action cell under the mouse.,マウス下の単一の条件/アクションセルにかかる色合い。
Trigger Badge Background Color,トリガーバッジの背景色
Trigger Badge Foreground Color,トリガーバッジの前景色
Value Highlight Color,値ハイライトの色
Vertical Padding,垂直パディング
Width reserved for the trigger/condition badge column.,トリガー/条件バッジ列用に確保する幅。
Add Comment Sub-Event,コメントサブイベントを追加
Add GDScript Action,GDScript アクションを追加
Add Match To Actions…,アクションに Match を追加…
Add Pick Filter (For Each)…,ピックフィルターを追加 (For Each)…
Add Sub-Condition,サブ条件を追加
Attach To Event Above,上のイベントにアタッチ
Close Group,グループを閉じる
Comment,コメント
Copy as Text,テキストとしてコピー
Cut,切り取り
Delete,削除
Disable / Enable Selection,選択範囲を無効化 / 有効化
Disable Row,行を無効化
Duplicate,複製
Duplicate Selection,選択範囲を複製
Edit Comment…,コメントを編集…
Edit Description…,説明を編集…
Enable Row,行を有効化
Enum,列挙型
Event Above,上にイベント
Event Below,下にイベント
Find Usages (project),使用箇所を検索 (プロジェクト)
Group,グループ
Group Color…,グループの色…
Group Selection into New Group,選択範囲を新しいグループにまとめる
Insert,挿入
More,その他
Open / Close Group,グループを開く / 閉じる
Open Group,グループを開く
Open in Split,分割ビューで開く
Runtime Toggleable,実行時に切り替え可能
Save Selection as Snippet…,選択範囲をスニペットとして保存…
Scope Actions To Node…,アクションをノードにスコープ…
Set Breakpoint Condition…,ブレークポイント条件を設定…
Signal Handler,シグナルハンドラー
Variable,変数
Else,それ以外
Else If,それ以外なら
"A list of numbers (Array[float]) - weights, timings, chances.",数値のリスト (Array[float]) - 重み、タイミング、確率。
"A list of text entries (Array[String]) - names, lines, tags.",テキスト項目のリスト (Array[String]) - 名前、セリフ、タグ。
"A list of whole numbers (Array[int]) - scores, ids, tile indexes.",整数のリスト (Array[int]) - スコア、id、タイルインデックス。
A list that can hold anything (mixed types allowed).,何でも入れられるリスト (型の混在が可能)。
Action Object Column Width,アクションのオブジェクト列の幅
Condition Object Column Width,条件のオブジェクト列の幅
Designer Template,デザイナーテンプレート
Fixed width of the object-name column in the actions lane (0 = text flows after each name). Also set by dragging the name/text gap in a row.,アクションレーンのオブジェクト名列の固定幅です (0 = 各名前の後にテキストが続く)。行内の名前/テキストの間をドラッグしても設定できます。
Fixed width of the object-name column in the conditions lane (0 = text flows after each name). Also set by dragging the name/text gap in a row.,条件レーンのオブジェクト名列の固定幅です (0 = 各名前の後にテキストが続く)。行内の名前/テキストの間をドラッグしても設定できます。
Group Row Height,グループ行の高さ
"Height of a group header bar, in pixels - double an event row by default; lower it for the classic slim bar.",グループヘッダーバーの高さ (ピクセル) です - デフォルトはイベント行の 2 倍。クラシックなスリムバーにしたい場合は低くしてください。
Language,言語
"Make your own data asset in three questions: name one entry, list its columns, done - a Resource whose Inspector is a fill-in table, saved as .tres files designers edit.",3 つの質問で自分のデータアセットを作ります: エントリーの名前を決め、列を並べたら完成 - Inspector が記入式の表になる Resource で、デザイナーが編集する .tres ファイルとして保存されます。
Named anything (by text key) - a flexible data bag.,名前付きの何でも (テキストキーで参照) - 柔軟なデータ入れ。
"Named numbers (by text key) - e.g. volumes[""music""] = 0.8.","名前付きの数値 (テキストキーで参照) - 例: volumes[""music""] = 0.8。"
Named slots holding anything: look values up by a key.,何でも入る名前付きスロット: キーで値を引きます。
"Named text (by text key) - e.g. lines[""greeting""].","名前付きのテキスト (テキストキーで参照) - 例: lines[""greeting""]。"
"Named whole numbers (by text key) - e.g. costs[""sword""] = 10.","名前付きの整数 (テキストキーで参照) - 例: costs[""sword""] = 10。"
New Custom Resource…,新規カスタムリソース…
New Editor Tool…,新規エディターツール…
Object Icons,オブジェクトアイコン
"Start an editor-side tool sheet: its events run INSIDE the editor (script editor > File > Run), never in the game - batch renames, scene checks, one-click chores.",エディター側のツールシートを開始します: そのイベントはゲーム内ではなくエディターの中で実行されます (スクリプトエディター > File > Run) - 一括リネーム、シーンチェック、ワンクリックの雑務に。
Switch the EventSheets editor language. Drop a translation CSV into addons/eventsheet/translations/ and it appears here automatically.,EventSheets エディターの言語を切り替えます。翻訳 CSV を addons/eventsheet/translations/ に入れると自動的にここに表示されます。
"Makes your own data asset: a Resource with a table designers fill in the Inspector and save as .tres files - loot tables, dialogue lines, wave plans, anything that is rows of data. No annotations to learn; describe the rows and the sheet is generated.",自分のデータアセットを作ります: デザイナーが Inspector で表を埋めて .tres ファイルとして保存する Resource です - ルートテーブル、セリフ、ウェーブ計画など、行データなら何でも。覚えるアノテーションはありません。行を記述すればシートが生成されます。
What are you making?,何を作りますか?
One entry is a…,1 つのエントリーは…
Resource name,リソース名
What does an entry have?,エントリーには何がありますか?
"One column per line. Plain words make a text column; add "": float"", "": int"", or "": bool"" for numbers and toggles; list choices with | for a dropdown.
name
kind: coin|gem|key
weight: float","1 行に 1 列。普通の単語はテキスト列になり、数値やトグルには "": float""、"": int""、"": bool"" を付けます。選択肢を | で並べるとドロップダウンになります。
name
kind: coin|gem|key
weight: float"
Before it works,動作させる前に
Warn in the Inspector until the table has rows (required),表に行が入るまで Inspector で警告する (必須)
"Add a validation check (a function warning about bad data, live)",検証チェックを追加 (不正なデータをライブで警告する関数)
Creates a ready-to-edit validate function: it runs while the table is edited in the Inspector and shows any warning it returns above the field. Add your own rules as condition rows.,すぐ編集できる validate 関数を作成します: Inspector で表を編集している間に実行され、返した警告をフィールドの上に表示します。自分のルールは条件行として追加してください。
Inspector button,Inspector ボタン
"Show this function as a one-click button in the Inspector, labelled with this text. Pressing the button runs the function's rows - great for editor chores like re-baking, refilling, or validating.",この関数を Inspector にワンクリックボタンとして表示し、このテキストをラベルにします。ボタンを押すと関数の行が実行されます - 再ベイク、再充填、検証などエディターの雑務に最適です。
Plain GDScript - anything valid in an expression works here. Ctrl+Space completes sheet variables/functions and host members. Alt+Enter grows the box for a long expression (and shrinks it back).,素の GDScript - 式として有効なものは何でもここで使えます。Ctrl+Space でシートの変数/関数とホストのメンバーを補完。Alt+Enter で長い式のためにボックスが広がります (元に戻すこともできます)。
"Find Expressions - open the expressions dictionary (floating: double-click inserts, stays open until you close it)",式を探す - 式の辞書を開きます (フローティング: ダブルクリックで挿入、閉じるまで開いたまま)
Expressions dictionary,式の辞書
Double-click to insert at the cursor - the dictionary stays open so results chain. You can also just type in the field: the same expressions autocomplete as you go.,ダブルクリックでカーソル位置に挿入します - 辞書は開いたままなので結果をつなげられます。フィールドに直接入力しても OK: 同じ式が入力に合わせて自動補完されます。
Loop index (optional),ループインデックス (任意)
"Name a counter that runs 0, 1, 2... each pass. Read it with the Loop Index expression; give nested loops distinct names and read an outer one with Loop Index Of.","各パスで 0, 1, 2... と進むカウンターに名前を付けます。Loop Index 式で読み取り、ネストしたループには別々の名前を付けて、外側のループは Loop Index Of で読み取ります。"
Write one value per line (multi-line enum),1 行に 1 値ずつ書く (複数行の列挙型)
"Off: enum State { IDLE, RUN }. On: each value on its own tab-indented line - the usual shape for long enums with explicit numbers.","オフ: enum State { IDLE, RUN }。オン: 各値がタブでインデントされた 1 行ずつになります - 明示的な数値を持つ長い列挙型の定番の形です。"
Addon Pack,アドオンパック
Make your own data asset,自分のデータアセットを作る
"Sheets aren't only for gameplay: Sheet > New Custom Resource… asks three plain questions (what one entry is called, what columns it has, whether it's required) and builds a data asset whose Inspector is a fill-in table - loot tables, dialogue lines, wave plans. Designers fill rows and save .tres variants; your sheets load them. And Sheet > New Editor Tool… makes one-click editor chores the same way.",シートはゲームプレイ専用ではありません: Sheet > New Custom Resource… は 3 つの簡単な質問 (エントリーを何と呼ぶか、どんな列があるか、必須かどうか) をして、Inspector が記入式の表になるデータアセットを作ります - ルートテーブル、セリフ、ウェーブ計画。デザイナーが行を埋めて .tres のバリエーションを保存し、シートがそれを読み込みます。Sheet > New Editor Tool… も同じやり方でワンクリックのエディター雑務を作れます。
Peek at Sheet > New Custom Resource… (Esc closes it without creating anything).,Sheet > New Custom Resource… をのぞいてみましょう (Esc で何も作らずに閉じられます)。
Connect Signal to Event Sheet,シグナルをイベントシートに接続
Connect,接続
%s - pick a signal,%s - シグナルを選択
An On <Signal> event is added to the node's sheet; its actions run when the signal fires.,On <Signal> イベントがノードのシートに追加され、シグナル発火時にアクションが実行されます。
Filter signals...,シグナルを絞り込み...
Connected %s - add actions to the new event.,%s を接続しました - 新しいイベントにアクションを追加してください。
Open the EventSheet workspace to connect signals.,シグナルを接続するには EventSheet ワークスペースを開いてください。
Bold (Ctrl+B),太字 (Ctrl+B)
Italic (Ctrl+I),斜体 (Ctrl+I)
Underline (Ctrl+U),下線 (Ctrl+U)
Strikethrough (Ctrl+Shift+S),取り消し線 (Ctrl+Shift+S)
Wrap the selection in [color=...] (edit the hex after),選択範囲を [color=...] で囲みます（後で色を編集）
Loaded: (unsaved EventSheet),読み込み: (未保存の EventSheet)
Event Numbers,イベント番号
Aligned Object Columns,オブジェクト列を揃える
Outline…,アウトライン…
Outline,アウトライン
Bookmarks,ブックマーク
◂ Previous,◂ 前へ
Next ▸,次へ ▸
Clear All,すべて解除
Current sheet,現在のシート
Filter,フィルター
Edit Values Across Selection…,選択範囲の値を一括編集…
Select All Events Using This,これを使う全イベントを選択
Replace object…,オブジェクトを置換…
Paste Special…,形式を選択して貼り付け…
Replace Object References,オブジェクト参照を置換
Find all references,すべての参照を検索
Retarget the selection,選択範囲の参照先を変更
Replace,置換
From,変更前
To,変更後
Add Field…,フィールドを追加…
Remove Field,フィールドを削除
Add Field,フィールドを追加
New field on this data class,このデータクラスの新しいフィールド
all,全て
Action,アクション
Condition,条件
Expression,式
Trigger,トリガー
Signal,シグナル
gives back %s,%s を返す
emits %s,%s を発信
waits,待機
static,静的
internal,内部
★ featured,★ おすすめ
text,テキスト
number,数値
true/false,true/false
point,座標
color,色
any,任意
Edit Parameter,パラメータを編集
Add Parameter,パラメータを追加
Apply,適用
Delete this parameter,このパラメータを削除
e.g. amount,例: amount
leave empty to make it required,空欄にすると必須になります
what this input is for,この入力の用途
A parameter needs a name.,パラメータには名前が必要です。
Updated the parameter.,パラメータを更新しました。
Removed the parameter.,パラメータを削除しました。
e.g. Re-bake  (empty = no button),例: 再ベイク（空欄 = ボタンなし）
"What this verb is called. Write it in plain words - ""Take Damage"" becomes take_damage in the generated GDScript. Other rows call the verb by this name.",この動詞の名前です。「Take Damage」のように普通の言葉で書くと、生成される GDScript では take_damage になります。他の行はこの名前で動詞を呼び出します。
Godot's own documentation for this verb. It is written above the function as ## lines and shows up in the editor's built-in help and when hovering the verb elsewhere. Optional.,この動詞に対する Godot 標準のドキュメントです。関数の上に ## 行として書かれ、エディタの組み込みヘルプや動詞にカーソルを合わせたときに表示されます。省略可能です。
"Puts a clickable button on this node's Inspector panel, labelled with whatever you type here. Pressing it runs this verb right there in the editor - handy for chores like re-baking a level or filling in test data. Leave it empty (the usual case) and no button appears.",このノードの Inspector パネルに、ここで入力した文字をラベルにしたボタンを追加します。押すとこの動詞がエディタ内でそのまま実行されます - レベルの再ベイクやテストデータの投入といった作業に便利です。空欄のまま（通常はこちら）ならボタンは表示されません。
"One line saying what this verb does. It shows beside the verb in the picker, so it is what somebody reads when deciding whether this is the verb they want.",この動詞が何をするかを 1 行で書きます。ピッカーで動詞の横に表示されるので、目当ての動詞かどうかを判断する人が読む文になります。
"The friendly name shown in the picker instead of the function name - ""Deal Damage"" reads better than deal_damage. Leave it empty to let it default from the verb name.","ピッカーで関数名の代わりに表示される分かりやすい名前です - ""Deal Damage"" のほうが deal_damage より読みやすいでしょう。空欄にすると動詞名から自動で決まります。"
"Which section of the picker files this verb. Verbs sharing a category are grouped together, so a pack usually puts all of its verbs under one - its own name works well.",この動詞をピッカーのどのセクションに分類するかです。同じカテゴリの動詞はまとまって表示されるため、パックは通常すべての動詞を 1 つにまとめます - パック自身の名前が適しています。
"What kind of value this input accepts - a number (int / float), text (String), a true/false (bool), a position (Vector2 / Vector3), or Variant for anything at all.",この入力が受け取れる値の種類です - 数値 (int / float)、テキスト (String)、true/false (bool)、座標 (Vector2 / Vector3)、または何でも受け取れる Variant です。
"An optional starting value, so whoever uses the verb can skip this input. Written as GDScript (10, 1.5, ""idle"", true). GDScript requires inputs WITH a default to come last, so filling this in may move the parameter down.","省略可能な初期値です。これがあると動詞を使う側はこの入力を省けます。GDScript として書きます (10, 1.5, ""idle"", true)。GDScript では既定値のある入力を最後に置く必要があるため、ここを埋めるとパラメータが下に移動することがあります。"
"One line explaining this input. It shows in the picker beside the field, which is where somebody decides what to type into it.",この入力を説明する 1 行です。ピッカーで入力欄の横に表示されます - まさに何を入力するか決める場所です。
"Each parameter has a name, type, optional default value, and description.",各パラメータには名前、型、省略可能な既定値、説明があります。
A GDScript boolean expression - the body runs only when all hold (e.g. host.enabled).,GDScript の真偽値の式です - すべてが成り立つときだけ本体が実行されます（例: host.enabled）。
Publishes the verb into pickers as the chosen kind.,選んだ種類として、この動詞をピッカーに公開します。
Optional default value (a GDScript expression). Defaulted params must come last.,省略可能な既定値です（GDScript の式）。既定値のあるパラメータは最後に置く必要があります。
Remove this parameter.,このパラメータを削除します。
Remove this condition.,この条件を削除します。
New Function,新しい関数
"Action, Condition, or Expression?",アクション、条件、式のどれ？
Function,関数
Edit Function…,関数を編集…
+ describe this function,+ この関数を説明
+ category,+ カテゴリ
Function names must be valid identifiers (e.g. take_damage).,関数名は有効な識別子である必要があります（例: take_damage）。
Publish to the picker (other sheets can use it),ピッカーに公開（他のシートでも使えます）
"Drag this label sideways to scrub the value (Shift = fine, Ctrl = coarse).",このラベルを左右にドラッグして値を調整します (Shift = 微調整、Ctrl = 粗調整)。
Curate Script…,スクリプトを整理…
Parameters…,パラメータ…
Keep Old Name…,旧名を残す…
Keep the old name working,旧名を機能させたままにする
Add Shim,代替を追加
the previous function name,以前の関数名
Write Annotations,注釈を書き込む
Publish New Version…,新しいバージョンを公開…
Name Raw Calls…,未整理の呼び出しに名前を付ける…
Compact Rows,コンパクト行
Properties Bar,プロパティバー
Remember Between Runs,実行間で記憶
Add Entry…,エントリを追加…
Edit Entry…,エントリを編集…
Remove Entry,エントリを削除
State,状態
is one of,は次のいずれか
or,または
and,と
more,件以上
values,個の値
default,デフォルト
+ Add value…,+ 値を追加…
Runs in editor,エディタで実行
Remembered variables,記憶された変数
Setup lines,セットアップ行
double-click to edit in code,ダブルクリックでコード編集
Host binding,ホストバインディング
decides by state,状態で分岐
states below,個の状態
decides by,で分岐:
branches below,個の分岐
Not,でない:
(animations),（アニメーション）
(no backups yet - they appear from the second save on),（バックアップはまだありません - 2回目の保存から表示されます）
(no enums on this sheet),（このシートに列挙型はありません）
(no match - keep typing),（一致なし - 入力を続けてください）
(or choose),（または選択）
(or type your own...),（または独自に入力...）
(plain),（プレーン）
Autoload (always-on singleton),オートロード（常時有効なシングルトン）
Behavior (acts on parent),ビヘイビア（親に作用）
Behavior Component (signal-driven),ビヘイビアコンポーネント（シグナル駆動）
Blank Sheet,空のシート
Children,子ノード
Copy annotation stub,アノテーションのひな形をコピー
Copy registrar snippet,登録スニペットをコピー
Custom Node,カスタムノード
Custom Resource (data + logic),カスタムリソース（データ＋ロジック）
Custom Resource (data asset),カスタムリソース（データアセット）
Editor Tool,エディタツール
Editor Tool (one-click chore),エディタツール（ワンクリック作業）
Entity System (Autoload),エンティティシステム（オートロード）
Event Bus (Autoload),イベントバス（オートロード）
Event Sheet,イベントシート
Fast (60),高速（60）
First-Person Controller (3D),一人称コントローラー（3D）
GDScript iterable,GDScriptのイテラブル
Game State (Autoload),ゲームステート（オートロード）
Major - breaking changes,メジャー - 互換性のない変更
No actions or conditions were found on the dropped node.,ドロップしたノードにアクションや条件が見つかりませんでした。
No sheets open,開いているシートはありません
Node group,ノードグループ
Pin / Unpin Favorite,お気に入りを固定/解除
Platformer Starter,プラットフォーマー・スターター
Recently closed,最近閉じたシート
Repeat N times,N回繰り返す
Reset to the inferred name,推定された名前に戻す
Save System (Autoload),セーブシステム（オートロード）
Slow (30),低速（30）
Third-Person Mover (3D),三人称ムーバー（3D）
Top-down Starter,トップダウン・スターター
While (condition),While（条件）
bow,弓
keep format,形式を維持
potion,ポーション
sword,剣
Set its category…,カテゴリを設定…
timeline,タイムライン
steps,ステップ
at,時点
Add Step…,ステップを追加…
Timeline,タイムライン
Render Scene To Image,シーンを画像に描画
"Instantiates a scene into an off-screen viewport, lets it settle for a frame, and saves what it shows as a PNG - thumbnails, store shots, doc figures, baked sprites. Needs a windowed editor: a headless run has no renderer, so it warns and writes nothing.",シーンを画面外のビューポートに生成し、1フレーム落ち着かせてから、表示内容をPNGとして保存します。サムネイル、ストア画像、ドキュメント図、焼き込みスプライトに使えます。ウィンドウ付きのエディタが必要です。ヘッドレス実行にはレンダラーがないため、警告を出して何も書き込みません。
Preview Table Rolls,テーブル抽選のプレビュー
"Rolls a weighted table many times and reports what actually came out: per entry the rolled percent, the percent its weight implies, and the gap between them. Pure maths - it runs anywhere, and the same seed always gives the same numbers.",重み付きテーブルを何度も抽選し、実際に何が出たかを報告します。項目ごとに、出た割合、重みから期待される割合、そしてその差を示します。純粋な計算なのでどこでも動き、同じシードなら常に同じ数値になります。
On Project Export,プロジェクト書き出し時
"Runs while a project export is starting, before the files are written - the place to stamp a build number, bake a data file, or strip debug content.",プロジェクトの書き出しが始まり、ファイルが書かれる前に実行されます。ビルド番号の刻印、データファイルの焼き込み、デバッグ用コンテンツの除去を行う場所です。
Write Version Stamp,バージョン刻印を書き出す
"Writes a small build stamp file: the version string plus the date and time the stamp was written. The timestamp is read when the tool runs, so the generated code stays identical every save.",小さなビルド刻印ファイルを書き出します。バージョン文字列に加えて、刻印した日時を記録します。日時はツール実行時に読み取るため、生成されるコードは保存のたびに同一のままです。
Export Is Debug,書き出しがデバッグ
True when the export that triggered this bake step is a debug build. Use it inside On Project Export to keep test content out of release builds.,この焼き込みステップを起動した書き出しがデバッグビルドのとき真になります。プロジェクト書き出し時の中で使い、テスト用コンテンツをリリースビルドから外します。
Export Has Feature,書き出しが機能を持つ
"True when the export preset that triggered this bake step carries the given feature tag - the way to bake different data for mobile, web or desktop.",この焼き込みステップを起動した書き出しプリセットが指定の機能タグを持つとき真になります。モバイル、ウェブ、デスクトップで異なるデータを焼き込む方法です。
Share Code For,共有コード
"Turns any value into one compact line of text a player can paste anywhere - a seed, a loadout, a whole save. Read it back with Value From Share Code.",任意の値を、プレイヤーがどこにでも貼り付けられる 1 行のテキストに変換します - シード、装備一式、セーブデータ全体など。共有コードからの値 で読み戻せます。
Utility: Window,ユーティリティ: ウィンドウ
share code for [b]{value}[/b],[b]{value}[/b] の共有コード
Value,値
"Anything - a run seed, a loadout list, a colour, a whole save record.",何でも構いません - ランのシード、装備リスト、色、セーブレコード全体など。
Copy Share Code To Clipboard,共有コードをクリップボードにコピー
"Encodes any value as a share code and puts it straight on the operating system clipboard, ready to paste.",任意の値を共有コードにエンコードし、そのまま OS のクリップボードへ置きます。すぐ貼り付けられます。
copy share code for [b]{value}[/b] to clipboard,[b]{value}[/b] の共有コードをクリップボードにコピー
"Anything - a run seed, a loadout list, a whole save record.",何でも構いません - ランのシード、装備リスト、セーブレコード全体など。
Share Code Is Valid,共有コードが有効
"True when the text really is a share code that decodes cleanly, so a paste box can refuse garbage before it reaches the game. Ask it when the pasted text CHANGES (a Paste button, On Text Changed) rather than every frame: a code mangled in transit can still reach the decoder, and the engine logs a line each time it is refused. A code that was made from nothing at all also reads as invalid.",テキストが本当に共有コードで、きれいにデコードできるときに真になります。ゲームへ届く前に貼り付け欄でゴミを拒否できます。毎フレームではなく、貼り付けたテキストが「変わったとき」(貼り付けボタン、テキスト変更時) に尋ねてください。転送中に壊れたコードはデコーダーまで届くことがあり、拒否のたびにエンジンがログを 1 行出します。何もない値から作られたコードも無効と判定されます。
[b]{code}[/b] is a valid share code,[b]{code}[/b] は有効な共有コード
Code,コード
The pasted text to test - usually Clipboard Text or a paste box's text.,検査する貼り付けテキスト - 通常は クリップボードのテキスト か貼り付け欄のテキストです。
Value From Share Code,共有コードからの値
"Reads the value back out of a share code, giving nothing when the text is not a valid code.",共有コードから値を読み戻します。テキストが有効なコードでない場合は何も返しません。
value from share code [b]{code}[/b],共有コード [b]{code}[/b] からの値
The share code text to read - check it with Share Code Is Valid first.,読み取る共有コードのテキスト - まず 共有コードが有効 で確認してください。
Clipboard Has Text,クリップボードにテキストがある
True when the operating system clipboard currently holds any text - gate a paste box on it.,OS のクリップボードに現在なんらかのテキストがあるとき真になります - 貼り付け欄の有効化条件に使えます。
clipboard has text,クリップボードにテキストがある
Clipboard Has Image,クリップボードに画像がある
"True when the operating system clipboard currently holds an image, such as a screenshot the player just copied.",OS のクリップボードに現在画像があるとき真になります。たとえばプレイヤーがコピーしたばかりのスクリーンショットなどです。
clipboard has an image,クリップボードに画像がある
Clipboard Image,クリップボードの画像
The image currently on the operating system clipboard - feed it to ImageTexture.create_from_image to show it.,現在 OS のクリップボードにある画像 - 表示するには ImageTexture.create_from_image に渡してください。
clipboard image,クリップボードの画像
Clipboard Text Is,クリップボードのテキストが
"Compares whatever text is on the clipboard against a value, with your choice of operator.",クリップボードにあるテキストを、選んだ演算子で値と比較します。
clipboard text {op} [b]{value}[/b],クリップボードのテキスト {op} [b]{value}[/b]
Operator,演算子
Comparison.,比較。
=  equal to,=  等しい
≠  not equal to,≠  等しくない
<  less than,<  より小さい
≤  at most,≤  以下
>  greater than,>  より大きい
≥  at least,≥  以上
Text to compare the clipboard against.,クリップボードと比較するテキスト。
Clone Into,複製して追加
"Copies a live node, adds the copy to a parent, places it and optionally puts it in a group - the one-row form of Duplicate Node plus Add Child plus Set Position. Use Spawn Scene when you are starting from a .tscn file instead.",生きているノードをコピーし、そのコピーを親に追加し、位置を決め、必要ならグループにも入れます - ノードを複製 + 子を追加 + 位置を設定 を 1 行にまとめた形です。.tscn ファイルから始める場合は シーンを生成 を使ってください。
Nodes,ノード
"clone [i]{source}[/i] into [i]{parent}[/i] at [b]{at}[/b], group [b]{group}[/b]",[i]{source}[/i] を [i]{parent}[/i] に [b]{at}[/b] で複製、グループ [b]{group}[/b]
The live node to copy.,コピーする、生きているノード。
Into,追加先
Where the copy is added.,コピーを追加する先。
At,位置
World position for the copy (a Vector3 for a 3D node). Only used when the copy has a position.,コピーのワールド座標 (3D ノードなら Vector3)。コピーが位置を持つ場合にのみ使われます。
Optional group for the copy (blank = none).,コピー用の任意のグループ (空 = なし)。
Remember Value As,値を名前を付けて覚える
"Copies any value aside under a name, in memory, for this run - the before-value for a preview, a buff or a cutscene. For memory that survives closing the game use Remember Between Runs on the variable, or the Save System pack.",任意の値を名前を付けてメモリに退避します。このラン限りで、プレビュー・バフ・カットシーンの「前の値」に使えます。ゲームを閉じても残る記憶が必要なら、変数の ラン間で記憶 かセーブシステムのパックを使ってください。
Run Context,実行コンテキスト
remember [b]{value}[/b] as [b]{name}[/b],[b]{value}[/b] を [b]{name}[/b] として覚える
Any label you also use in Restore Value Into.,値を戻す先 でも同じものを使う、任意のラベル。
The value to copy aside.,退避しておく値。
Restore Value Into,値を戻す先
Pours a remembered value back into a variable. When nothing was remembered under that name the variable keeps what it already had.,覚えておいた値を変数へ戻します。その名前で何も覚えていない場合、変数はもとの値のままです。
restore [b]{name}[/b] into [b]{var_name}[/b],[b]{name}[/b] を [b]{var_name}[/b] に戻す
The label used in Remember Value As.,値を名前を付けて覚える で使ったラベル。
Into Variable,戻す変数
Variable that receives the remembered value (left alone when nothing was remembered).,覚えた値を受け取る変数 (何も覚えていなければそのまま)。
Remembered Value,覚えている値
"The value remembered under a name this run, or your fallback when there is none - read it without pouring it back.",このランで名前を付けて覚えた値、なければ指定した代わりの値 - 戻さずに読むだけです。
remembered [b]{name}[/b] or [b]{fallback}[/b],覚えている [b]{name}[/b] または [b]{fallback}[/b]
Or,なければ
What you get when nothing was remembered under that name.,その名前で何も覚えていないときに返る値。
Has Remembered,覚えているか
True when something was remembered under that name this run - the gate on a Cancel button that should only undo a preview it actually took.,このランでその名前に何かを覚えているとき真になります - 実際に取ったプレビューだけを取り消すキャンセルボタンの条件です。
has remembered [b]{name}[/b],[b]{name}[/b] を覚えている
Forget Remembered,覚えた値を忘れる
"Drops a remembered value, so Has Remembered reads false again. Forgetting a name that was never remembered is harmless.",覚えた値を捨て、覚えているか がふたたび偽になります。覚えていない名前を忘れても害はありません。
forget remembered [b]{name}[/b],覚えた [b]{name}[/b] を忘れる
Resources In Folder,フォルダー内のリソース
"Loads every data asset (.tres) in a folder as a list, so a folder of files becomes your content - items, enemies, levels, or a mod folder. A missing folder gives an empty list, and a file that fails to load is left out rather than arriving as nothing.",フォルダー内のデータアセット (.tres) をすべてリストとして読み込みます。フォルダーがそのままコンテンツになります - アイテム、敵、レベル、MOD フォルダーなど。フォルダーが無ければ空のリスト、読み込みに失敗したファイルは null として届くのではなく除外されます。
Files,ファイル
resources in [b]{folder}[/b],[b]{folder}[/b] 内のリソース
Folder,フォルダー
"Folder to scan (not recursive). Every .tres / .res inside it is loaded, in the folder's own order.",走査するフォルダー (再帰しません)。中の .tres / .res をフォルダー自身の順序ですべて読み込みます。
Resource In Folder,フォルダー内のリソース 1 件
"Fetches one data asset out of a folder by its file name, or nothing at all when there is no such file - no red error.",フォルダーからファイル名でデータアセットを 1 件取り出します。そのファイルが無ければ何も返しません - 赤いエラーは出ません。
resource [b]{name}[/b] in [b]{folder}[/b],[b]{folder}[/b] 内のリソース [b]{name}[/b]
Folder holding the data assets.,データアセットが入っているフォルダー。
"File name WITHOUT the .tres extension - ""rusty_sword"" finds rusty_sword.tres.",".tres 拡張子を除いたファイル名 - ""rusty_sword"" は rusty_sword.tres を見つけます。"
Load Resource Or Default,リソースを読み込む、無ければ既定値
"Loads a file and hands back your fallback when it is missing, so a deleted or mod-supplied file never crashes the game.",ファイルを読み込み、無ければ指定した代わりの値を返します。削除されたファイルや MOD 由来のファイルでゲームが落ちることはありません。
load [b]{path}[/b] or [i]{fallback}[/i],[b]{path}[/b] を読み込む、無ければ [i]{fallback}[/i]
Path,パス
Full path to the resource or scene to load.,読み込むリソースまたはシーンのフルパス。
Fallback,代わりの値
"What to use instead when the file is not there (a preloaded default, or null).",ファイルが無いときに代わりに使うもの (プリロードした既定値、または null)。
Count Of Resources In,リソースの個数
"How many data assets a folder holds, counted without loading any of them - zero if the folder is missing.",フォルダーが持つデータアセットの数を、どれも読み込まずに数えます - フォルダーが無ければ 0 です。
count of resources in [b]{folder}[/b],[b]{folder}[/b] 内のリソース数
Folder to count data assets in (not recursive).,データアセットを数えるフォルダー (再帰しません)。
Copy Resource (Independent),リソースをコピー (独立)
"Makes a private copy of a resource, right down to the resources inside it, so writing to the copy never changes the .tres on disk or any other node holding it. Use this before a node edits its own stats.",リソースを、その内部のリソースまで含めて完全に独立したコピーにします。コピーへ書き込んでも、ディスク上の .tres や同じものを持つ他のノードには一切影響しません。ノードが自分のステータスを書き換える前に使ってください。
Helpers,ヘルパー
independent copy of [i]{resource}[/i],[i]{resource}[/i] の独立したコピー
Resource,リソース
The resource to copy. Anything that is not a resource (including nothing at all) gives nothing back.,コピーするリソース。リソースでないもの (何も無い場合を含む) は何も返しません。
Copy Resource (Share Sub-Resources),リソースをコピー (サブリソース共有)
Makes a cheap copy whose own fields are separate but whose inner resources and lists are still SHARED with the original. Pick this only when you want that sharing - otherwise use Copy Resource (Independent).,自分のフィールドだけを分離した安価なコピーを作ります。内部のリソースやリストは元と「共有」されたままです。その共有が欲しいときだけ選んでください - そうでなければ リソースをコピー (独立) を使います。
copy of [i]{resource}[/i] (sub-resources shared),[i]{resource}[/i] のコピー (サブリソース共有)
Deep Copy,深いコピー
"Copies the array AND every list or dictionary nested inside it, so editing the copy cannot reach back into the original. Copy Array only copies the outer level.",配列と、その中に入れ子になったすべてのリスト・辞書までコピーします。コピーを編集しても元には届きません。配列をコピー は外側だけをコピーします。
Variables: Array,変数: 配列
deep copy of [b]{var_name}[/b],[b]{var_name}[/b] の深いコピー
Array,配列
Array variable to copy right through.,まるごとコピーする配列変数。
"Copies the dictionary AND every list or dictionary nested inside it, so editing the copy cannot reach back into the original. Copy Dictionary only copies the outer level.",辞書と、その中に入れ子になったすべてのリスト・辞書までコピーします。コピーを編集しても元には届きません。辞書をコピー は外側だけをコピーします。
Variables: Dictionary,変数: 辞書
Dictionary,辞書
Dictionary variable to copy right through.,まるごとコピーする辞書変数。
Copy Values From,値をコピー元から取り込む
"Pours a list of values off another object onto this one, in one row instead of one row per property. Names the target does not have are skipped, so a single preset can serve several kinds of node.",他のオブジェクトから値のリストをこのオブジェクトへ流し込みます。プロパティごとに 1 行ではなく 1 行で済みます。相手が持たない名前は飛ばすので、1 つのプリセットで複数種類のノードに使えます。
copy [b]{names}[/b] from [i]{source}[/i] into [i]{target}[/i],[i]{source}[/i] の [b]{names}[/b] を [i]{target}[/i] にコピー
The object being written to - it is what changes.,書き込まれる側のオブジェクト - 変わるのはこちらです。
The object to read from - a node OR a resource.,読み取り元のオブジェクト - ノードでもリソースでも構いません。
Names,名前
Comma-separated property names. Leave blank to copy every variable the source's script declares.,カンマ区切りのプロパティ名。空にすると、コピー元スクリプトが宣言するすべての変数をコピーします。
Fill Blanks From,空欄を埋める元
"Writes a base's values ONLY into fields this object left empty, leaving everything you did fill in alone. That is the override chain: a base item plus a rarity variant, or a shipped table plus a mod file. Empty means nothing there: no value at all, blank text, an empty list or an empty record - a 0 and a false are real values and are kept, exactly as Is Nothing and Missing Fields read them.",ベースの値を、このオブジェクトが空のままにした項目だけに書き込みます。あなたが埋めた項目には触れません。これが上書きの連鎖です - ベースアイテム + レアリティ違い、同梱テーブル + MOD ファイルなど。空とは何も無いこと、つまり値なし・空文字・空のリスト・空のレコードです。0 と false は本物の値なので保持されます。何も無い と 欠けている項目 の読み方と同じです。
fill blanks in [i]{target}[/i] from [i]{base}[/i],[i]{base}[/i] から [i]{target}[/i] の空欄を埋める
Fill,埋める対象
The one being completed - it is what changes.,補完される側 - 変わるのはこちらです。
Where the missing values come from.,足りない値の取得元。
Apply Preset To Node,プリセットをノードに適用
"Pours a data asset's fields onto the same-named properties of a node, so difficulty tiers, weapon tunings and boss phases become a data edit instead of a wall of rows.",データアセットの各項目を、同名のノードのプロパティへ流し込みます。難易度段階、武器の調整値、ボスのフェーズが、行の壁ではなくデータ編集になります。
apply preset [b]{preset}[/b] to [i]{target}[/i],プリセット [b]{preset}[/b] を [i]{target}[/i] に適用
Preset,プリセット
The data asset to pour on (a .tres you filled in the Inspector). Nothing happens if it is empty.,流し込むデータアセット (インスペクターで入力した .tres)。空なら何も起こりません。
The node to apply it to.,適用先のノード。
Matches Properties Of,プロパティが一致する
"True while the listed properties hold the same values on both objects - the cheap 'is this ghost still in sync' or 'has anything changed' check. A name neither object has reads as NOT matching, so a typo shows up instead of quietly passing, and either side being gone reads as not matching too.",列挙したプロパティが両方のオブジェクトで同じ値である間、真になります - 「このゴーストはまだ同期しているか」「何か変わったか」を安く確かめる条件です。どちらのオブジェクトも持たない名前は「一致しない」と読まれるので、打ち間違いが黙って通らずに表に出ます。どちらか一方が消えている場合も一致しません。
[i]{target}[/i] matches [b]{names}[/b] of [i]{other}[/i],[i]{target}[/i] は [i]{other}[/i] の [b]{names}[/b] と一致する
Object,オブジェクト
The object to test.,検査するオブジェクト。
"Comma-separated property names to compare. A blank list has nothing to compare, so it is true.",比較するプロパティ名をカンマ区切りで。空のリストは比べるものが無いので真になります。
Of,比較対象
The object to compare against.,比較の相手となるオブジェクト。
Data Is Older Than Version,データが指定バージョンより古い
"True when a loaded record was written by an older build than this one - the gate a migration sits under. A record with NO version field counts as 0, so the very first format upgrades too, and so does one whose version field is empty or is not a number at all.",読み込んだレコードが、このビルドより古いビルドで書かれたときに真になります - マイグレーションを置く条件です。バージョン項目が「無い」レコードは 0 として数えるので、いちばん最初の形式も更新されます。バージョン項目が空だったり数値でない場合も同様です。
[b]{record}[/b] is older than version [b]{version}[/b],[b]{record}[/b] はバージョン [b]{version}[/b] より古い
Record,レコード
"The parsed record (a save file, a payload, a manifest).",解析済みのレコード (セーブファイル、ペイロード、マニフェスト)。
Field,項目
Which field holds the version number.,バージョン番号が入っている項目。
Version,バージョン
The version this build writes.,このビルドが書き込むバージョン。
Rename Field,項目名を変更
"Moves a value to its new field name, and does nothing at all when the old name is not there - so a migration is safe to run twice.",値を新しい項目名へ移します。古い名前が無ければ何もしないので、マイグレーションを 2 回実行しても安全です。
rename [b]{from_field}[/b] to [b]{to_field}[/b] in [i]{record}[/i],[i]{record}[/i] の [b]{from_field}[/b] を [b]{to_field}[/b] に改名
"The record to migrate, edited in place.",移行するレコード。その場で書き換えられます。
The old field name.,古い項目名。
The new field name (overwritten if it is already there).,新しい項目名 (すでにある場合は上書きされます)。
Stamp Data Version,データバージョンを刻む
"Writes the current format number onto a record, so the next load knows it has already been migrated. Data Is Older Than Version reads it back, and reads it as 0 when it is missing or is not a number.",現在のフォーマット番号をレコードに書き込み、次回の読み込みで「すでに移行済み」と分かるようにします。データが指定バージョンより古い が読み戻し、値が無い場合や数値でない場合は 0 として読みます。
stamp [i]{record}[/i] as version [b]{version}[/b],[i]{record}[/i] にバージョン [b]{version}[/b] を刻む
The record to stamp.,刻む対象のレコード。
The version this build writes - a whole number.,このビルドが書き込むバージョン - 整数です。
Table From File,ファイルからの表
"Reads a .csv whose FIRST line is the column names and gives you one record per row, each field reachable by column name - row[""price""]. Quoted cells may contain the separator, Windows line endings are fine, and a missing file simply gives no rows. Store it in an Array variable, then walk it with a For Each pick filter.","最初の行が列名になっている .csv を読み、1 行につき 1 レコードを返します。各項目は列名で取り出せます - row[""price""]。引用符で囲んだセルには区切り文字を入れられ、Windows の改行も問題なく、ファイルが無ければ単に行が 0 件になります。結果は配列変数に入れ、For Each のピックフィルターで回してください。"
Files: Tables,ファイル: 表
rows of [b]{path}[/b],[b]{path}[/b] の行
File,ファイル
The .csv to read. Its FIRST line must be the column names.,読み込む .csv。最初の行が列名でなければなりません。
Separator,区切り文字
What separates the columns in that file.,そのファイルで列を区切っているもの。
Comma,カンマ
Semicolon,セミコロン
Tab,タブ
Table From Text,テキストからの表
"The same column-names-first parse as Table From File, but over text you already hold instead of a file on disk.",ファイルからの表 と同じ「1 行目が列名」の解析を、ディスク上のファイルではなく手元のテキストに対して行います。
rows in [b]{text}[/b],[b]{text}[/b] 内の行
"Spreadsheet text you already have - a pasted blob, a downloaded body, a file you read earlier. FIRST line = the column names.",すでに手元にある表計算のテキスト - 貼り付けた塊、ダウンロードした本文、先に読み込んだファイルなど。最初の行 = 列名です。
Column Of Table,表の列
"Gives one whole column as a list, in row order - handy for a dropdown's items, a weights list, or a quick sum. A row missing that column contributes empty text.",1 列まるごとを行順のリストとして返します - ドロップダウンの項目、重みのリスト、手早い合計に便利です。その列が無い行は空文字を返します。
column [b]{column}[/b] of [b]{table}[/b],[b]{table}[/b] の列 [b]{column}[/b]
Table,表
The rows-of-records variable a Table From File (or Table From Text) expression filled.,ファイルからの表 (または テキストからの表) の式が詰めた、レコードの行を持つ変数。
Column,列
"The column name to read, exactly as it is spelled in the header row.",読み取る列名。見出し行と全く同じつづりで書いてください。
Row Where,条件に合う行
"Finds the FIRST record whose column holds this value - the single-item lookup, e.g. the row for item ""sword"". Gives an empty record when nothing matches, so check it with Dictionary Is Empty before reading fields.","指定した列がこの値を持つ「最初の」レコードを探します - 単一項目の検索、たとえばアイテム ""sword"" の行です。一致が無ければ空のレコードを返すので、項目を読む前に 辞書が空 で確認してください。"
row of [b]{table}[/b] where [b]{column}[/b] is [b]{value}[/b],[b]{table}[/b] のうち [b]{column}[/b] が [b]{value}[/b] の行
"The column to match on, exactly as it is spelled in the header row.",照合に使う列。見出し行と全く同じつづりで書いてください。
Is,が
"The value to look for. Compared as text, so 25 and ""25"" both match a cell reading 25.","探す値。テキストとして比較するので、25 でも ""25"" でも 25 と書かれたセルに一致します。"
For Each Line In Text,テキストの各行について
"Runs this event's actions once per LINE of the text, skipping blank ones. Windows (CRLF) and old-Mac (CR) endings are handled, so no line arrives with a stray carriage return. Read the current one as `line`.",テキストの 1 行ごとに、このイベントのアクションを 1 回ずつ実行します。空行は飛ばします。Windows (CRLF) や旧 Mac (CR) の改行にも対応するので、余分な復帰文字が付いた行は来ません。現在の行は `line` で読めます。
Loops,ループ
for each line in [b]{text}[/b],[b]{text}[/b] の各行について
"The text to walk line by line - a file you read, a pasted blob, a leaderboard body.",1 行ずつたどるテキスト - 読み込んだファイル、貼り付けた塊、ランキングの本文など。
For Each Part In Text,テキストの各部分について
"Runs this event's actions once per PIECE of the text. Each piece arrives with its surrounding spaces trimmed, and empty pieces are skipped, so ""sword; shield;; bow"" is three parts. Read the current one as `part`.","テキストの 1 かたまりごとに、このイベントのアクションを 1 回ずつ実行します。各かたまりは前後の空白が取り除かれて届き、空のかたまりは飛ばすので ""sword; shield;; bow"" は 3 つの部分になります。現在の部分は `part` で読めます。"
for each part of [b]{text}[/b] split by [b]{separator}[/b],[b]{separator}[/b] で区切った [b]{text}[/b] の各部分について
"The text to break up - a tag list, a chat command's arguments, one cell of a spreadsheet.",分割するテキスト - タグの一覧、チャットコマンドの引数、表計算の 1 セルなど。
Split by,区切り文字
"What separates the pieces, e.g. "","" or "";"" or "" "".","かたまりを区切るもの。たとえば "","" や "";"" や "" "" です。"
For Each Resource In Folder,フォルダー内の各リソースについて
"Runs this event's actions once per data asset (.tres / .res) in a folder, already loaded - the ""a folder of items IS my item list"" setup, with no list to maintain. A folder that is not there walks nothing (quietly - it is checked first, so a loop that runs every frame cannot spam errors), and anything that fails to load is skipped rather than arriving as null. Read the current one as `entry`.",フォルダー内のデータアセット (.tres / .res) ごとに、読み込み済みの状態でこのイベントのアクションを 1 回ずつ実行します - 「アイテムのフォルダーがそのままアイテム一覧」という作り方で、維持すべきリストはありません。フォルダーが無い場合は何も回りません (静かに - 先に存在を確認するので、毎フレーム走るループでもエラーを撒き散らしません)。読み込みに失敗したものは null として届かず、飛ばされます。現在のものは `entry` で読めます。
for each resource in [b]{folder}[/b],[b]{folder}[/b] 内の各リソースについて
Folder of data assets to walk. Only .tres / .res files are loaded; anything else in there is ignored.,たどるデータアセットのフォルダー。読み込まれるのは .tres / .res のみで、それ以外は無視されます。
Text Before,手前のテキスト
"The part of the text before the first marker: Text Before(""Ada [angry]: hi"", "" ["") is ""Ada"". When the marker is not there you get the whole text back, so nothing is silently lost.","最初の目印より手前の部分: 手前のテキスト(""Ada [angry]: hi"", "" ["") は ""Ada"" です。目印が無い場合はテキスト全体が返るので、黙って失われるものはありません。"
the part of {text} before {marker},{text} のうち {marker} より手前
The line to read a piece out of.,一部分を取り出す元の行。
Before,手前
The marker to stop at (the first one wins).,そこで止まる目印 (最初のものが優先)。
Text After,その後のテキスト
"Everything after the first marker: Text After(""Ada [angry]: hi"", ""]: "") is ""hi"". Empty when the marker is not there, because then there is no ""after"".","最初の目印より後ろのすべて: その後のテキスト(""Ada [angry]: hi"", ""]: "") は ""hi"" です。目印が無い場合は「その後」が存在しないので空になります。"
the part of {text} after {marker},{text} のうち {marker} より後ろ
After,その後
The marker to start after (the first one wins).,その後ろから始める目印 (最初のものが優先)。
Text Between,あいだのテキスト
"The part between two markers: Text Between(""Ada [angry]: hi"", ""["", ""]"") is ""angry"". Empty when the opening marker is missing, and the rest of the text when the closing one is.","2 つの目印にはさまれた部分: あいだのテキスト(""Ada [angry]: hi"", ""["", ""]"") は ""angry"" です。開き目印が無ければ空、閉じ目印が無ければ残りのテキスト全部になります。"
the part of {text} between {open} and {close},{text} のうち {open} と {close} のあいだ
The opening marker.,開きの目印。
The closing marker.,閉じの目印。
Number In Text,テキスト中の数値
"The first number found anywhere in the text, whole or decimal: ""Chapter 3"" gives 3, ""v1.25-beta"" gives 1.25. You get 0 when there is no number at all, and you never write a pattern.","テキストのどこかにある最初の数値 (整数でも小数でも): ""Chapter 3"" は 3、""v1.25-beta"" は 1.25 になります。数値が 1 つも無ければ 0 が返り、パターンを書く必要は一切ありません。"
the first number in {text},{text} 中の最初の数値
Text that has a number somewhere in it.,どこかに数値が入っているテキスト。
Split Keeping Quotes,引用符を保って分割
"Splits text on a separator but keeps anything inside ""double quotes"" together as one piece, and drops the quotes: give ""iron sword"" 2 is three pieces, not four. Empty pieces are skipped, so runs of separators never produce blanks.","区切り文字で分割しますが、""二重引用符"" の中はひとかたまりのまま保ち、引用符自体は取り除きます: give ""iron sword"" 2 は 4 つではなく 3 つの部分です。空の部分は飛ばすので、区切り文字が連続しても空欄は生まれません。"
"pieces of {text}, keeping quotes together",{text} の各部分 (引用符内はひとまとめ)
"The line to split - a console entry, a search box, a pasted cell.",分割する行 - コンソール入力、検索欄、貼り付けたセルなど。
What separates the pieces OUTSIDE quotes.,引用符の「外側」で各部分を区切るもの。
Explain JSON Problem,JSON の問題を説明
"Why this JSON failed to parse, with the line: ""line 4: Expected ':'"". Empty when it parses fine, so an empty result IS the all-clear. Log it and the bug report writes itself. Branch on this expression's own emptiness (Text Is Blank, inverted) rather than on JSON Is Valid: that condition reads a file holding just the word null as invalid, and this one has nothing to say about it, so pairing them logs an error with a blank reason.","この JSON が読み取れなかった理由を行番号つきで返します: ""line 4: Expected ':'""。正しく読めたときは空になるので、空の結果が「問題なし」を意味します。ログに出せば不具合報告がそのまま書き上がります。分岐は JSON が有効 ではなく、この式自身の空かどうか (テキストが空白 の否定) で行ってください。あの条件は null という語だけのファイルを無効と読みますが、この式はそれについて何も言うことがないため、組み合わせると理由が空のエラーが記録されます。"
JSON,JSON
why {text} is not valid JSON,{text} が有効な JSON でない理由
"The JSON text to check - a file you read, a paste, a server reply.",検査する JSON テキスト - 読み込んだファイル、貼り付け、サーバーの応答など。
Explain Table Problem,表の問題を説明
"The first cell of a table that should be a number and is not, said out loud: ""row 12, column ""price"": ""abc"" is not a number"". Rows are counted from 1 over the rows you hold - Table From File has already used up the header line, so row 12 is line 13 of the file. A row that is not a record at all is reported too. Empty when every listed column checks out.","数値であるべきなのにそうでない、表の最初のセルを言葉で伝えます: ""row 12, column ""price"": ""abc"" is not a number""。行番号は手元の行を 1 から数えます - ファイルからの表 はすでに見出し行を使っているので、row 12 はファイルの 13 行目です。そもそもレコードでない行も報告されます。挙げた列がすべて問題なければ空になります。"
what is wrong in {records},{records} のどこが問題か
Rows,行
"A list of records - one per row, each field reachable by column name.",レコードのリスト - 1 行につき 1 件、各項目は列名で取り出せます。
Number columns,数値の列
The columns that must hold numbers.,数値が入っていなければならない列。
Missing Fields,欠けている項目
"The listed fields that are missing or left blank, comma-separated, and empty when the record is complete. Blank means nothing there: null, empty text, an empty list or an empty record - a 0 is a real value and is never reported.",挙げた項目のうち、無いか空のままのものをカンマ区切りで返します。レコードが揃っていれば空です。空とは何も無いこと、つまり null・空文字・空のリスト・空のレコードです。0 は本物の値なので報告されません。
the fields missing from {record},{record} に欠けている項目
A record or a resource to check.,検査するレコードまたはリソース。
Fields,項目
"The fields it must have filled in, separated by commas.",埋まっていなければならない項目を、カンマ区切りで。
Shorten To Fit,収まるように短縮
"Trims text to a maximum number of characters and marks the cut with the ending you choose, so a clipped name never reads as the whole name. Text that already fits comes back untouched, and the result never runs past the width you gave - a width too narrow to hold the ending simply cuts without one. Cuts mid-word: use Shorten To Whole Words when the cut should land on a word boundary.",テキストを最大文字数まで切り詰め、選んだ末尾記号で切断を示します。切られた名前が丸ごとの名前に見えることはありません。すでに収まっているテキストはそのまま返り、結果が指定した幅を超えることはありません - 末尾記号すら入らない幅なら、記号なしで切ります。単語の途中で切るので、単語の切れ目で切りたいときは 単語単位で短縮 を使ってください。
shorten [b]{text}[/b] to [b]{max_chars}[/b] characters,[b]{text}[/b] を [b]{max_chars}[/b] 文字に短縮
The text that has to fit.,収める必要があるテキスト。
Max characters,最大文字数
"The widest the result may get, in characters, counting the ending below.",結果が取ってよい最大の幅 (文字数)。下の末尾記号も数に含みます。
Ending,末尾記号
"What marks the cut, e.g. ""..."" or a single ellipsis character. Its own length is taken out of the budget.","切断を示すもの。たとえば ""..."" や三点リーダー 1 文字です。その長さ自体が予算から差し引かれます。"
Shorten To Whole Words,単語単位で短縮
"Like Shorten To Fit, but backs up to the last complete word before cutting, so ""Ancient Sword of Thorns"" reads ""Ancient Sword..."" instead of ""Ancient Sword of Th"". When the budget holds no whole word (one very long word) it falls back to cutting by characters, and when it is too narrow to hold the ending at all it cuts without one - so the result is never just the ending, and never wider than you asked for.","収まるように短縮 と同じですが、切る前に最後の完全な単語まで戻ります。そのため ""Ancient Sword of Thorns"" は ""Ancient Sword of Th"" ではなく ""Ancient Sword..."" と表示されます。予算に完全な単語が 1 つも入らない場合 (とても長い単語 1 語など) は文字単位の切り詰めに切り替わり、末尾記号すら入らないほど狭い場合は記号なしで切ります - つまり結果が末尾記号だけになることも、指定より広くなることもありません。"
shorten [b]{text}[/b] to whole words within [b]{max_chars}[/b],[b]{text}[/b] を [b]{max_chars}[/b] 以内で単語単位に短縮
With Thousands Separators,桁区切りつき
"Turns a number into grouped digits a player can take in at a glance: 1234567 reads ""1,234,567"". Whole numbers only (the fraction is dropped); a negative keeps its minus sign. For idle-game scale (1.23e15, ""1.23 Qa"") reach for the Big Numbers pack instead.","数値を、プレイヤーが一目でつかめる桁区切りの表記にします: 1234567 は ""1,234,567"" になります。整数のみ (小数部は捨てられます)。負の値はマイナス記号を保ちます。放置ゲーム規模 (1.23e15、""1.23 Qa"") には 大きな数 パックを使ってください。"
[b]{value}[/b] with thousands separators,桁区切りつきの [b]{value}[/b]
The number to make readable. Anything after the decimal point is dropped.,読みやすくする数値。小数点以下は捨てられます。
As Percent Text,パーセント表記
"Turns a fraction into percent TEXT with the sign on it: 0.73 reads ""73%"". Feed it a 0-to-1 value (Percent Of already returns 0-to-100, so divide that by 100 or use the raw fraction).","割合をパーセント記号つきの「テキスト」にします: 0.73 は ""73%"" になります。0 から 1 の値を渡してください (パーセント は 0 から 100 を返すので、100 で割るか生の割合を使います)。"
[b]{value}[/b] as a percent,[b]{value}[/b] をパーセントで
Fraction,割合
"A fraction where 1.0 means full, e.g. health / max_health.",1.0 が満杯を意味する割合。たとえば health / max_health です。
Decimals,小数桁数
Digits after the decimal point. 0 gives a whole percent.,小数点以下の桁数。0 なら整数のパーセントになります。
As Duration,経過時間表記
"Seconds as a duration that survives passing an hour: 3725 reads ""1h 02m"" and 90 reads ""1m 30s"". A negative duration reads as zero. Use As Clock Time when you want strict mm:ss (it rolls an hour into ""60:00"").","1 時間を超えても破綻しない経過時間表記: 3725 は ""1h 02m""、90 は ""1m 30s"" になります。負の長さは 0 として読まれます。厳密な mm:ss が欲しいときは 時計表記 を使ってください (そちらは 1 時間を ""60:00"" にします)。"
[b]{seconds}[/b] as a duration,[b]{seconds}[/b] を経過時間で
Seconds,秒
A duration in seconds.,秒単位の長さ。
Align Left,左揃え
"Pads text out on the RIGHT to a fixed width, so every row starts on the same edge and reads as a column. Text longer than the width is left alone (it is never cut - shorten it first). Give the Label a MONOSPACE theme font or the column will still drift.",テキストの「右側」を埋めて固定幅にします。どの行も同じ端から始まり、列として読めます。幅より長いテキストはそのままです (切りません - 先に短縮してください)。Label のテーマフォントを等幅にしないと、列はやはりずれます。
[b]{text}[/b] aligned left in [b]{width}[/b],[b]{width}[/b] 幅で左揃えの [b]{text}[/b]
The text to pad out.,埋めて広げるテキスト。
Width,幅
Column width in characters. Shorter text is padded; longer text is left as it is.,列の幅 (文字数)。短いテキストは埋められ、長いテキストはそのままです。
Fill with,埋める文字
"What fills the gap: a space, or ""."" for a dotted leader. One character.","隙間を埋めるもの: 空白、または点線にするなら "".""。1 文字です。"
Align Right,右揃え
"Pads text out on the LEFT to a fixed width, so numbers END on the same edge and read as a column of figures. Text longer than the width is left alone. Give the Label a MONOSPACE theme font or the column will still drift.",テキストの「左側」を埋めて固定幅にします。数値が同じ端で「終わり」、数字の列として読めます。幅より長いテキストはそのままです。Label のテーマフォントを等幅にしないと、列はやはりずれます。
[b]{text}[/b] aligned right in [b]{width}[/b],[b]{width}[/b] 幅で右揃えの [b]{text}[/b]
The text to pad out - str() a number first.,埋めて広げるテキスト - 数値はまず str() で文字列にしてください。
Center In Width,幅の中で中央揃え
"Pads text on BOTH sides to a fixed width, so a heading sits in the middle of a column. An odd leftover space goes on the right. Text longer than the width is left alone. Give the Label a MONOSPACE theme font or the centering will still drift.",テキストの「両側」を埋めて固定幅にします。見出しが列の中央に置かれます。余りが奇数のときは右側に回ります。幅より長いテキストはそのままです。Label のテーマフォントを等幅にしないと、中央揃えはやはりずれます。
[b]{text}[/b] centered in [b]{width}[/b],[b]{width}[/b] 幅の中央に置いた [b]{text}[/b]
The text to center.,中央に置くテキスト。
As Title Text,見出し用テキストに
"Turns a machine id into a readable name: ""fire_sword"" reads ""Fire Sword"", ""maxHealth"" reads ""Max Health"". Use it wherever a key has to be shown to a player, so ids and labels never drift apart in two places.","機械向けの id を読みやすい名前にします: ""fire_sword"" は ""Fire Sword""、""maxHealth"" は ""Max Health"" になります。キーをプレイヤーに見せる場所すべてで使えば、id と表示名が 2 か所でずれることがありません。"
[b]{text}[/b] as title text,見出し用にした [b]{text}[/b]
"An id or key, e.g. fire_sword or maxHealth.",id やキー。たとえば fire_sword や maxHealth です。
As Sentence Text,文頭を大文字に
"Raises the FIRST letter only and leaves the rest of the text exactly as it is, so ""NPC"" and ""HP"" keep their capitals. Empty text stays empty.","「最初の 1 文字だけ」を大文字にし、残りはそのままにします。だから ""NPC"" や ""HP"" は大文字のまま保たれます。空のテキストは空のままです。"
[b]{text}[/b] as sentence text,文頭を大文字にした [b]{text}[/b]
A sentence that needs its first letter raised.,最初の 1 文字を大文字にしたい文。
Translated Text From Pattern,パターンからの翻訳テキスト
"Looks the whole sentence up in the current language FIRST, then fills its {slots}. The pattern you type here - slots and all - is the translation key, so it is what goes in the catalog. Filling the slots first (Translate around Text From Pattern) produces a string no catalog can contain, and the text then never translates.",まず文全体を現在の言語で「引いて」から、その {slots} を埋めます。ここに書いたパターンは、スロットも含めてそのまま翻訳キーになるので、カタログにはこれを載せます。先にスロットを埋めてしまうと (パターンからのテキスト を 翻訳 で包む書き方) どのカタログにも存在しない文字列ができ、そのテキストは二度と翻訳されません。
Translation,翻訳
translated text from [b]{pattern}[/b],[b]{pattern}[/b] からの翻訳テキスト
Pattern,パターン
"The source sentence, with {name} slots. This exact string, slots and all, is the translation key that goes in the catalog.",元となる文。{name} のスロットを含みます。この文字列そのものが、スロットも含めてカタログに載る翻訳キーです。
Values,値
"What fills the slots: {""name"": value, ...} - e.g. {""coins"": coins}.","スロットを埋めるもの: {""name"": value, ...} - たとえば {""coins"": coins} です。"
Set Text (translated pattern),テキストを設定 (翻訳パターン)
Sets this Label's text from a pattern that is translated FIRST and filled second. The pattern - slots and all - is the translation key. Re-run it under On Language Changed so the label follows a live language switch.,この Label のテキストを、先に翻訳してから埋めるパターンで設定します。パターンは、スロットも含めてそのまま翻訳キーです。言語が変わったとき の下でもう一度実行すれば、実行中の言語切り替えにラベルが追従します。
set text to translated [b]{pattern}[/b],テキストを翻訳した [b]{pattern}[/b] に設定
Text Is A Number,テキストが数値
"True when this text would convert to a number cleanly. Ask it BEFORE converting, so a typo can never arrive as a silent 0 and the sheet bet nothing. Spaces around the number are ignored; empty text is not a number.",このテキストがきれいに数値へ変換できるとき真になります。変換する「前に」尋ねてください。そうすれば打ち間違いが黙って 0 になり、シートが何も賭けていない状態になることを防げます。数値の前後の空白は無視され、空のテキストは数値ではありません。
Compare: Text,比較: テキスト
{text} is a number,{text} が数値
"Text to test - a typed-in field, a value read back out of a save, a CSV or JSON cell.",検査するテキスト - 手入力の欄、セーブから読み戻した値、CSV や JSON のセルなど。
Text Is A Whole Number,テキストが整数
"True when this text would convert to a WHOLE number cleanly - a count, a level, a slot index. ""12"" passes and ""12.5"" does not, which is the only difference from Text Is A Number.","このテキストがきれいに「整数」へ変換できるとき真になります - 個数、レベル、スロット番号など。""12"" は通り、""12.5"" は通りません。テキストが数値 との違いはそこだけです。"
{text} is a whole number,{text} が整数
"Text to test - a count, a level number, a save slot, a seed.",検査するテキスト - 個数、レベル番号、セーブスロット、シードなど。
Contains Any Of,いずれかを含む
"True when the text contains at least ONE of the listed pieces - a chat filter, a keyword-triggered line, a tag-gated card. Unlike Text Is One Of, which needs the WHOLE text to equal an entry, this looks INSIDE the text. Matching is case-sensitive, and an empty list is never a match.",列挙した断片のうち「少なくとも 1 つ」をテキストが含むとき真になります - チャットのフィルター、キーワードで出るセリフ、タグで開くカードなど。テキスト全体が項目と等しいことを求める テキストがいずれかと一致 と違い、こちらはテキストの「中」を見ます。大文字小文字は区別し、空のリストは決して一致しません。
{text} contains any of {options},{text} が {options} のいずれかを含む
Text to search.,検索するテキスト。
Any Of,いずれか
"List of pieces to look for - written here, or a sheet variable someone can edit without touching this row.",探す断片のリスト - ここに直接書いても、この行に触れずに誰かが編集できるシート変数にしても構いません。
Contains All Of,すべてを含む
"True only when the text contains EVERY listed piece - a combo whose rule text names two keywords, a search box where all the words must match. An empty list counts as true, because nothing is missing.",列挙した断片を「すべて」含むときにだけ真になります - ルール文に 2 つのキーワードが並ぶコンボ、すべての語が一致しなければならない検索欄など。空のリストは、欠けているものが無いので真とみなされます。
{text} contains all of {options},{text} が {options} をすべて含む
All Of,すべて
List of pieces that must ALL appear.,すべて現れなければならない断片のリスト。
Contains None Of,いずれも含まない
"True when the text contains none of the listed pieces - the accept-this-name branch, written as the thing you want to act on instead of an Else. An empty list always passes.",列挙した断片をどれも含まないとき真になります - 「この名前を受け入れる」分岐を、Else ではなく実際に処理したい側として書けます。空のリストは常に通ります。
{text} contains none of {options},{text} が {options} をいずれも含まない
None Of,いずれも
List of pieces that must NOT appear.,現れてはならない断片のリスト。
Number From Text,テキストからの数値
"Reads a number out of text, or hands back the fallback YOU chose - never a surprise zero. Pair it with Text Is A Number when the two cases need different rows. The text is read twice in the emitted line, so keep it a plain read and not something that changes the game.",テキストから数値を読み取ります。読めない場合は「あなたが選んだ」代わりの値を返し、不意の 0 になることはありません。2 つの場合で行を分けたいときは テキストが数値 と組み合わせてください。生成される行の中でテキストは 2 回読まれるので、単なる読み取りにとどめ、ゲームの状態を変えるものは渡さないでください。
Variables: String,変数: 文字列
number from {text} (or {fallback}),{text} からの数値 ({fallback} でも可)
Text to read a number out of.,数値を読み取る元のテキスト。
What you get back when the text is not a number.,テキストが数値でないときに返る値。
Whole Number From Text,テキストからの整数
"Reads a whole number out of text, or hands back your fallback. ""12.5"" is not a whole number, so it lands on the fallback rather than quietly becoming 12 - when you want that rounding, use Number From Text and round the result yourself.","テキストから整数を読み取ります。読めない場合は指定した代わりの値を返します。""12.5"" は整数ではないので、黙って 12 になるのではなく代わりの値になります - その丸めが欲しいときは テキストからの数値 を使い、自分で丸めてください。"
whole number from {text} (or {fallback}),{text} からの整数 ({fallback} でも可)
Text to read a whole number out of.,整数を読み取る元のテキスト。
What you get back when the text is not a whole number.,テキストが整数でないときに返る値。
Is Nothing,何も無い
"True when there is nothing there: no value at all, empty text, an empty list (including an empty Split Text result), or an empty record - one row whatever the value turns out to be. A 0 is NOT nothing, because a score of zero is a real value, and neither is text made only of spaces (that is Text Is Blank).",そこに何も無いとき真になります: 値そのものが無い、空のテキスト、空のリスト (テキストを分割 の空の結果を含む)、空のレコード - 値がどの型でも 1 行で済みます。0 は「何も無い」ではありません。スコア 0 は本物の値だからです。空白だけのテキストも該当しません (それは テキストが空白 です)。
Compare: Types,比較: 型
{value} is nothing,{value} は何も無い
"Anything - text, a list, a record, a reference.",何でも - テキスト、リスト、レコード、参照など。
Has Something,何かが入っている
"True when there IS something there - a name was typed, the inventory has items, the save slot was written, the item slot is filled. The exact opposite of Is Nothing, for the times the filled case is the one you want to act on.",そこに何かが「ある」とき真になります - 名前が入力された、インベントリにアイテムがある、セーブスロットが書き込まれている、装備欄が埋まっている、など。何も無い のちょうど反対で、埋まっている側を処理したいときに使います。
{value} has something,{value} に何かが入っている
Number Or,数値、なければ
"The value when it really is a number, or your own default when it is missing, null, text, or anything else. A zero counts as a real number and is kept. Use it to put a loaded value straight into a whole-number or decimal variable without a guard row first. The value is read twice in the emitted line, so keep it a plain read and not something that changes the game.",本当に数値であればその値を、そうでなければ (無い・null・テキスト・その他) あなたが決めた既定値を返します。0 は本物の数値として保持されます。読み込んだ値を、ガード行なしでそのまま整数や小数の変数へ入れるのに使えます。生成される行の中で値は 2 回読まれるので、単なる読み取りにとどめ、ゲームの状態を変えるものは渡さないでください。
Variables,変数
"{value} as a number, or {fallback}",{value} を数値として、なければ {fallback}
"The untyped value to check - a save slot read, a JSON field, a Dictionary key.",検査する型なしの値 - セーブスロットの読み取り、JSON の項目、辞書のキーなど。
What you get back when it is not a number.,数値でないときに返る値。
Text Or,テキスト、なければ
"The value when it really is text with something in it, or your own default when it is missing, null, blank, or another kind of value. The classic use is a saved player name that falls back to ""Player"". The value is read twice in the emitted line, so keep it a plain read and not something that changes the game.","本当に中身のあるテキストであればその値を、そうでなければ (無い・null・空・別の種類の値) あなたが決めた既定値を返します。典型的な用途は、保存したプレイヤー名が無いときに ""Player"" に戻すことです。生成される行の中で値は 2 回読まれるので、単なる読み取りにとどめ、ゲームの状態を変えるものは渡さないでください。"
"{value} as text, or {fallback}",{value} をテキストとして、なければ {fallback}
"What you get back when it is not text, or is blank.",テキストでない、または空のときに返る値。
List Or,リスト、なければ
"The value when it really is a list with items in it, or your own default when it is missing, null, empty, or another kind of value. A Split Text result counts as a list. Safe to feed straight into a For Each. The value is read twice in the emitted line, so keep it a plain read and not something that changes the game.",本当に要素の入ったリストであればその値を、そうでなければ (無い・null・空・別の種類の値) あなたが決めた既定値を返します。テキストを分割 の結果もリストとして数えます。そのまま For Each に渡しても安全です。生成される行の中で値は 2 回読まれるので、単なる読み取りにとどめ、ゲームの状態を変えるものは渡さないでください。
"{value} as a list, or {fallback}",{value} をリストとして、なければ {fallback}
"The untyped value to check - a loaded inventory, a JSON array, a Split Text result, a Dictionary key.",検査する型なしの値 - 読み込んだインベントリ、JSON の配列、テキストを分割 の結果、辞書のキーなど。
"What you get back when it is not a list, or is empty.",リストでない、または空のときに返る値。
Record Or,レコード、なければ
"The value when it really is a record (a dictionary) with keys in it, or your own default when it is missing, null, empty, or another kind of value. Pair it with Get Key so a whole missing settings block reads as defaults. The value is read twice in the emitted line, so keep it a plain read and not something that changes the game.",本当にキーの入ったレコード (辞書) であればその値を、そうでなければ (無い・null・空・別の種類の値) あなたが決めた既定値を返します。キーを取得 と組み合わせれば、設定ブロックがまるごと無くても既定値として読めます。生成される行の中で値は 2 回読まれるので、単なる読み取りにとどめ、ゲームの状態を変えるものは渡さないでください。
"{value} as a record, or {fallback}",{value} をレコードとして、なければ {fallback}
"The untyped value to check - a loaded settings block, a JSON object, a Dictionary key.",検査する型なしの値 - 読み込んだ設定ブロック、JSON のオブジェクト、辞書のキーなど。
"What you get back when it is not a record, or is empty.",レコードでない、または空のときに返る値。
Value Or,値、なければ
"The value unless it is null, in which case your own default. This one guards nothing else: a zero, a blank text and an empty list all count as real values here. Use it for a method that can hand back null. The value is read twice in the emitted line, so keep it a plain read and not something that changes the game.",null でない限りその値を返し、null のときだけあなたが決めた既定値を返します。これはそれ以外を一切見張りません - 0、空のテキスト、空のリストはいずれもここでは本物の値です。null を返しうるメソッドに使ってください。生成される行の中で値は 2 回読まれるので、単なる読み取りにとどめ、ゲームの状態を変えるものは渡さないでください。
"{value}, or {fallback} when it is nothing",{value}、何も無ければ {fallback}
"Anything that might be null - a method result, a freed reference, a missing key.",null になりうるもの - メソッドの戻り値、解放された参照、存在しないキーなど。
What you get back when it is null.,null のときに返る値。
Part Of,…の成分
"One named piece of a pair, a triple, a colour or a record: the up/down part of a velocity (the jump-or-fall test), the see-through part of a tint, the forward/back part of a 3D direction. Reads as a sentence instead of a typed-in .y. Pick a part the value actually has - a record that might be missing the field is the shipped Get Key (with default)'s job, because that one takes a fallback and this one does not.",ペア・トリプル・色・レコードの、名前の付いた 1 成分です: 速度の上下成分 (ジャンプ中か落下中かの判定)、色合いの透明度成分、3D の向きの前後成分など。手で書いた .y ではなく、文として読めます。値が実際に持っている成分を選んでください - 項目が無いかもしれないレコードは キーを取得 (既定値つき) の担当です。あちらは代わりの値を取りますが、これは取りません。
Variables: Vector,変数: ベクトル
the {part} part of {value},{value} の {part} 成分
"A Vector2, Vector3, Color or record to read one part of.",1 成分を読み取る Vector2 / Vector3 / Color / レコード。
Part,成分
Which named part to read.,どの名前の成分を読むか。
X (left / right),X (左右)
Y (up / down),Y (上下)
Z (forward / back),Z (前後)
Red,赤
Green,緑
Blue,青
Alpha (see-through),アルファ (透明度)
Set Part Of,成分を設定
"Changes one named part and leaves the rest alone: zero the vertical speed on landing and keep the horizontal, flatten a 3D direction to the ground plane, fade only the see-through part of a tint. Writing a part a record does not have yet ADDS it.",名前の付いた 1 成分だけを変え、残りはそのままにします: 着地時に垂直方向の速度を 0 にして水平方向は保つ、3D の向きを地面の平面に押しつぶす、色合いの透明度成分だけをフェードさせる、など。レコードがまだ持っていない成分に書き込むと、その成分が「追加」されます。
set the {part} part of {var_name} to {value},{var_name} の {part} 成分を {value} にする
Variable or property,変数またはプロパティ
"What to change one part of: a node's own member (velocity, modulate, position) picked from the list, or the name of a sheet variable holding a Vector, Color or record.",1 成分を変える対象: リストから選んだノード自身のメンバー (velocity、modulate、position など)、またはベクトル・色・レコードを保持するシート変数の名前。
Which named part to write.,どの名前の成分に書き込むか。
The new value for that one part.,その 1 成分に入れる新しい値。
Watch Data File,データファイルを監視
"Checks whether a data file has been written since the last check, and fires the sheet's data_file_changed(path) signal when it has - so you edit an enemy's numbers in the Inspector and the running game picks them up. Put it under Every X Seconds; the first check only takes a reading, so nothing fires just because the row started. This is a debug-build tool: it reads the file's timestamp each time it runs.",データファイルが前回のチェック以降に書き込まれたかを調べ、書き込まれていればシートの data_file_changed(path) シグナルを発信します - インスペクターで敵の数値を編集すると、実行中のゲームがそれを拾います。X 秒ごと の下に置いてください。最初のチェックは読み取るだけなので、行が始まっただけでは何も発信されません。これはデバッグビルド向けのツールです。実行のたびにファイルのタイムスタンプを読み取ります。
watch [b]{path}[/b] for edits,[b]{path}[/b] の編集を監視
"The data file to watch (a .tres, .json or .csv).",監視するデータファイル (.tres、.json、.csv)。
Reload Data Asset,データアセットを再読み込み
"Re-reads a data asset from disk into the copy every node is already holding, so the new numbers apply without restarting or re-assigning anything. It reloads DATA, not code: a changed script still needs a restart. Nothing happens when the path is not there.",ディスクからデータアセットを読み直し、すべてのノードがすでに持っているコピーに反映します。再起動も再代入もせずに新しい数値が効きます。読み直すのは「データ」であってコードではありません。スクリプトを変更した場合は再起動が必要です。パスが存在しない場合は何も起こりません。
reload data asset [b]{path}[/b],データアセット [b]{path}[/b] を再読み込み
The data asset to re-read from disk.,ディスクから読み直すデータアセット。
On Data File Changed,データファイルが変わったとき
"Runs when a Watch Data File row notices that a watched file has been written. The path arrives on the row as path, so the reaction reloads exactly the file that changed even when two land in the same check. Needs a Signal row for data_file_changed(path: String) - without one the sheet still compiles, but nothing connects this event, so it never runs. The Project Doctor flags that.",監視中のファイルが書き込まれたことを データファイルを監視 の行が検知したときに実行されます。パスは行に path として届くので、2 つのファイルが同じチェックで変わっても、変わったファイルをそのまま読み直せます。data_file_changed(path: String) のシグナル行が必要です - 無くてもシートはコンパイルされますが、このイベントには何も接続されないため実行されません。プロジェクトドクターがそれを指摘します。
On data file changed ( {path} ),データファイルが変わったとき ( {path} )
"The file that was written, carried by the signal itself.",書き込まれたファイル。シグナル自身が運びます。
Data Folder Problems,データフォルダーの問題
"Every structural problem in a folder of data assets, one per line, and """" when it is clean: a file that cannot be loaded, one with no usable id, and two files claiming the same id (where the second quietly wins every lookup). Show it, log it, or fail a build with it.","データアセットのフォルダーにある構造的な問題を 1 行につき 1 件で返し、問題が無ければ """" を返します: 読み込めないファイル、使える id が無いファイル、同じ id を主張する 2 つのファイル (2 つ目が黙ってすべての参照を奪います)。表示する、ログに出す、ビルドを失敗させる、どれにも使えます。"
problems in [b]{folder}[/b],[b]{folder}[/b] の問題
Folder of data assets to check (not recursive).,検査するデータアセットのフォルダー (再帰しません)。
Data Folder Is Valid,データフォルダーが正しい
"True when every data asset in a folder loads, has an id, and has an id no sibling shares - the check to put in front of loading a mod folder or user content. Read the reasons with Data Folder Problems.",フォルダー内のすべてのデータアセットが読み込めて、id を持ち、その id を兄弟のどれとも共有していないとき真になります - MOD フォルダーやユーザーコンテンツを読み込む前に置く条件です。理由は データフォルダーの問題 で読めます。
[b]{folder}[/b] is valid data,[b]{folder}[/b] は正しいデータ
Validate Data Folder,データフォルダーを検証
"Checks a folder of data assets and writes every problem it finds to the Output as one warning, saying which file and what is wrong. A clean folder says nothing at all, so it is safe to leave in a startup event.",データアセットのフォルダーを検査し、見つかった問題をすべて 1 件ずつ警告として出力に書き出します。どのファイルの何が問題かも示します。問題の無いフォルダーは何も言わないので、起動時のイベントに置いたままでも安全です。
validate data folder [b]{folder}[/b],データフォルダー [b]{folder}[/b] を検証
World Point To Screen,ワールド座標を画面座標に
"Where a world point sits on screen right now, camera zoom and scroll included - pin a nameplate, a health bar or a damage number to something that moves. Put the answer on a node that lives on a CanvasLayer and it will track its target without lagging behind the camera.",ワールド上の座標が今どの画面位置にあるか。カメラのズームとスクロールも込みです - ネームプレート、体力バー、ダメージ数値を動くものに貼り付けられます。答えを CanvasLayer 上のノードに与えれば、カメラに遅れることなく対象を追いかけます。
Math & Random,数学と乱数
screen position of [b]{world_point}[/b],[b]{world_point}[/b] の画面位置
World Point,ワールド座標
A position in the game world.,ゲームワールド内の位置。
Screen Point To World,画面座標をワールド座標に
"The world position under a screen pixel - click-to-place, a gamepad cursor, a HUD marker dragged onto the map. The exact opposite of World Point To Screen, so the two round-trip.",画面上のピクセルの下にあるワールド位置 - クリックで配置、ゲームパッドのカーソル、HUD のマーカーをマップにドラッグ、など。ワールド座標を画面座標に のちょうど逆なので、2 つは往復します。
world position of screen point [b]{screen_point}[/b],画面座標 [b]{screen_point}[/b] のワールド位置
Screen Point,画面座標
"A position in screen pixels, with 0,0 at the top-left of the view.","画面ピクセルでの位置。0,0 はビューの左上です。"
Project To Screen (3D),画面へ投影 (3D)
"Where a 3D world point lands on screen - nameplates over 3D characters, damage numbers, objective pins drawn on a CanvasLayer. Reads as 0,0 while there is no active 3D camera, so it never faults during a scene change. Check Is Behind Camera (3D) first: a point behind you still projects to a number.","3D のワールド座標が画面のどこに落ちるか - 3D キャラクターの上のネームプレート、ダメージ数値、CanvasLayer に描く目標ピン。有効な 3D カメラが無い間は 0,0 を返すので、シーン切り替え中でも壊れません。まず カメラの背後にある (3D) を確認してください。背後にある点でも数値としては投影されます。"
screen position of 3D point [b]{world_point}[/b],3D 座標 [b]{world_point}[/b] の画面位置
A position in the 3D world.,3D ワールド内の位置。
Is Point On Screen,座標が画面内にある
"True while a world point is inside the visible view - the honest gate for spawning, culling, showing an off-screen arrow, or holding a tutorial callout until its subject is actually visible.",ワールド座標が見えている範囲の中にある間、真になります - スポーン、カリング、画面外の矢印表示、対象が実際に見えるまでチュートリアルの吹き出しを待たせる、といった判定の正直な条件です。
[b]{world_point}[/b] is on screen (margin [b]{margin}[/b]),[b]{world_point}[/b] は画面内 (余白 [b]{margin}[/b])
The world position being tested.,検査するワールド位置。
Margin,余白
Pixels of slack outside the view that still count as on screen. Negative pulls the test inward.,ビューの外側でも画面内とみなすピクセル数。負の値にすると内側に狭めます。
Is Behind Camera (3D),カメラの背後にある (3D)
"True when a 3D point sits behind the camera plane, where its projected screen position is a mirrored lie. The guard every 3D waypoint marker needs before it draws. With no camera in the scene it reads true, so nothing is drawn into a view that does not exist.",3D の座標がカメラ平面の後ろにあるとき真になります。そこでは投影された画面位置は鏡写しの嘘になります。3D の目標マーカーが描画前に必ず必要とするガードです。シーンにカメラが無い場合は真を返すので、存在しないビューに何かを描いてしまうことはありません。
[b]{world_point}[/b] is behind the camera,[b]{world_point}[/b] はカメラの背後
The 3D position being tested.,検査する 3D 位置。
Screen Edge Position For,画面端の位置
"A screen position that follows a target while it is visible and sticks to the edge of the view once it is not - the off-screen objective arrow, the radar blip, the ""your teammate is over there"" chevron. Pair it with Marker Angle Toward for the rotation.",対象が見えている間はそれを追い、見えなくなるとビューの端に貼り付く画面位置 - 画面外の目標矢印、レーダーの点、「味方はあっちだ」の山形マーク。回転は マーカーの向き角度 と組み合わせてください。
screen edge position for [b]{world_point}[/b] (margin [b]{margin}[/b]),[b]{world_point}[/b] の画面端の位置 (余白 [b]{margin}[/b])
The thing being pointed at.,指し示す対象。
How far in from the edge the marker is parked.,端からどれだけ内側にマーカーを置くか。
Marker Angle Toward,マーカーの向き角度
"The rotation in degrees an on-screen arrow needs so it points from the middle of the view at a world thing - the other half of the off-screen marker, and it stays right while the camera zooms or rotates.",画面上の矢印がビューの中心からワールド上のものを指すために必要な回転 (度) - 画面外マーカーのもう半分で、カメラがズームや回転をしても正しいままです。
marker angle toward [b]{world_point}[/b],[b]{world_point}[/b] へのマーカーの向き角度
Visible World Rect,見えているワールド矩形
"The rectangle of the world the camera can currently see, in world coordinates - spawn just outside it, cull outside it, clamp a node inside it, or size a minimap to it. Follows the camera's zoom and position with nothing to keep in sync.",カメラが今見えているワールドの矩形を、ワールド座標で返します - すぐ外側にスポーンする、外側をカリングする、ノードを内側に収める、ミニマップの大きさを合わせる、など。カメラのズームと位置に自動で追従し、同期を保つ手間はありません。
visible world rect,見えているワールド矩形
Wrap Inside The View (3D),ビュー内でラップ (3D)
"The Asteroids rule in 3D: leave the right of the view and come back on the left, off the top and back at the bottom, at the same distance from the camera. The missing twin of the 2D Wrap Inside The Screen, for a wrap-around arena or an endless shoal. Does nothing while there is no 3D camera.",3D 版のアステロイド則: ビューの右から出たら左から戻り、上から出たら下から戻ります。カメラからの距離はそのままです。2D の 画面内でラップ に欠けていた片割れで、ラップアラウンドの闘技場や果てしない魚群に。3D カメラが無い間は何もしません。
Movement,移動
wrap inside the view,ビュー内でラップ
Random Point In Circle,円内のランダムな点
"An evenly spread random point inside a circle - the sqrt weighting is done for you, so scatter does not bunch up in the middle the way the obvious version does.",円の中に均等に散らばるランダムな点 - sqrt の重み付けは済ませてあるので、素朴な方法のように中央に固まりません。
random point within [b]{radius}[/b] of [b]{center}[/b],[b]{center}[/b] から [b]{radius}[/b] 以内のランダムな点
Center,中心
Middle of the circle.,円の中心。
Radius,半径
In pixels.,ピクセル単位。
Random Point On Circle,円周上のランダムな点
"A random point exactly ON the rim of a circle, never inside it - a spawn ring around the player, orbiting decor, a radial menu slot, the starting point of a homing shot.",円の「縁の上」ちょうどにあるランダムな点で、内側には入りません - プレイヤーを囲むスポーンリング、周回する装飾、放射メニューの位置、追尾弾の開始点に。
random point on a circle of [b]{radius}[/b] around [b]{center}[/b],[b]{center}[/b] を中心とする半径 [b]{radius}[/b] の円周上のランダムな点
Random Point In Ring,輪の中のランダムな点
"A random point in the doughnut between two radii - the off-screen spawner that never drops an enemy in the player's lap, and never so far away it never arrives. Evenly spread across the whole band, not crowded against the inner edge.",2 つの半径にはさまれたドーナツ状の領域のランダムな点 - プレイヤーの真横に敵を落とさず、かといって遠すぎて到達しない距離にもしない画面外スポナーです。帯の全体に均等に散らばり、内側の縁に寄りません。
random point between [b]{inner_radius}[/b] and [b]{outer_radius}[/b] of [b]{center}[/b],[b]{center}[/b] から [b]{inner_radius}[/b] と [b]{outer_radius}[/b] の間のランダムな点
Middle of the ring.,輪の中心。
Inner Radius,内半径
Nothing spawns closer than this.,これより近くにはスポーンしません。
Outer Radius,外半径
Nothing spawns further than this.,これより遠くにはスポーンしません。
Random Point In Rectangle,矩形内のランダムな点
"A random point inside an axis-aligned rectangle - loot scatter across a room, prop placement, confetti over a banner, a patrol target inside a zone. Feed it Visible World Rect's position and size to scatter across whatever the camera can see.",軸に沿った矩形の中のランダムな点 - 部屋に散らばる戦利品、小物の配置、横断幕に降る紙吹雪、ゾーン内の巡回目標に。見えているワールド矩形 の位置とサイズを渡せば、カメラに映る範囲全体に散らばります。
random point in the rect at [b]{top_left}[/b] sized [b]{size}[/b],[b]{top_left}[/b] にある大きさ [b]{size}[/b] の矩形内のランダムな点
Top Left,左上
Corner the rectangle starts at.,矩形が始まる角。
Size,サイズ
Width and height in pixels.,幅と高さ (ピクセル)。
Random Point In Cone,扇内のランダムな点
"A random point inside a wedge - shotgun spread, cone attacks, directional scatter, a spray of sparks away from a wall. Facing and spread are in degrees, so the row reads the way you think about it.",くさび形の中のランダムな点 - ショットガンの拡散、扇状の攻撃、方向性のある散らばり、壁から飛ぶ火花。向きと拡がりは度で指定するので、行が考えたとおりに読めます。
random point in a [b]{spread_degrees}[/b] cone facing [b]{facing_degrees}[/b] from [b]{center}[/b],[b]{center}[/b] から [b]{facing_degrees}[/b] を向いた [b]{spread_degrees}[/b] の扇内のランダムな点
Tip,頂点
Where the wedge starts.,くさびが始まる位置。
Facing,向き
"Direction the wedge points, in degrees.",くさびが向く方向 (度)。
Spread,拡がり
"Total width of the cone in degrees, half either side of facing.",扇の全体の幅 (度)。向きの左右に半分ずつです。
Reach,到達距離
How far the wedge extends.,くさびが伸びる距離。
Random Point Around,周囲のランダムな点
"Random scatter around a node that is already in the scene - blood splats around a hit, footprints around a stomp, sparkles around a pickup, a wander target around home. Pick the node instead of typing its position, and the scatter follows it as it moves.",すでにシーンにあるノードの周りへのランダムな散らばり - 被弾時の血しぶき、踏みつけの足跡、拾得物のきらめき、拠点の周りの徘徊目標。位置を打ち込む代わりにノードを選ぶので、ノードが動けば散らばりも追従します。
random point [b]{min_radius}[/b] to [b]{max_radius}[/b] around [i]{node}[/i],[i]{node}[/i] の周り [b]{min_radius}[/b] から [b]{max_radius}[/b] のランダムな点
Around,周囲
Node the point is scattered around.,点を散らす中心となるノード。
Nearest,最も近い距離
Nothing lands closer than this.,これより近くには落ちません。
Furthest,最も遠い距離
Nothing lands further than this.,これより遠くには落ちません。
Random Direction (2D),ランダムな方向 (2D)
"A random unit direction in 2D - multiply it by a speed for a random shove, by a distance for a random offset. Always exactly one unit long, so the strength stays where you set it.",2D のランダムな単位方向 - 速さを掛ければランダムな突き飛ばし、距離を掛ければランダムなずれになります。常にちょうど 1 の長さなので、強さは設定したままです。
random direction,ランダムな方向
Random Direction (3D),ランダムな方向 (3D)
"A random unit direction in 3D, evenly spread over the whole sphere. The naive three-random-numbers version crowds the corners of a cube; this one does not, so debris and shrapnel fly out honestly.",球全体に均等に散らばる 3D のランダムな単位方向。素朴な「乱数 3 つ」版は立方体の角に偏りますが、これは偏らないので、破片や榴弾片が正直に飛び散ります。
random direction (3D),ランダムな方向 (3D)
Random Point In Sphere,球内のランダムな点
"An evenly spread random point inside a 3D sphere - spawn clouds, debris fields, flocking targets. The cube-root weighting keeps the middle from filling up first.",3D の球の中に均等に散らばるランダムな点 - 雲のスポーン、破片の帯、群れの目標に。三乗根の重み付けにより中央から埋まることがありません。
random point within [b]{radius}[/b] of [b]{center}[/b] (3D),[b]{center}[/b] から [b]{radius}[/b] 以内のランダムな点 (3D)
Middle of the sphere.,球の中心。
In metres.,メートル単位。
Random Point In Box,直方体内のランダムな点
"A random point inside an axis-aligned 3D box - scatter trees over a chunk, spawn enemies in a room volume, place ambient audio emitters. Size is the FULL box, measured around the centre.",軸に沿った 3D の直方体の中のランダムな点 - 区画に木を散らす、部屋のボリュームに敵をスポーンする、環境音のエミッターを置く、など。サイズは中心を基準にした「全体」の大きさです。
random point in a [b]{size}[/b] box at [b]{center}[/b],[b]{center}[/b] にある大きさ [b]{size}[/b] の直方体内のランダムな点
Middle of the box.,直方体の中心。
"Full width, height and depth.",全体の幅、高さ、奥行き。
Random Point On Screen Edge,画面端のランダムな点
"A random WORLD position on the border of what the camera can see - the wave spawner that comes in from a random side, ambient wildlife entering the frame, a meteor starting its run. Grow it with Visible World Rect if you want them to appear from just outside.",カメラに映る範囲の境界上のランダムな「ワールド」位置 - ランダムな方向から来るウェーブスポナー、フレームに入ってくる環境の生き物、走り出す隕石。すぐ外側から現れてほしいときは 見えているワールド矩形 で広げてください。
random point on the screen edge,画面端のランダムな点
Jitter,ゆらぎ
"Nudges a value by a random amount up to the size you give - pitch variation on a sound, a pixel or two of scatter on a decal, a shade of variation on a tint. Works on numbers, vectors and colors as long as the amount is the same kind of value.",指定した大きさまでのランダムな量だけ値を動かします - 音のピッチのばらつき、デカールの数ピクセルの散らばり、色合いの微妙な違い。量が同じ種類の値であれば、数値、ベクトル、色に使えます。
[b]{value}[/b] jittered by [b]{amount}[/b],[b]{amount}[/b] だけゆらいだ [b]{value}[/b]
"The number, vector or color being nudged.",動かす数値、ベクトル、または色。
By,量
"The most it can move, as the SAME kind of value - a number for a number, a Vector2 for a position, a Color for a tint.",動きうる最大量。「同じ種類」の値で指定します - 数値には数値、位置には Vector2、色合いには Color。
Bounce Off Surface,面で跳ね返る
"The velocity a moving thing has AFTER hitting a surface - feed it the normal any hit trigger or raycast hands you. Ricochets, pinball, breakout, deflect shields.",動いているものが面に当たった「後」の速度 - 当たり判定のトリガーやレイキャストが返す法線をそのまま渡してください。跳弾、ピンボール、ブロック崩し、反射シールドに。
[b]{velocity}[/b] bounced off [b]{normal}[/b],[b]{normal}[/b] で跳ね返った [b]{velocity}[/b]
Velocity,速度
How the thing was moving when it hit.,当たった瞬間の動き方。
Surface Normal,面の法線
The normal any hit trigger or raycast hands you.,当たり判定のトリガーやレイキャストが返す法線。
Bounciness,弾み
"1 keeps all the speed, 0.6 is a rubber ball, 0 is a dead stop.",1 なら速さをすべて保ち、0.6 はゴムボール、0 は完全停止です。
Slide Along Surface,面に沿って滑る
"The velocity left over once the part pushing INTO a surface is removed - a wall slide that keeps you moving along the wall instead of sticking to it, slope movement, a dash that grazes a corner rather than stopping dead.",面に「押し込む」成分を取り除いた後に残る速度 - 壁に張り付かずに沿って動く壁ずり、斜面の移動、角をかすめても止まらないダッシュに。
[b]{velocity}[/b] slid along [b]{normal}[/b],[b]{normal}[/b] に沿って滑った [b]{velocity}[/b]
How the thing was moving when it met the surface.,面に触れた瞬間の動き方。
Angle Reflected,反射した角度
The heading in degrees a thing travels on after bouncing off a surface - the answer to feed straight back into Set Angle Of Motion when a bullet should ricochet instead of dying.,面で跳ね返った後に進む向き (度) - 弾が消えずに跳弾すべきときに、移動角度を設定 へそのまま渡せる答えです。
[b]{degrees}[/b] reflected off [b]{normal}[/b],[b]{normal}[/b] で反射した [b]{degrees}[/b]
Angle,角度
"The heading it was travelling on, in degrees.",それまで進んでいた向き (度)。
The normal the hit reported.,当たり判定が返した法線。
Push Out Of Surface,面から押し出す
"A position just clear of a surface instead of exactly on it - park a ricocheting bullet, a decal or a spawned effect here. Landing exactly on a surface is how a thing ends up stuck inside it on the next frame, because a ray that starts inside a shape does not report it.",面のちょうど上ではなく、少し離れた位置 - 跳弾した弾、デカール、生成したエフェクトはここに置いてください。面のちょうど上に置くと、次のフレームで中に埋まってしまいます。形状の内側から始まるレイは、その形状を報告しないからです。
[b]{point}[/b] pushed [b]{distance}[/b] out of [b]{normal}[/b],[b]{normal}[/b] から [b]{distance}[/b] 押し出した [b]{point}[/b]
Hit Point,当たった点
Where the hit happened.,当たりが起きた位置。
Clearance,余裕
Pixels of daylight to leave between the thing and the surface.,ものと面の間に空けておくピクセル数。
Face Along Velocity,進行方向を向く
"Turns this node to point the way it is travelling, and leaves it alone while it is standing still so a stopped thing never snaps back to facing right. Arrows, fish, cars, thrown knives, a camera that leads the motion.",このノードを進んでいる向きに回し、止まっている間は放っておくので、停止したものが右向きに戻ってしまうことはありません。矢、魚、車、投げナイフ、動きを先導するカメラに。
face along [b]{velocity}[/b],[b]{velocity}[/b] の向きを向く
"How this node is moving - Get Velocity on a body, or the direction you are driving it with.",このノードの動き方 - ボディの 速度を取得 か、動かしている方向です。
Look At (safe up),注視 (安全な上方向)
"Turns a 3D node to face a point WITHOUT the crash the plain Look At has: when the target is directly overhead or underfoot, the usual up vector points the same way as the look direction and Godot cannot build a rotation from that. This one swaps the up vector at the last moment, and does nothing at all when the target is where the node already is.",3D ノードを指定の点に向けます。素の Look At が起こすクラッシュはありません: 対象が真上や真下にあると、通常の上方向ベクトルが視線方向と同じ向きになり、Godot は回転を作れません。こちらは直前で上方向ベクトルを差し替え、対象がノードと同じ位置にあるときは何もしません。
look at [b]{target}[/b] (safe up),[b]{target}[/b] を注視 (安全な上方向)
Look At,注視先
The world position to face.,向くワールド位置。
Look At (flat),注視 (水平)
"Turns a 3D node to face a point but only around the up axis, so a character looks at the player without tipping over to stare at their feet. The rotation every humanoid, turret base and standing NPC actually wants.",3D ノードを上方向の軸まわりだけで点に向けるので、キャラクターは倒れ込んで足元を見つめることなくプレイヤーを見ます。人型、砲台の土台、立っている NPC が実際に求める回転です。
look at [b]{target}[/b] (flat),[b]{target}[/b] を注視 (水平)
Aim At Moving Target,動く標的を狙う
"Where to aim so a shot MEETS a moving target instead of trailing it - the interception point every turret and archer needs. When the target is faster than the shot no lead exists, and it falls back to the target's current spot rather than pointing somewhere absurd.",弾が動く標的を追いかけるのではなく「出会う」ために狙うべき位置 - すべての砲台と射手が必要とする迎撃点です。標的が弾より速い場合、先読み点は存在しないので、ばかげた方向を指す代わりに標的の現在位置を返します。
aim at [b]{target_position}[/b] moving [b]{target_velocity}[/b],[b]{target_velocity}[/b] で動く [b]{target_position}[/b] を狙う
Shooting From,射出位置
Where the shot starts.,弾が始まる位置。
Target At,標的の位置
Where the target is right now.,標的が今いる位置。
Target Moving At,標的の速度
"How the target is moving, in pixels per second.",標的の動き方 (ピクセル毎秒)。
Shot Speed,弾速
"How fast your shot travels, in pixels per second.",自分の弾が進む速さ (ピクセル毎秒)。
Launch Angle For Arc,放物線の発射角
"The angle in degrees to fire something so it ARCS onto a target - grenades, mortars, catapults, a coin tossed into a counter. Picks the flatter of the two possible arcs, and reads as 45 degrees when the shot cannot reach at all, so a row never produces a number that is not a number.",標的へ「弧を描いて」当てるための発射角 (度) - 手榴弾、迫撃砲、投石機、カウンターに投げるコイン。2 つある弧のうち低いほうを選び、まったく届かない場合は 45 度を返すので、行が数値でないものを生むことはありません。
"launch angle to reach [b]{distance}[/b] away, [b]{height}[/b] up",[b]{distance}[/b] 先、高さ [b]{height}[/b] に届く発射角
Distance,距離
"How far away the target is, along the ground.",標的までの地面に沿った距離。
Height Difference,高低差
How much higher the target is than the launcher; negative is downhill.,標的が発射地点よりどれだけ高いか。負なら下り坂です。
Launch Speed,初速
How fast the thing leaves the launcher.,発射時の速さ。
Gravity,重力
"Pull downward, in the same units as the speed.",下向きの引き。速さと同じ単位です。
Time To Reach,到達までの時間
"How many seconds something moving at a steady speed needs to cover a distance - time a warning before the missile lands, size a tween to match a walk, decide whether the interceptor can get there first.",一定の速さで動くものが距離を進むのに必要な秒数 - ミサイル着弾前の警告のタイミング、歩きに合わせたトゥイーンの長さ、迎撃機が間に合うかの判断に。
time for [b]{speed}[/b] to cross [b]{from_position}[/b] to [b]{to_position}[/b],[b]{speed}[/b] で [b]{from_position}[/b] から [b]{to_position}[/b] まで進む時間
Where it starts.,出発する位置。
Where it is going.,向かう位置。
Speed,速さ
Pixels per second.,ピクセル毎秒。
Cell Of Point,座標のセル
"Which grid cell a world position falls in - no TileMapLayer needed, so build grids, inventory slots and chunk keys all speak the same language. Negative positions land in negative cells, which is what a grid that extends left and up actually wants.",ワールド位置がどのグリッドセルに入るか - TileMapLayer は不要なので、グリッド、インベントリの枠、チャンクのキーがすべて同じ言葉で話せます。負の位置は負のセルに入りますが、それは左や上へ伸びるグリッドが本当に求める挙動です。
cell of [b]{point}[/b] on a [b]{cell_size}[/b] grid,[b]{cell_size}[/b] のグリッド上での [b]{point}[/b] のセル
Point,座標
A world position.,ワールド位置。
Cell Size,セルサイズ
Pixels across one cell. Type Tiles(1) to read your project's own tile size instead.,セル 1 つの幅 (ピクセル)。プロジェクト自身のタイルサイズを読むには Tiles(1) と入力してください。
Center Of Cell,セルの中心
"The world position at the middle of a grid cell - where the placement ghost sits, where the tower is built, where the piece lands. The exact partner of Cell Of Point, so the pair round-trips.",グリッドセルの中央にあたるワールド位置 - 配置ゴーストが立つ場所、タワーが建つ場所、駒が落ちる場所です。座標のセル のちょうど相方なので、2 つは往復します。
center of cell [b]{cell}[/b] on a [b]{cell_size}[/b] grid,[b]{cell_size}[/b] のグリッド上でのセル [b]{cell}[/b] の中心
Cell,セル
The grid cell.,グリッドのセル。
Pixels across one cell.,セル 1 つの幅 (ピクセル)。
Snap Point To Grid,座標をグリッドにスナップ
"The nearest grid intersection to a loose position - a dragged card falling into its slot, a level editor brush, a UI element clicking onto a column. Rounds to the nearest, so a thing dropped just past halfway moves forward rather than back.",中途半端な位置にいちばん近いグリッドの交点 - ドラッグしたカードが枠に収まる、レベルエディターのブラシ、UI 要素が列にはまる、など。いちばん近い点に丸めるので、半分をわずかに越えて置いたものは戻らずに前へ進みます。
[b]{point}[/b] snapped to a [b]{cell_size}[/b] grid,[b]{cell_size}[/b] のグリッドにスナップした [b]{point}[/b]
The loose world position.,中途半端なワールド位置。
Snap Point To Grid (3D),座標をグリッドにスナップ (3D)
"The nearest point on a 3D grid - voxel placement, modular level pieces clicking together, a build cursor that lines up with the floor tiles.",3D グリッド上でいちばん近い点 - ボクセルの配置、モジュール式のレベルパーツの接合、床タイルに揃うビルドカーソルに。
[b]{point}[/b] snapped to a [b]{cell_size}[/b] grid (3D),[b]{cell_size}[/b] のグリッドにスナップした [b]{point}[/b] (3D)
Metres across one cell.,セル 1 つの幅 (メートル)。
Cell Distance,セル間の距離
"How far apart two grid cells are, with the same geometry dropdown the rest of the plugin uses: straight line, horizontal or vertical only, grid steps (Manhattan) or king moves (Chebyshev). One expression that fits a roguelike, a strategy game and a puzzle board alike.",2 つのグリッドセルがどれだけ離れているかを、プラグインの他の部分と同じ幾何のドロップダウンで求めます: 直線、水平のみ、垂直のみ、グリッドの歩数 (マンハッタン)、キングの移動 (チェビシェフ)。1 つの式でローグライクにも戦略ゲームにもパズル盤にも合います。
"distance from cell [b]{from_cell}[/b] to [b]{to_cell}[/b], measured as [b]{metric}[/b]",セル [b]{from_cell}[/b] から [b]{to_cell}[/b] までの距離、[b]{metric}[/b] で計測
From Cell,起点セル
One cell.,一方のセル。
To Cell,終点セル
The other cell.,もう一方のセル。
Measured As,計測方法
"How the distance is counted - a roguelike wants Grid steps, a chess board wants King moves.",距離の数え方 - ローグライクなら グリッドの歩数、チェス盤なら キングの移動 です。
Straight line,直線
Horizontal only,水平のみ
Vertical only,垂直のみ
Grid steps,グリッドの歩数
King moves,キングの移動
Neighbours Of Cell,セルの隣接セル
"The cells touching a cell, as a list - flood fill, path search, ""is anything next to me"", spreading fire, match-three clearing. Choose four sides, eight including diagonals, or the six neighbours of an axial hex board.",あるセルに接するセルをリストで返します - 塗りつぶし、経路探索、「隣に何かあるか」、延焼、マッチ 3 の消去に。4 方向、斜めを含む 8 方向、軸座標ヘックス盤の 6 方向から選べます。
neighbours of cell [b]{cell}[/b] ([b]{shape}[/b]),セル [b]{cell}[/b] の隣接セル ([b]{shape}[/b])
The cell whose neighbours you want.,隣接セルを知りたいセル。
Shape,形
How cells touch on this board.,この盤でセルがどう接するか。
4 sides,4 方向
8 including diagonals,斜めを含む 8 方向
6 hex (axial),6 方向ヘックス (軸座標)
Cells In Line,直線上のセル
"Every cell a straight line passes through, in order from one cell to the other - a laser beam's path, tile-based line of sight, a corridor carved between two rooms, a ruler for a ranged attack. Both ends are included.",直線が通るすべてのセルを、一方のセルからもう一方へ順番に返します - レーザーの経路、タイル単位の視線、部屋の間に掘る通路、遠距離攻撃の物差しに。両端とも含まれます。
cells in the line from [b]{from_cell}[/b] to [b]{to_cell}[/b],セル [b]{from_cell}[/b] から [b]{to_cell}[/b] までの直線上のセル
Where the line starts.,直線が始まる位置。
Where the line ends.,直線が終わる位置。
Cells In Radius,半径内のセル
"Every cell within a step radius of a centre cell, as a list - a blast footprint, a range preview, a fog reveal, the tiles a tower covers. Choose the diamond (counting grid steps) or the square (counting king moves).",中心セルから歩数半径の内側にあるすべてのセルをリストで返します - 爆風の範囲、射程のプレビュー、霧の解除、タワーがカバーするタイルに。グリッドの歩数で数えるひし形か、キングの移動で数える正方形かを選べます。
cells within [b]{radius}[/b] of [b]{center}[/b] ([b]{shape}[/b]),[b]{center}[/b] から [b]{radius}[/b] 以内のセル ([b]{shape}[/b])
Center Cell,中心セル
The middle of the area.,範囲の中心。
Radius In Cells,半径 (セル数)
How many steps out from the middle.,中心から何歩ぶん外側までか。
Whether the corners count.,角を数えるかどうか。
Grid steps (diamond),グリッドの歩数 (ひし形)
King moves (square),キングの移動 (正方形)
Cells In Rectangle,矩形内のセル
"Every cell in a rectangular block, row by row - stamping a room, laying out an inventory grid, placing a multi-cell building, clearing a region of fog. An empty or negative size walks nothing rather than looping backwards.",矩形のブロックにあるすべてのセルを 1 行ずつ返します - 部屋の型押し、インベントリのグリッド配置、複数セルの建物の設置、霧の一区画の解除に。サイズが 0 や負の場合は逆走せずに何も回しません。
cells in the [b]{size}[/b] block at [b]{top_left}[/b],[b]{top_left}[/b] にある [b]{size}[/b] のブロック内のセル
Top Left Cell,左上のセル
Corner the block starts at.,ブロックが始まる角。
Size In Cells,サイズ (セル数)
How many cells across and down.,横と縦のセル数。
Is Cell In Bounds,セルが盤内にある
"True while a cell is on the board - the guard before every placement, every move and every array lookup keyed by cell. Counting starts at 0,0 in the top-left, so a 20 by 12 board's last cell is 19,11.","セルが盤の上にある間、真になります - すべての配置、すべての移動、セルをキーにした配列参照の前に置くガードです。数え始めは左上の 0,0 なので、20 x 12 の盤の最後のセルは 19,11 です。"
cell [b]{cell}[/b] is inside a [b]{size}[/b] board,セル [b]{cell}[/b] は [b]{size}[/b] の盤の内側
The cell being tested.,検査するセル。
Board Size,盤のサイズ
How many cells the board is across and down.,盤の横と縦のセル数。
For Each Cell In Radius,半径内のセルごとに
"Runs this event's actions once per cell within a step radius of a centre cell - range previews, blast footprints, fog reveal, area-of-effect highlights. Read the current one as `cell`.",中心セルから歩数半径の内側にあるセル 1 つにつき 1 回、このイベントのアクションを実行します - 射程プレビュー、爆風の範囲、霧の解除、範囲効果のハイライトに。現在のセルは `cell` で読めます。
for each cell within [b]{radius}[/b] of [b]{center}[/b],[b]{center}[/b] から [b]{radius}[/b] 以内のセルごとに
Falloff At Distance,距離による減衰
"How strong an effect is at a distance, from 1 at the centre to 0 at the edge - the one number that makes an explosion, a sound, a magnet or a screen shake care how close it was. Anything past the radius reads as 0, so it is safe to multiply straight into damage. For a hand-drawn profile, feed this number into Sample Curve.",距離に応じた効果の強さを、中心の 1 から端の 0 まで返します - 爆発、音、磁力、画面揺れが「どれだけ近かったか」を気にするようになる唯一の数値です。半径より外は 0 になるので、そのままダメージに掛けても安全です。手描きの曲線が欲しいときは、この数値を カーブをサンプル に渡してください。
falloff from [b]{center}[/b] at [b]{point}[/b] within [b]{radius}[/b],[b]{radius}[/b] の範囲で [b]{center}[/b] から [b]{point}[/b] への減衰
Where the effect comes from.,効果の発生源。
What is being affected.,影響を受けるもの。
Past this it reads 0.,これを超えると 0 になります。
Profile,曲線
How quickly the strength drops off with distance.,距離に応じて強さがどれだけ速く落ちるか。
Linear,直線
Sharp (squared),急 (2 乗)
Smooth (ease out),なめらか (イーズアウト)
Strength Toward,相手への強さ
"Falloff between THIS node and another one, without spelling out either position - guard suspicion that builds faster the closer you are, a magnet that pulls harder up close, a sound that ducks as you approach. Reads 0 once the other node is out of range.",「このノード」と別のノードの間の減衰を、どちらの位置も書かずに求めます - 近いほど速く高まる衛兵の警戒度、近づくほど強く引く磁石、近づくと引っ込む音。相手が範囲外になると 0 になります。
strength toward [i]{node}[/i] within [b]{radius}[/b],[b]{radius}[/b] の範囲での [i]{node}[/i] への強さ
Toward,相手
The node the strength is measured against.,強さを測る相手のノード。
Apply Radial Impulse,放射状の力を加える
"Throws this physics body away from a blast, weaker the further it was - barrels, crates, ragdolls and debris flung by an explosion. One row on the body; the blast only has to say where it happened.",この物理ボディを爆風から遠ざけるように吹き飛ばします。遠いほど弱くなります - 爆発で飛ぶ樽、木箱、ラグドール、破片に。行はボディ側に 1 つ置くだけで、爆風はどこで起きたかを言えば済みます。
apply radial impulse [b]{strength}[/b] from [b]{center}[/b],[b]{center}[/b] から放射状の力 [b]{strength}[/b] を加える
Blast Center,爆心
Where the explosion went off.,爆発が起きた位置。
Strength,強さ
"The push at the very centre, in impulse units.",中心ちょうどでの押しの強さ (力積の単位)。
Past this the push is nothing.,これを超えると押しはゼロになります。
Push Group Away From,グループを押しのける
"Shoves every member of a group away from a point, hardest at the centre and not at all past the radius - the mirror of Pull Group Toward. A shockwave clearing a crowd, a repulsor field, a dash that parts the enemies it passes through.",グループのすべてのメンバーをある点から遠ざけます。中心がいちばん強く、半径を超えるとまったく効きません - グループを引き寄せる の鏡です。群衆を蹴散らす衝撃波、斥力フィールド、通り抜けざまに敵を分けるダッシュに。
push group [b]{group}[/b] away from [b]{center}[/b] within [b]{radius}[/b],グループ [b]{group}[/b] を [b]{radius}[/b] の範囲で [b]{center}[/b] から押しのける
Group whose members get shoved.,メンバーが押しのけられるグループ。
Away From,押しのける基点
Where the shove comes from.,押しが生じる位置。
Only members inside this are shoved.,この範囲の中のメンバーだけが押しのけられます。
Pixels the closest member is moved.,いちばん近いメンバーが動くピクセル数。
Is Within Cone Of,扇の中にある
"True while a point sits inside a facing wedge - guard vision, spotlight checks, melee arcs, directional blasts. The cheap test to put in front of an expensive raycast: if it is not in the cone, there is nothing to trace.",座標が向きを持つくさびの中にある間、真になります - 衛兵の視界、スポットライトの判定、近接攻撃の弧、方向性のある爆風に。高価なレイキャストの前に置く安い判定です: 扇の中に無いなら、そもそも辿るものがありません。
[b]{point}[/b] is within a [b]{fov_degrees}[/b] cone of [b]{origin}[/b] facing [b]{facing_degrees}[/b],[b]{point}[/b] は [b]{facing_degrees}[/b] を向いた [b]{origin}[/b] の [b]{fov_degrees}[/b] の扇の中
Cone From,扇の起点
"Tip of the wedge - the guard, the spotlight, the blast.",くさびの頂点 - 衛兵、スポットライト、爆風など。
"Which way the wedge points, in degrees.",くさびが向く方向 (度)。
The position being tested.,検査する位置。
Cone Width,扇の幅
Total width of the wedge in degrees.,くさびの全体の幅 (度)。
"How far the wedge extends, in pixels.",くさびが伸びる距離 (ピクセル)。
Wait Until,条件まで待つ
"Pauses this event until a check comes true, or until the give-up time passes. Read which happened on the next row with Wait Succeeded / Wait Timed Out, naming this wait. It polls once a frame, so prefer Wait For Signal when a real signal exists for what you are waiting on.",条件が真になるまで、または諦める時間が過ぎるまで、このイベントを一時停止します。どちらが起きたかは、この待機の名前を指定して 待機が成功した / 待機がタイムアウトした で次の行から読めます。1 フレームに 1 回調べるので、待っている対象に本物のシグナルがあるなら シグナルを待つ のほうが向いています。
Time,時間
"wait [b]{wait_name}[/b] until [b]{check}[/b], give up after [b]{seconds}[/b]s",[b]{check}[/b] まで [b]{wait_name}[/b] を待つ、[b]{seconds}[/b] 秒で諦める
Named,名前
"A name for this wait, so Wait Succeeded / Wait Timed Out can say which one they mean.",この待機の名前です。待機が成功した / 待機がタイムアウトした がどの待機を指すか言えるようにします。
Until,条件
"The check to wait for, tested once a frame.",待つ対象の条件。1 フレームに 1 回調べます。
Give Up After,諦めるまで
Seconds before giving up. 0 waits forever.,諦めるまでの秒数。0 なら永遠に待ちます。
Wait For All Of,すべてを待つ
"Pauses this event until every signal in the list has fired at least once, or until the give-up time passes. It connects them ALL up front, one-shot, so nothing can fire into the gap between two waits - the bug a hand-written chain of awaits always has. An empty list succeeds at once.",リストのすべてのシグナルが少なくとも 1 回発信されるまで、または諦める時間が過ぎるまで、このイベントを一時停止します。最初にすべてをワンショットで接続するので、2 つの待機のすき間に発信が落ちることはありません - 手書きの await の連鎖が必ず持つバグです。空のリストはただちに成功します。
"wait [b]{wait_name}[/b] for ALL of [b]{signals}[/b], give up after [b]{seconds}[/b]s",[b]{signals}[/b] の「すべて」を [b]{wait_name}[/b] で待つ、[b]{seconds}[/b] 秒で諦める
Signals,シグナル
"The signals to join, as a list: [$Door.opened, $Camera.arrived].","まとめて待つシグナルをリストで: [$Door.opened, $Camera.arrived]。"
Wait For Any Of,いずれかを待つ
"Pauses this event until the first of several signals fires, then carries on - a race, or a sudden-death timer. Read which one won with First To Finish, naming this wait: it answers ""Node.signal"", so racing $Player.died against $Boss.died still tells you which one it was. Every signal is connected one-shot up front, so the winner is whichever really fired first, and the losers are disconnected when the race ends.","複数のシグナルのうち最初の 1 つが発信されるまでこのイベントを一時停止し、その後は続行します - 競争、あるいはサドンデスのタイマーに。どれが勝ったかは、この待機の名前を指定して 最初に終わったもの で読めます: 答えは ""Node.signal"" の形なので、$Player.died と $Boss.died を競わせてもどちらだったか分かります。すべてのシグナルは最初にワンショットで接続されるので、勝者は本当に最初に発信したものであり、負けたほうは競争の終わりに切断されます。"
wait [b]{wait_name}[/b] for ANY of [b]{signals}[/b],[b]{signals}[/b] の「いずれか」を [b]{wait_name}[/b] で待つ
"A name for this wait, so First To Finish and the outcome conditions can say which one they mean.",この待機の名前です。最初に終わったもの や結果の条件がどの待機を指すか言えるようにします。
"The signals to race, as a list: [$Player.died, $Boss.died].","競わせるシグナルをリストで: [$Player.died, $Boss.died]。"
Wait Succeeded,待機が成功した
"True when the named wait ended because what it was waiting for happened. A wait that has never run is neither succeeded nor timed out, so nothing fires before the wait does.",名前の付いた待機が、待っていたことが起きたために終わったとき真になります。一度も実行されていない待機は成功でもタイムアウトでもないので、待機より先に何かが動くことはありません。
wait [b]{wait_name}[/b] succeeded,待機 [b]{wait_name}[/b] が成功した
The name the wait row used.,待機の行が使った名前。
Wait Timed Out,待機がタイムアウトした
"True when the named wait gave up instead of finishing - the recovery branch for a load that never reported in. The same timeout also reports on verb_failed, so another event can handle it as On Failure Of.",名前の付いた待機が、終わらずに諦めたとき真になります - 報告の来ない読み込みに対する復旧の分岐です。同じタイムアウトは verb_failed でも報告されるので、別のイベントが 失敗したとき として処理することもできます。
wait [b]{wait_name}[/b] timed out,待機 [b]{wait_name}[/b] がタイムアウトした
First To Finish,最初に終わったもの
"Which signal a Wait For Any Of was watching finished first, written as ""Node.signal"" (the node's name, a dot, the signal's name), or empty text when it timed out. The node is part of the answer on purpose: a race between $Player.died and $Boss.died is two signals with the same name, and only the owner tells them apart. Compare it in a condition cell to branch on the winner.","いずれかを待つ が見ていたシグナルのうち最初に終わったものを ""Node.signal"" (ノードの名前、ドット、シグナルの名前) の形で返します。タイムアウトした場合は空のテキストです。ノードが答えに含まれるのは意図的です: $Player.died と $Boss.died の競争は同じ名前のシグナル 2 つであり、持ち主だけが両者を見分けられます。条件セルで比較すれば勝者で分岐できます。"
first to finish ( [b]{wait_name}[/b] ),最初に終わったもの ( [b]{wait_name}[/b] )
The name the Wait For Any Of row used.,いずれかを待つ の行が使った名前。
Retry Up To N Times,最大 N 回まで再試行
"Runs this event's actions over and over, up to a number of attempts, so a nested Stop Retrying can end it the moment the thing works. With no waiting inside it stays instant, which makes it the procedural-placement loop as much as the disk retry. Read the try number with Retry Attempt Number.",このイベントのアクションを、指定した回数まで繰り返し実行します。中に置いた 再試行をやめる で、うまくいった瞬間に終われます。中で待たなければ即座に終わるので、ディスクの再試行と同じくらい手続き的な配置ループにも向きます。何回目かは 再試行の回数 で読めます。
retry [b]{retry_name}[/b] up to [b]{times}[/b] times,[b]{retry_name}[/b] を最大 [b]{times}[/b] 回まで再試行
"A name for this retry, matching its Stop Retrying and Retries Exhausted rows.",この再試行の名前です。対応する 再試行をやめる と 再試行を使い切った の行と一致させます。
Times,回数
Most attempts before giving up.,諦めるまでの最大試行回数。
Retry Attempt Number,再試行の回数
"Which try this is, counting from 1 - the number you put in the log line or the HUD. Only readable inside a Retry Up To N Times loop, and it reads that loop's own variable, so change the cell if you renamed it.",今が何回目かを 1 から数えて返します - ログ行や HUD に入れる数値です。最大 N 回まで再試行 のループの中でだけ読め、そのループ自身の変数を読むので、ループ変数の名前を変えたならセルも変えてください。
retry attempt number,再試行の回数
Loop Variable,ループ変数
The retry loop's own variable. Leave it as attempt unless you renamed the loop variable on the Retry Up To N Times row.,再試行ループ自身の変数です。最大 N 回まで再試行 の行でループ変数の名前を変えていないかぎり、attempt のままにしてください。
Stop Retrying,再試行をやめる
"Ends the retry loop right now because the attempt worked, and records that it worked so Retries Exhausted below stays false. Put it under the condition that means success.",試行が成功したので再試行ループを今すぐ終わらせ、成功したことを記録するので、下にある 再試行を使い切った は偽のままになります。成功を意味する条件の下に置いてください。
stop retrying [b]{retry_name}[/b],[b]{retry_name}[/b] の再試行をやめる
The name the Retry Up To N Times row uses.,最大 N 回まで再試行 の行が使っている名前。
Retries Exhausted,再試行を使い切った
"True when the retry loop above ran out of tries without a Stop Retrying - the give-up branch. Put it in a sibling row directly beneath the retry loop, using the same name; a retry that has never run is not exhausted, so nothing fires before the loop does. Reading it clears the record, so the next run starts clean. When the retry WAITS between tries (Wait Before Next Try) the loop is still running while the rows beneath it are reached, so report that give-up with Report Failure on the last attempt and handle it in an On Failure Of event instead.",上の再試行ループが 再試行をやめる に出会わないまま回数を使い切ったとき真になります - 諦めの分岐です。再試行ループのすぐ下の兄弟の行に、同じ名前で置いてください。一度も実行されていない再試行は使い切っていないので、ループより先に何かが動くことはありません。読み取ると記録は消えるので、次の実行はきれいな状態から始まります。再試行が試行の間に「待つ」場合 (次の試行まで待つ)、下の行に到達した時点でループはまだ動いているので、その諦めは最後の試行で 失敗を報告 して 失敗したとき のイベントで処理してください。
retries for [b]{retry_name}[/b] exhausted,[b]{retry_name}[/b] の再試行を使い切った
Wait Before Next Try,次の試行まで待つ
"Pauses before the next attempt, waiting longer each time when you set a growth above 1 - the polite way to retry a disk or a slow source. It suspends this event like Wait does, so pair the retry with Once At A Time when the trigger can fire again mid-retry.",次の試行の前に待ちます。増加率を 1 より大きくすると毎回長く待ちます - ディスクや遅い供給元に対する礼儀正しい再試行のしかたです。待つ と同じようにこのイベントを中断するので、再試行の途中でトリガーが再び発火しうるときは 一度に 1 つだけ と組み合わせてください。
wait [b]{delay}[/b]s before try [b]{attempt}[/b] (growing x[b]{growth}[/b]),試行 [b]{attempt}[/b] の前に [b]{delay}[/b] 秒待つ (x[b]{growth}[/b] で増加)
Wait after the first failed try.,最初の失敗の後に待つ時間。
Growing By,増加率
"1 = the same wait every time, 2 = doubling backoff.",1 = 毎回同じ待ち時間、2 = 倍々のバックオフ。
On Try,試行回数
Which try this is - put Retry Attempt Number here.,今が何回目か - ここには 再試行の回数 を入れます。
Remember In Trail,履歴に記録
"Records a value into a named rolling history you can dump, chart, or check when something goes wrong.",値を名前付きの巡回履歴に記録し、後で書き出したり、図にしたり、問題が起きたときに確認したりできます。
Debug,デバッグ
"remember [b]{value}[/b] in trail [b]{trail}[/b], keep [b]{keep}[/b]",[b]{value}[/b] を履歴 [b]{trail}[/b] に記録、[b]{keep}[/b] 件保持
"The value to record this tick - a number, a vector, anything printable.",このティックで記録する値 - 数値、ベクトル、表示できるものなら何でも。
Trail,履歴
Trail name - any label you also use in the trail expressions.,履歴の名前 - 履歴の式でも使う任意のラベルです。
Keep,保持件数
How many recent values to hold (older ones drop off the front).,直近の値を何件保持するか (古いものから順に落ちます)。
Trail Values,履歴の値
"Returns the whole trail as an array, oldest first - feed it to a chart, a table, or an array action.",履歴全体を配列として、古い順に返します - 図、表、配列のアクションに渡せます。
trail [b]{trail}[/b] values,履歴 [b]{trail}[/b] の値
"Trail name, matching a Remember In Trail action.",履歴の名前。履歴に記録 のアクションと一致させます。
Lowest In Trail,履歴の最小値
"The smallest value recorded in a trail, which is the spike a per-frame watch blinked past. An empty trail reads as INF.",履歴に記録された最小の値。毎フレームの監視では見逃していた急落がこれです。空の履歴は INF になります。
lowest in trail [b]{trail}[/b],履歴 [b]{trail}[/b] の最小値
Highest In Trail,履歴の最大値
The largest value recorded in a trail. An empty trail reads as -INF.,履歴に記録された最大の値。空の履歴は -INF になります。
highest in trail [b]{trail}[/b],履歴 [b]{trail}[/b] の最大値
Average In Trail,履歴の平均
The mean of every number recorded in a trail - a rolling average that is as useful in gameplay as in debugging. An empty trail reads as 0.,履歴に記録されたすべての数値の平均 - デバッグと同じくらいゲーム内でも役に立つ移動平均です。空の履歴は 0 になります。
average of trail [b]{trail}[/b],履歴 [b]{trail}[/b] の平均
Newest In Trail,履歴の最新値
"The most recently recorded value in a trail, or 0 when nothing has been recorded yet.",履歴にいちばん最近記録された値。まだ何も記録されていない場合は 0 です。
newest in trail [b]{trail}[/b],履歴 [b]{trail}[/b] の最新値
Trail Length,履歴の長さ
"How many values a trail is currently holding, which tops out at the Keep you gave it.",履歴が現在保持している値の件数。指定した 保持件数 が上限です。
length of trail [b]{trail}[/b],履歴 [b]{trail}[/b] の長さ
Log Trail,履歴をログ出力
"Prints the whole trail to the Output console, so the seconds before a bug arrive with the bug.",履歴全体を出力コンソールに表示するので、バグの直前の数秒がバグと一緒に届きます。
log trail [b]{trail}[/b],履歴 [b]{trail}[/b] をログ出力
Save Trail To CSV,履歴を CSV に保存
Writes a trail to a two-column CSV file you can open in a spreadsheet and plot.,履歴を 2 列の CSV ファイルに書き出します。表計算ソフトで開いて図にできます。
save trail [b]{trail}[/b] to [b]{path}[/b],履歴 [b]{trail}[/b] を [b]{path}[/b] に保存
Where to write the file. Use user:// so it works in an exported game.,ファイルを書き出す場所。書き出したゲームでも動くように user:// を使ってください。
Clear Trail,履歴をクリア
"Forgets everything a trail recorded, so the next run starts from nothing.",履歴が記録したものをすべて忘れるので、次の実行は何も無い状態から始まります。
clear trail [b]{trail}[/b],履歴 [b]{trail}[/b] をクリア
Frame Took Longer Than,フレームが指定時間を超えた
"True on a frame that took longer than your budget, which is the hitch caught as it happens. Needs a per-frame trigger.",予算より時間のかかったフレームで真になります。起きたその場で捕まえたカクつきです。毎フレームのトリガーが必要です。
frame took longer than [b]{ms}[/b] ms,フレームが [b]{ms}[/b] ms を超えた
Milliseconds,ミリ秒
The budget. 16.6 is one frame at 60 FPS.,予算。16.6 は 60 FPS の 1 フレームです。
FPS Below For,FPS が一定時間下回った
"True once the framerate has stayed under your floor for the whole stretch you name, which tells a real performance drop apart from one stuttery frame. Needs a per-frame trigger.",フレームレートが指定した下限を、指定した期間ずっと下回り続けたときに真になります。本物の性能低下と 1 フレームだけのつまずきを見分けられます。毎フレームのトリガーが必要です。
FPS below [b]{fps}[/b] for [b]{seconds}[/b] seconds,FPS が [b]{seconds}[/b] 秒間 [b]{fps}[/b] を下回った
FPS,FPS
The framerate floor. Below this counts as a drop.,フレームレートの下限。これを下回ると低下とみなします。
For Seconds,継続秒数
How long the drop must last before this is true.,真になるまでに低下が続かなければならない長さ。
Start Measuring,計測を開始
Starts a named stopwatch. Pair it with Stop Measuring around the work you suspect.,名前付きのストップウォッチを開始します。疑わしい処理を挟むように 計測を停止 と組み合わせてください。
start measuring [b]{named}[/b],[b]{named}[/b] の計測を開始
The name this measurement is reported under.,この計測が報告される名前。
Stop Measuring,計測を停止
"Stops a named stopwatch and files the result, keeping the last, the average and the worst reading for that name.",名前付きのストップウォッチを止めて結果を記録し、その名前について最新値、平均、最悪値を保持します。
stop measuring [b]{named}[/b],[b]{named}[/b] の計測を停止
The name you gave Start Measuring.,計測を開始 で付けた名前。
Last Measured (ms),最新の計測値 (ms)
How many milliseconds the most recent run of a named measurement took.,名前付きの計測の最新の実行が何ミリ秒かかったか。
last measured [b]{named}[/b] ms,[b]{named}[/b] の最新の計測値 (ms)
Average Measured (ms),平均の計測値 (ms)
"The mean cost in milliseconds across every run of a named measurement, which is the number to quote when you claim an optimization worked.",名前付きの計測のすべての実行にわたる平均コスト (ミリ秒)。最適化が効いたと主張するときに挙げるべき数値です。
average measured [b]{named}[/b] ms,[b]{named}[/b] の平均の計測値 (ms)
Peak Measured (ms),最悪の計測値 (ms)
"The worst run of a named measurement in milliseconds, which is usually the one the player felt.",名前付きの計測でいちばん悪かった実行のミリ秒。たいていはプレイヤーが感じ取ったのがこれです。
peak measured [b]{named}[/b] ms,[b]{named}[/b] の最悪の計測値 (ms)
Log Measurements,計測をログ出力
"Prints every named measurement taken so far with its last, average and peak cost - the report you paste into a bug or a devlog.",これまでに取ったすべての名前付き計測を、最新値、平均、最悪値とともに表示します - バグ報告や開発日誌に貼り付けるレポートです。
log measurements,計測をログ出力
Clear Measurements,計測をクリア
"Throws away every measurement recorded so far, so a fresh run starts from a clean slate.",これまでに記録したすべての計測を捨てるので、次の実行はまっさらな状態から始まります。
clear measurements,計測をクリア
Register As Service,サービスとして登録
"Publishes this node under a short name anything can ask for, so no other row needs a path to it. Run it under On Ready. Registering the same name again replaces it, and a freed node answers as nothing at all, so a scene reload leaves no dangling reference behind.",このノードを、どこからでも呼び出せる短い名前で公開するので、他のどの行もこのノードへのパスを必要としません。準備ができたとき の下で実行してください。同じ名前で登録し直すと置き換わり、解放されたノードは「何も無い」と答えるので、シーンを読み込み直しても宙ぶらりんの参照は残りません。
register this as service [b]{service_name}[/b],これをサービス [b]{service_name}[/b] として登録
"A role, not a class - ""player"", ""audio_director"", ""wallet"". Registering the same name again replaces it.","クラスではなく役割です - ""player""、""audio_director""、""wallet"" など。同じ名前で登録し直すと置き換わります。"
Service Named,名前付きサービス
"The node published under a name, or nothing at all when nobody registered it or it has been freed. Drop it wherever a node is asked for - it never crashes and never needs a path.",その名前で公開されたノード。誰も登録していない場合や解放された場合は「何も無い」を返します。ノードが求められる場所にそのまま置けます - クラッシュせず、パスも要りません。
service named [b]{service_name}[/b],名前が [b]{service_name}[/b] のサービス
The name the node registered itself under.,ノードが自身を登録した名前。
Has Service,サービスがある
True when a node is registered under this name and is still alive. Guard an optional system with it - a missing audio director then costs you a skipped row instead of a crash.,その名前でノードが登録されていて、まだ生きているとき真になります。任意のシステムをこれで守れば、オーディオディレクターが無くてもクラッシュではなく行が 1 つ飛ばされるだけで済みます。
service [b]{service_name}[/b] exists,サービス [b]{service_name}[/b] が存在する
The service name to test for.,検査するサービス名。
For Each Node That Can,メソッドを持つノードごとに
"Runs this event's actions once per node ANYWHERE in the tree that answers to a method name - the save sweep, the pause sweep, the shutdown sweep, with no list to keep in step. It walks the whole tree, so run it on an event, not every frame. Read the current one as `node`.",ツリーの「どこにあっても」メソッド名に応えるノード 1 つにつき 1 回、このイベントのアクションを実行します - セーブの一斉処理、ポーズの一斉処理、終了の一斉処理を、リストを保守せずに行えます。ツリー全体を歩くので、毎フレームではなくイベントで実行してください。現在のノードは `node` で読めます。
Nodes: Picking,ノード: ピック
for each node that can [b]{method_name}[/b],[b]{method_name}[/b] を持つノードごとに
Answers To,応えるメソッド
"The method name a node must have to be picked up, e.g. save_state or on_game_paused.",ピックされるためにノードが持っていなければならないメソッド名。たとえば save_state や on_game_paused です。
Do After This Frame,このフレームの後に実行
"Runs one action once the frame's physics and signal storm has finished, which is the only safe moment to add, free or reparent nodes. The number one crash a beginner hits is doing that from inside a collision callback; this is the fix, and the rows below it still run immediately.",このフレームの物理とシグナルの嵐が終わってからアクションを 1 つ実行します。ノードの追加、解放、親の変更が安全にできる唯一のタイミングです。初心者が最も多くぶつかるクラッシュは、それを衝突コールバックの中でやってしまうことです。これがその修正で、下の行はそのまま即座に実行されます。
after this frame: [b]{do}[/b],このフレームの後: [b]{do}[/b]
Do,実行内容
"The action to run once this frame's work is finished - the only safe moment to add, free or reparent a node.",このフレームの処理が終わってから実行するアクション - ノードの追加、解放、親の変更が安全にできる唯一のタイミングです。
Call Later,後で呼ぶ
"Runs one action after a delay, with no Timer node and WITHOUT suspending - the rows below it keep running. The connection is one-shot, so a delayed beat can neither leak nor fire twice. The readable form of the small follow-up: eject the shell, close the door, play the second thud.",遅延の後にアクションを 1 つ実行します。Timer ノードは不要で、中断も「しません」 - 下の行はそのまま動き続けます。接続はワンショットなので、遅らせた一拍が漏れることも 2 回鳴ることもありません。ちょっとした後追い処理を読みやすく書けます: 薬莢を排出する、扉を閉じる、2 つ目の鈍い音を鳴らす。
call later ([b]{seconds}[/b]s): [b]{do}[/b],後で呼ぶ ([b]{seconds}[/b] 秒後): [b]{do}[/b]
Seconds to wait before the action runs.,アクションが実行されるまで待つ秒数。
The action to run when the delay is up.,遅延が終わったときに実行するアクション。
Set Property (after this frame),プロパティを設定 (このフレームの後)
"Sets a property at the end of the frame instead of right now. The one Godot insists on for collision shapes and monitoring: flipping those mid-physics is the error every beginner meets, and deferring is the documented answer.",プロパティを今すぐではなくフレームの最後に設定します。衝突形状や monitoring について Godot が要求するやり方です: 物理の途中でこれらを切り替えるのは初心者が必ず出会うエラーで、遅延させるのが公式の答えです。
set [b]{property}[/b] of [i]{target}[/i] to [b]{value}[/b] after this frame,このフレームの後に [i]{target}[/i] の [b]{property}[/b] を [b]{value}[/b] に設定
On,対象
Node whose property to set.,プロパティを設定するノード。
Property,プロパティ
Name of the property to set.,設定するプロパティの名前。
The value to set it to.,設定する値。
Only Once This Frame,このフレームで一度だけ
"True the FIRST time it is reached in a frame under this name, and false for every other time that frame - counting a physics tick as its own frame, so a row under On Physics Process is not folded in with the drawn frame around it. Fifty inventory changes then rebuild the panel once instead of fifty times. Give two rows the same name and they share one run per frame.",その名前でフレーム内に「最初に」到達したときだけ真になり、そのフレームの他のすべての回では偽になります - 物理ティックはそれ自身を 1 フレームとして数えるので、物理処理のとき の下の行が、周囲の描画フレームに巻き込まれることはありません。インベントリが 50 回変わっても、パネルの再構築は 50 回ではなく 1 回で済みます。2 つの行に同じ名前を付けると、フレームあたり 1 回の実行を共有します。
only once this frame ( [b]{key_id}[/b] ),このフレームで一度だけ ( [b]{key_id}[/b] )
The gate's name. Every row using the same name folds into one run per frame.,このゲートの名前です。同じ名前を使う行はすべて、フレームあたり 1 回の実行にまとまります。
Spawn Scene As,名前を付けてシーンを生成
"Spawns a scene under a name, sets a record of values on it before it enters the tree, and remembers it under that name so every later row can say The Spawned. If the sheet declares a scene_spawned(spawn_name, node) signal, this fires it with both, so another event can react to the new node without ever asking what was spawned last.","シーンを名前付きで生成し、ツリーに入る前に値のレコードを設定し、その名前で覚えておくので、後のどの行も 生成されたもの と言えます。シートが scene_spawned(spawn_name, node) シグナルを宣言していれば、両方を添えて発信するので、最後に何が生成されたか尋ねることなく別のイベントが新しいノードに反応できます。"
Scene,シーン
Spawn [b]{path}[/b] as [b]{spawn_name}[/b] with [i]{values}[/i],[b]{path}[/b] を [b]{spawn_name}[/b] として [i]{values}[/i] つきで生成
Scene file to instance.,インスタンス化するシーンファイル。
As,名前
"A name for this spawn, so later rows can say The Spawned ""boss"".","この生成の名前です。後の行が 生成されたもの ""boss"" と言えるようになります。"
With,設定値
"Values to set as it arrives, as a record: {""max_health"": 200, ""tier"": 3}. Names the scene does not have are set anyway, so keep to its own fields.","到着時に設定する値をレコードで: {""max_health"": 200, ""tier"": 3}。シーンが持たない名前も設定されてしまうので、シーン自身のフィールドに留めてください。"
The node to add it under. Leave as nothing to add it under this one.,追加先のノード。空のままにするとこのノードの下に追加します。
Spawn position.,生成位置。
The Spawned,生成されたもの
"The node a Spawn Scene As row made under this name, or nothing at all when it was never spawned or has since been freed - so a row that reaches for a dead boss gets nothing instead of a crash.",名前を付けてシーンを生成 の行がこの名前で作ったノード。一度も生成されていない場合や、その後に解放された場合は「何も無い」を返します - 死んだボスに手を伸ばした行は、クラッシュではなく何も得られません。
the spawned [b]{spawn_name}[/b],生成されたもの [b]{spawn_name}[/b]
The name a Spawn Scene As row used.,名前を付けてシーンを生成 の行が使った名前。
Spawn Is Alive,生成されたものが生きている
"True while the node spawned under this name still exists - the guard to put in front of any row that talks to a named spawn, and the honest way to ask 'is the boss still up?'.",この名前で生成されたノードがまだ存在する間、真になります - 名前付きの生成物に話しかけるすべての行の前に置くガードで、「ボスはまだ健在か」を正直に尋ねる方法です。
the spawned [b]{spawn_name}[/b] is alive,生成されたもの [b]{spawn_name}[/b] が生きている
On Scene Spawned,シーンが生成されたとき
"Runs when a Spawn Scene As row spawns something. The name and the new node arrive on the row as spawn_name and node, so a reaction can configure or announce the node without asking what was spawned last - correct even when one loop spawns six things in a frame. Needs a Signal row for scene_spawned(spawn_name: String, node: Node) - without one the sheet still compiles, but nothing connects this event, so it never runs. The Project Doctor flags that.","名前を付けてシーンを生成 の行が何かを生成したときに実行されます。名前と新しいノードは行に spawn_name と node として届くので、最後に何が生成されたか尋ねることなく、反応側がノードを設定したり知らせたりできます - 1 つのループが 1 フレームに 6 つ生成しても正しく動きます。scene_spawned(spawn_name: String, node: Node) のシグナル行が必要です - 無くてもシートはコンパイルされますが、このイベントには何も接続されないため実行されません。プロジェクトドクターがそれを指摘します。"
On scene spawned {spawn_name} ( {node} ),シーンが生成されたとき {spawn_name} ( {node} )
The name the Spawn Scene As row gave this spawn.,名前を付けてシーンを生成 の行がこの生成に与えた名前。
Node,ノード
"The node that was just spawned, carried by the signal itself.",たった今生成されたノード。シグナル自身が運びます。
On Failure Of,失敗したとき
"Runs when an action reports that it refused. The action's name and the reason arrive on the row as verb_id and reason, so recovery lives in its own event - add a condition under it to handle one action only. Needs a Declare Signal row for verb_failed(verb_id: String, reason: String) - without one the sheet still compiles, but nothing connects this event, so it never runs. The Project Doctor flags that.","アクションが拒否を報告したときに実行されます。アクションの名前と理由は行に verb_id と reason として届くので、復旧処理を独立したイベントに置けます - 1 つのアクションだけを扱うなら下に条件を足してください。verb_failed(verb_id: String, reason: String) の シグナルを宣言 行が必要です - 無くてもシートはコンパイルされますが、このイベントには何も接続されないため実行されません。プロジェクトドクターがそれを指摘します。"
On failure of {verb_id} ( {reason} ),{verb_id} が失敗したとき ( {reason} )
Verb,動詞
Which action refused - the name the Report Failure row used.,どのアクションが拒否したか - 失敗を報告 の行が使った名前です。
Reason,理由
"Why it refused, carried by the signal itself.",拒否した理由。シグナル自身が運びます。
On Success Of,成功したとき
"Runs when an action reports that it finished. The action's name arrives on the row as verb_id. Needs a Declare Signal row for verb_succeeded(verb_id: String) - without one the sheet still compiles, but nothing connects this event, so it never runs. The Project Doctor flags that.",アクションが完了を報告したときに実行されます。アクションの名前は行に verb_id として届きます。verb_succeeded(verb_id: String) の シグナルを宣言 行が必要です - 無くてもシートはコンパイルされますが、このイベントには何も接続されないため実行されません。プロジェクトドクターがそれを指摘します。
On success of {verb_id},{verb_id} が成功したとき
Which action finished - the name the Report Success row used.,どのアクションが完了したか - 成功を報告 の行が使った名前です。
Report Failure,失敗を報告
"Announces that an action refused, so every On Failure Of event for that action runs. Use it inside an action you publish yourself, or after a check that found a null resource or an empty result.",アクションが拒否したことを知らせるので、そのアクションに対するすべての 失敗したとき のイベントが実行されます。自分で公開するアクションの中や、リソースが null だったり結果が空だったりした確認の後で使ってください。
Report failure of [b]{verb}[/b]: [b]{reason}[/b],[b]{verb}[/b] の失敗を報告: [b]{reason}[/b]
Name of the action that refused - the same name the On Failure Of row picks.,拒否したアクションの名前 - 失敗したとき の行が拾うのと同じ名前です。
Plain words a player or a log line can read.,プレイヤーやログ行が読める平易な言葉。
Report Success,成功を報告
"Announces that an action finished, so every On Success Of event for that action runs. The confirmation twin of Report Failure.",アクションが完了したことを知らせるので、そのアクションに対するすべての 成功したとき のイベントが実行されます。失敗を報告 の対になる確認です。
Report success of [b]{verb}[/b],[b]{verb}[/b] の成功を報告
Name of the action that finished - the same name the On Success Of row picks.,完了したアクションの名前 - 成功したとき の行が拾うのと同じ名前です。
At Most Every,最短間隔
"Lets this event run at most once every so many seconds, however often it is reached. The rate limit for a search box, an expensive readout, or forty hit sounds landing in one frame.",どれだけ頻繁に到達しても、このイベントを指定した秒数につき最大 1 回だけ実行させます。検索ボックス、重い表示、1 フレームに 40 個届くヒット音のレート制限に。
at most every [b]{seconds}[/b]s,最短でも [b]{seconds}[/b] 秒ごと
Shortest gap between two runs of this event.,このイベントの実行と実行の最短の間隔。
Poke,合図
"Marks that something just happened, by name. Poke on every keystroke or every change, then let Has Been Quiet For notice when it stops.",何かが起きたことを名前付きで記録します。キー入力ごと、変更ごとに合図を出しておき、止まったときに 静かになってから で気づかせます。
poke [b]{poke_name}[/b],[b]{poke_name}[/b] に合図
Poke name - any label you also use in Has Been Quiet For.,合図の名前 - 静かになってから でも使う任意のラベルです。
Clear Poke,合図をクリア
"Forgets a poke so Has Been Quiet For stops firing. Clear it right after acting on the quiet, the same way you consume a buffered press.",合図を忘れさせて 静かになってから の発火を止めます。バッファした入力を消費するのと同じように、静けさに反応した直後にクリアしてください。
clear poke [b]{poke_name}[/b],合図 [b]{poke_name}[/b] をクリア
"Poke name, matching a Poke action.",合図の名前。合図 のアクションと一致させます。
Has Been Quiet For,静かになってから
"True once a poked name has stopped being poked for this long - the settle-down check. Autosave after the player stops editing, search after they stop typing. Needs a per-frame trigger, and stays true until you Clear Poke.",合図を出していた名前が、この長さのあいだ合図されなくなったとき真になります - 落ち着きを確かめる条件です。プレイヤーが編集をやめたら自動保存、入力をやめたら検索。毎フレームのトリガーが必要で、合図をクリア するまで真のままです。
[b]{poke_name}[/b] has been quiet for [b]{seconds}[/b]s,[b]{poke_name}[/b] が [b]{seconds}[/b] 秒間静かになった
How long the quiet has to last.,静けさが続かなければならない長さ。
Only Once Per Node,ノードごとに一度だけ
"True the first time this row is reached for each node, and never again for that node. The initialiser you want when the row sits inside a For Each over spawned things; the memory lives on the node, so Forget Once For clears it.",この行がノードごとに最初に到達したときだけ真になり、そのノードについて二度と真になりません。生成されたものを回す 各要素について の中に行があるときに欲しくなる初期化です。記憶はノードに載るので、一度きりを忘れる で消せます。
only once per node ( [b]{node}[/b] / [b]{label}[/b] ),ノードごとに一度だけ ( [b]{node}[/b] / [b]{label}[/b] )
"The node the memory belongs to - inside a For Each, the loop item.",記憶が属するノード - 各要素について の中なら、ループの要素です。
Memory,記憶
Name the memory so one node can hold several.,記憶に名前を付ければ、1 つのノードが複数持てます。
Only Once Per Name,名前ごとに一度だけ
"True the first time this row is reached for each name, and never again for that name. One discovery line per item type, one loot roll per chest id - with no flag variable each. Kept on this node, so Forget Once For clears it.",この行が名前ごとに最初に到達したときだけ真になり、その名前について二度と真になりません。アイテム種別ごとに 1 回の発見メッセージ、宝箱の id ごとに 1 回の戦利品抽選を、それぞれのフラグ変数なしで実現します。このノードに保持されるので、一度きりを忘れる で消せます。
only once per name ( [b]{key}[/b] ),名前ごとに一度だけ ( [b]{key}[/b] )
The memory's name - one true per name on this node.,記憶の名前 - このノードで名前ごとに 1 回だけ真になります。
Only Once This Scene Load,このシーン読み込みで一度だけ
"True the first time this row is reached for each name in this scene load, and again after the scene is reloaded or changed. The welcome line, the per-level check - forgotten on Restart Scene rather than remembered forever.",このシーンの読み込みにおいて、この行が名前ごとに最初に到達したときだけ真になり、シーンを読み込み直したり切り替えたりすると再び真になります。ようこそメッセージやレベルごとの確認に - 永遠に覚えているのではなく シーンを再開 で忘れます。
only once this scene load ( [b]{key}[/b] ),このシーン読み込みで一度だけ ( [b]{key}[/b] )
The memory's name - one true per name until the scene reloads.,記憶の名前 - シーンが読み込み直されるまで名前ごとに 1 回だけ真になります。
Forget Once For,一度きりを忘れる
Clears an Only Once Per Node / Per Name memory so the row fires again for that node. Drop it in an Object Pool's reset seam and a recycled instance initialises like a fresh one.,ノードごとに一度だけ / 名前ごとに一度だけ の記憶を消すので、そのノードについて行が再び発火します。オブジェクトプールのリセットの継ぎ目に置けば、再利用されたインスタンスも新品のように初期化されます。
forget once ( [b]{label}[/b] ) for [b]{node}[/b],[b]{node}[/b] の一度きり ( [b]{label}[/b] ) を忘れる
The node holding the memory.,記憶を保持しているノード。
The Only Once Per Node / Per Name memory to clear.,消す ノードごとに一度だけ / 名前ごとに一度だけ の記憶。
Wrap in Condition…,条件で囲む…
Unwrap Event,イベントの入れ子を解除
Inline This Call,この呼び出しを展開
Inline Everywhere and Remove,すべての呼び出しに展開して削除
Duplicate as Variant…,バリアントとして複製…
Refactor,リファクタリング
Why didn't this fire?,なぜ実行されなかったのか?
Compare With…,比較…
Loose Ends…,やり残し…
Find Repeated Rows…,繰り返し行を探す…
Row Hit Counts,行の実行回数
Reset Hit Counts,実行回数をリセット
Run Tests…,テストを実行…
list,リスト
table,テーブル
node,ノード
functions this pack uses inside itself - %d,このパックが内部で使う関数 - %d
Kind,種類
Category,カテゴリ
Inputs,入力
Gives back,返す値
In the picker,ピッカーでの表示
Inserts,挿入される行
Notes,備考
none,なし
nothing,なし
not featured,おすすめ表示なし
not in the picker - this pack uses it inside itself,ピッカーには出ません - このパックが内部で使います
icon %s,アイコン %s
%s() in %s,%s()（%s 内）
ACE properties,ACE のプロパティ
Edit…,編集…
Open guide,ガイドを開く
Show in code,コードで表示
behaves on a,対象ノード
Triggers,トリガー
this pack fires - %d,このパックが発火する - %d
Settings,設定
%d setting,設定 %d 件
%d settings,設定 %d 件
Internal state,内部状態
values the pack keeps for itself - %d,パックが内部で保持する値 - %d
Script,スクリプト
On mouse moved,マウス移動時
On mouse wheel up,ホイール上回転時
On mouse wheel down,ホイール下回転時
On %s button pressed,%s ボタンを押したとき
On %s button released,%s ボタンを離したとき
On %s pressed,%s を押したとき
On %s released,%s を離したとき
On touch started,タッチ開始時
On touch ended,タッチ終了時
On button %s pressed,ボタン %s を押したとき
On button %s released,ボタン %s を離したとき
mouse's ΔX,マウスのΔX
mouse's ΔY,マウスのΔY
mouse's Δ,マウスのΔ
Add {value} to {name},{name} に {value} を加算
Subtract {value} from {name},{name} から {value} を減算
Multiply {name} by {value},{name} に {value} を乗算
Divide {name} by {value},{name} を {value} で除算
Set {name} to {value},{name} を {value} に設定
Destroy,破棄
Destroy (at end of frame),破棄 (フレーム終了時)
⏳ Wait {seconds} seconds,⏳ {seconds} 秒待つ
Go to scene {path},シーン {path} へ移動
Signal {trigger},シグナル {trigger}
Signal {trigger} {values},シグナル {trigger} {values}
exists,が存在する
does not exist,が存在しない
Stop event,イベントを終了
Set return value to {value},戻り値を {value} にする
not,でない
Return {value},{value} を返す
{name} is true,{name} が真
{name} is false,{name} が偽
{action} is down,{action} が押されている
On {action} pressed,{action} が押されたとき
{percent}% chance,{percent}% の確率
{from} moved toward {to} by {amount},{from} を {to} へ {amount} 近づける
{value} kept between {low} and {high},{value} を {low} と {high} の間に収める
yes,はい
no,いいえ
value,値
Local,ローカル
Local constant,ローカル定数
Humanized Names,分かりやすい名前
Functions,関数
Call,呼び出し
line,行
lines,行
function,関数
signal,シグナル
list of %s,%sのリスト
numbers,数値
true/false values,true/false の値
points,座標
colors,色
tables,テーブル
nodes,ノード
constant %s,定数の%s
empty,空
scene,シーン
resource,リソース
script,スクリプト
a,は
values this script keeps for itself - %d,このスクリプト専用の値 - %d
this script fires - %d,このスクリプトが発火 - %d
Stop loop,ループを抜ける
⏳ Wait one tick,⏳ 1ティック待つ
⏳ Wait one physics tick,⏳ 物理1ティック待つ
⏳ Wait for signal {trigger},⏳ シグナル {trigger} を待つ
⏳ Wait for signal {owner} {trigger},⏳ シグナル {owner} {trigger} を待つ
Add to group {group},グループ {group} に追加
Remove from group {group},グループ {group} から削除
(group),(グループ)
Tween {property} to {value} in {duration} seconds,{property} を {value} へ {duration} 秒でトゥイーン
to,へ
is in group {group},グループ {group} にいる
item,項目
Every tick,毎ティック
(physics),(物理)
(draw),(描画)
For,各
from,から
Repeat,繰り返し
times,回
loopindex,ループ番号
While,の間
For each child,子ごとに
Wait one tick,1 ティック待つ
Wait one physics tick,物理 1 ティック待つ
Wait for signal {object} {trigger},シグナル {object} {trigger} を待つ
connects {object} {trigger},{object} {trigger} を接続
Is on floor,床の上にいる
Is by wall,壁に接している
Is by ceiling,天井に接している
Is jumping,ジャンプ中
Is falling,落下中
Is overlapping {other},{other} と重なっている
Is overlapping something,何かと重なっている
Set invisible,非表示にする
Set visible,表示する
Set layer invisible,レイヤーを非表示にする
Set layer visible,レイヤーを表示する
Set mirrored,左右反転する
Set not mirrored,左右反転を解除
Set flipped,上下反転する
Set not flipped,上下反転を解除
Set opacity to {value},不透明度を {value} にする
Set size to {value},サイズを {value} にする
Stop animation,アニメーションを停止
Play,再生
Stop,停止
Set angle toward {target},角度を {target} に向ける
Go to layout {path},レイアウト {path} へ移動
Restart layout,レイアウトを再開
Set time scale to 0 (pause),タイムスケールを 0 にする (一時停止)
Set time scale to 1,タイムスケールを 1 にする
Set time scale to {value},タイムスケールを {value} にする
count,個数
child count,子ノード数
(layer),(レイヤー)
viewport width,ビューポート幅
viewport height,ビューポート高さ
mouse position,マウス位置
time,時間
time in ms,時間 (ms)
fps,fps
angle,角度
angle (radians),角度 (ラジアン)
may be missing,存在しない可能性
On collision with,衝突したとき
On stopped overlapping,重なりが終わったとき
Create object,オブジェクトを作成
as,として
copy of,のコピー
group,グループ
children,子
children of,の子
in,の中
action,アクション
condition,条件
expression,式
this script - %d,このスクリプト - %d
not published,未公開
Insert a call to %s in this script.,このスクリプトで %s の呼び出しを挿入します。
(global),(グローバル)
this script,このスクリプト
behaviour,ビヘイビア
autoload,オートロード
1 row,1 行
%d rows,%d 行
Objects,オブジェクト
object,オブジェクト
Signals used,使用中のシグナル
%s in %s,%s (%s 内)
Highlight rows,行を強調表示
Select in scene,シーンで選択
This object is no longer used by this file.,このファイルはこのオブジェクトをもう使用していません。
"Every object this file uses. Click one to highlight its rows, click it again to clear.",このファイルが使用するすべてのオブジェクト。クリックすると該当行を強調表示し、もう一度クリックすると解除します。
System,システム
Include,インクルード
disabled,無効
Every %s seconds,%s 秒ごと
(while running),(実行中のみ)
- open as a sheet,- シートとして開く
▸ run its,▸ 実行:
▸ Call,▸ 呼び出し
%d event,イベント %d 件
%d events,イベント %d 件
%d row,%d 行
(unnamed region),(名前のないリージョン)
is a {type},{type} である
{value} is one of {entries},{value} が {entries} のいずれか
{table} has key {key},{table} にキー {key} がある
{list} contains {value},{list} に {value} が含まれる
has function {verb},関数 {verb} がある
has child {child},子 {child} がある
has item {key},項目 {key} がある
{file} exists,{file} が存在する
On {action} released,{action} を離したとき
On {action} pressed (this event),{action} を押したとき (このイベント)
On {action} released (this event),{action} を離したとき (このイベント)
{key} is down,{key} が押されている
{key} button is down,{key} ボタンが押されている
Log error {value},エラーを記録 {value}
Log warning {value},警告を記録 {value}
Log {value},記録 {value}
Assert {condition},アサート {condition}
Assert {condition} {message},アサート {condition} {message}
Set item {key} to {value} (section {section}),項目 {key} を {value} に設定 (セクション {section})
Write {text},{text} を書き込む
Save {file},{file} を保存
Load {file},{file} を読み込む
Open {file} for writing (as {handle}),{file} を書き込み用に開く ({handle} として)
Open {file} for reading (as {handle}),{file} を読み込み用に開く ({handle} として)
Open {file} for reading and writing (as {handle}),{file} を読み書き用に開く ({handle} として)
Set collision with layer {layer} {state},レイヤー {layer} との衝突を {state}
Set collisions {state},衝突を {state}
Restart,再開
Apply impulse {value},力積 {value} を加える
Apply force {value},力 {value} を加える
Set velocity to {value},速度を {value} に設定
Set angular velocity to {value},角速度を {value} に設定
Start spraying,噴出を開始
Stop spraying,噴出を停止
Set zoom to {percent},ズームを {percent} に設定
item {key},項目 {key}
item {key} (default {fallback}),項目 {key} (既定 {fallback})
on,オン
off,オフ
Physics,物理
Particles,パーティクル
runs in editor,エディタで実行
Set {what} {state},{what} を{state}
Every tick (draw),毎ティック (描画)
Every tick (physics),毎ティック (物理)
input,入力
unhandled input,未処理の入力
unhandled key input,未処理のキー入力
activated,有効化
deactivated,無効化
Set {mode},{mode} にする
enabled,有効
always active,常に有効
pausable,一時停止可
active only when paused,一時停止中のみ有効
then,その後
is in the editor,エディタ内である
"Draw line {from} to {to}, {colour}",線を {from} から {to} へ描く、{colour}
"Draw rectangle {rect}, {colour}",矩形 {rect} を描く、{colour}
"Draw circle at {at}, radius {radius}, {colour}",{at} に円を描く、半径 {radius}、{colour}
Draw text {text} at {at},{at} にテキスト {text} を描く
Redraw,再描画
speed,速度
On start of layout,レイアウト開始時
On end of layout,レイアウト終了時
On created,作成時
On destroyed,破棄時
On draw,描画時
On suspended,中断時
On resumed,再開時
On lost focus,フォーカスを失ったとき
On gained focus,フォーカスを得たとき
On close,閉じるとき
On paused,一時停止時
On unpaused,一時停止解除時
On notification,通知時
Push back {value} to {name},{value} を {name} の末尾に追加
Push front {value} to {name},{value} を {name} の先頭に追加
Pop back of {name},{name} の末尾を取り出す
Pop front of {name},{name} の先頭を取り出す
Clear {name},{name} を空にする
Sort {name},{name} を並べ替える
Shuffle {name},{name} をシャッフル
Reverse {name},{name} を逆順にする
Insert {value} at {index} in {name},{value} を {name} の {index} に挿入
Delete at {index} in {name},{name} の {index} を削除
Delete value {value} from {name},{name} から値 {value} を削除
Delete key {value} from {name},{name} からキー {value} を削除
Append {value} to {name},{value} を {name} に追記
Call {name} (at end of frame),{name} を呼び出す (フレーム終了時)
Set {name} to {value} (at end of frame),{name} を {value} に設定 (フレーム終了時)
Set collision layers to {layers},コリジョンレイヤーを {layers} に設定
Set collides with {layers},{layers} と衝突する
Trigger once,一度だけ
Collapse All,すべて折りたたむ
Expand All,すべて展開
Expand To Level 1,レベル1まで展開
Expand To Level 2,レベル2まで展開
Expand To Level 3,レベル3まで展開
Manual,マニュアル
Manual…,マニュアル…
Search the Manual…,マニュアルを検索…
Show the Manual's contents.,マニュアルの目次を表示します。
The pages you have read this session.,このセッションで読んだページです。
Bookmark this page.,このページをブックマークします。
Back (Alt+Left).,戻る (Alt+左)。
Forward (Alt+Right).,進む (Alt+右)。
Follow selection,選択に追従
Shows help for whatever you select on the sheet. Clicking inside the Manual pauses this until you press it again.,シートで選択したものについてのヘルプを表示します。マニュアル内をクリックすると、もう一度押すまで一時停止します。
Following the selection.,選択に追従しています。
Not following the selection.,選択に追従していません。
Paused following - press the pin to follow the selection again.,追従を一時停止しました - ピンを押すと再び選択に追従します。
Write this guide,このガイドを書く
"Writes the guide skeleton for this behavior from its own vocabulary, ready to fill in.",この振る舞いの語彙からガイドの骨組みを書き出します。あとは埋めるだけです。
System reference,システムリファレンス
Behavior reference,ビヘイビアリファレンス
Object reference,オブジェクトリファレンス
Coming from another event-sheet editor,他のイベントシートエディタから来た方へ
What the marks on a sheet mean,シート上の記号の意味
Go to first,最初へ
Selects the first event of this sheet that uses it.,これを使っているこのシート最初のイベントを選択します。
Selects the next event that uses it.,これを使っている次のイベントを選択します。
See also,関連項目
Opens this entry.,この項目を開きます。
Add example events,サンプルイベントを追加
Show GDScript,GDScript を表示
Shows the line this row compiles to.,この語がコンパイルされる行を表示します。
Opens the guide this row is documented in.,この語が説明されているガイドを開きます。
"Puts this row into the open sheet at the caret, as one undo step.",この行を開いているシートのカーソル位置に、1 回の取り消しで追加します。
"Puts the illustrated rows into the open sheet at the caret, as one undo step.",図のイベント行を開いているシートのカーソル位置に、1 回の取り消しで追加します。
Nothing in the Manual mentions that,マニュアルにその記述はありません
Selected the event that uses it.,これを使っているイベントを選択しました。
That row is not used in this sheet.,この語はこのシートで使われていません。
Press F1 for the Manual's page on the marks.,F1 で記号についてのマニュアルページを開きます。
Opens the next page in this part of the Manual.,マニュアルのこの部分の次のページを開きます。
"Press F1 with something selected for help about it, or pick a page from the Manual's contents.",何かを選んで F1 を押すとその項目のヘルプが開きます。マニュアルの目次からページを選ぶこともできます。
Add these events,これらのイベントを追加
"Puts these events into the open sheet at the caret, as one undo step.",これらのイベントを開いているシートのカーソル位置に、1 回の取り消しで追加します。
Add a script block to the selected event - the deliberate 'drop to code' escape hatch. Opens the code editor immediately.,選択したイベントに スクリプト ブロックを追加します - 意図的に「コードへ降りる」ための出口です。すぐにコードエディターが開きます。
"Beginner-friendly view: hides the advanced/code entries (script blocks, sub-conditions, pick filters, signals/enums). Everything still works when off.",初心者向けの表示: 上級者/コード系の項目 (スクリプト ブロック、サブ条件、ピックフィルター、シグナル/列挙型) を隠します。オフでもすべての機能はそのまま動作します。
"Hide the advanced/code entries (script blocks, sub-conditions, pick filters, match, signals/enums) from the right-click menus. Everything still works in Expert mode.",右クリックメニューから上級者/コード系の項目 (スクリプト ブロック、サブ条件、ピックフィルター、match、シグナル/列挙型) を隠します。エキスパートモードではすべてそのまま使えます。
Lint every ƒx expression + script block; flag the offending rows and jump to the first.,すべての ƒx 式と スクリプト ブロックをリントし、問題のある行をマークして最初の行へジャンプします。
Background of the collapse triangle box on a group.,グループの折りたたみ三角形の背景。
Script Block,スクリプトブロック
Edit the whole function…,関数全体を編集…
"The kind of value this function hands back to whoever asked - a number, some text, a true/false, a position, and so on. Pick the one that matches what the function works out.",この関数が呼び出し元に返す値の種類 - 数値、テキスト、真偽値、位置など。関数が実際に求めるものに合うものを選びます。
"What this input is called. It becomes the parameter's name in the generated GDScript, and the label on the function's row, so plain words beat abbreviations.",この入力の名前です。生成される GDScript ではパラメータ名になり、関数の行ではラベルになります。略語より分かりやすい言葉を。
Removes the input from the function entirely. Anything already calling the function loses the value it was passing here.,この入力を関数から完全に削除します。すでにこの関数を呼んでいるものは、ここに渡していた値を失います。
Lock Function Body (read-only),関数本体をロック (読み取り専用)
Hide this entry,この項目を隠す
"Minor - new actions, nothing breaks",マイナー - 新しいアクション、破壊的変更なし
"Patch - fixes, no new actions",パッチ - 修正のみ、新しいアクションなし
Rename this entry…,この項目の名前を変更…
This function is no longer on the sheet.,この関数はシートにありません。
reads as events,イベントとして読める
1 script block,スクリプトブロック 1 個
%d script blocks,スクリプトブロック %d 個
1 error,エラー 1 件
%d errors,エラー %d 件
the game will not run this script,ゲームはこのスクリプトを実行しません
Script block,スクリプトブロック
combo,コンボ
file,ファイル
folder,フォルダ
flags,フラグ
node path,ノードパス
multiline,複数行
%s to %s,%s ～ %s
"%s to %s, step %s","%s ～ %s, 刻み %s"
white,白
black,黒
red,赤
green,緑
blue,青
yellow,黄
cyan,シアン
magenta,マゼンタ
transparent,透明
autoload (global),オートロード (グローバル)
Global variables,グローバル変数
this global fires - %d,このグローバルが発火 - %d
On %s,%s したとき
Instance variables,インスタンス変数
Behaviors,ビヘイビア
Families,ファミリー
(groups),(グループ)
Add condition,条件を追加
Add action,アクションを追加
Open %s as sheet,%s をシートとして開く
Open its script as a sheet,そのスクリプトをシートとして開く
1 listener,リスナー 1 件
%d listeners,リスナー %d 件
emitted in %s,%s で発行
(+%d more),(他 %d 件)
on this object,このオブジェクト上
this object belongs to,このオブジェクトの所属
addon pack,アドオンパック
global,グローバル
All objects,すべてのオブジェクト
USED IN THIS SHEET,このシートで使用中
ALSO IN THE SCENE,シーン内のその他
GLOBALS & FAMILIES,グローバルとファミリー
filter objects...,オブジェクトを絞り込む...
drag one onto the sheet to use it,シートにドラッグすると使えます
not in %s,%s にありません
1 condition,条件 1 件
%d conditions,条件 %d 件
1 action,アクション 1 件
%d actions,アクション %d 件
1 trigger,トリガー 1 件
%d triggers,トリガー %d 件
%d used,使用中 %d 件
%d more,他 %d 件
"Sort by reading order, by count or by name.",読み順・件数・名前で並べ替えます。
Nothing in this sheet names an object yet.,このシートはまだどのオブジェクトも指していません。
This script is not on a scene yet - drop it on a node in the Scene dock and its objects appear here.,このスクリプトはまだシーンに置かれていません。シーンドックのノードにドロップすると、そのオブジェクトがここに表示されます。
{n} scripts,{n} 個のスクリプト
Begin undoable action {name},元に戻せる操作 {name} を開始
Commit undoable action,元に戻せる操作を確定
Add do step: set {object}'s {member} to {value},実行ステップを追加: {object} の {member} を {value} にする
Add undo step: set {object}'s {member} to {value},元に戻すステップを追加: {object} の {member} を {value} にする
Add do step: call {name},実行ステップを追加: {name} を呼び出す
Add undo step: call {name},元に戻すステップを追加: {name} を呼び出す
Add do step: keep {object},実行ステップを追加: {object} を保持する
in the editor too,エディタでも実行
Add blank sub-event (B),サブイベントを追加
Clear 'Else',Else をクリア
Clear 'Else If',Else-If をクリア
Make 'And' block,AND ブロックに変換
Make 'Or' block,OR ブロックに変換
Add 'Else',Else にする
Add 'Else If',Else-If にする
Go to event,イベントへ移動
Go to event… (Ctrl+G),イベントへ移動… (Ctrl+G)
Event number,イベント番号
event %d,イベント %d
event %d of %d,イベント %d / %d
line %d,行 %d
This is a read-only preview - press Edit Events to change the file.,これは読み取り専用のプレビューです。ファイルを変更するには「イベントを編集」を押してください。
Static %s,静的 %s
shared by every %s,すべての %s で共有
INPUT,入力
drag one onto the sheet to start an event,シートにドラッグしてイベントを作成
not in the Input Map,入力マップにありません
unbound,未割り当て
"""%s"" is not in the Input Map","""%s"" は入力マップにありません"
this script uses 1 action,このスクリプトは 1 個のアクションを使います
this script uses %d actions,このスクリプトは %d 個のアクションを使います
Project ▸ Input Map,プロジェクト ▸ 入力マップ
Input,入力
acceleration,加速度
gravity,重力
rotation rate,回転速度
magnetic field,磁場
gamepad count,ゲームパッド数
connected gamepads,接続中のゲームパッド
axis {axis} of gamepad {device},ゲームパッド {device} の軸 {axis}
name of gamepad {device},ゲームパッド {device} の名前
gamepad {device} is recognized,ゲームパッド {device} は認識済み
Is button down {action} (exact match),ボタン {action} が押されている (完全一致)
Global,グローバル
Instance,インスタンス
Constant,定数
Static,スタティック
whole number,整数
boolean,真偽値
vector,ベクトル
booleans,真偽値
vectors,ベクトル
objects,オブジェクト
Inspector,インスペクター
of %s,%s の
shared by every copy,すべてのコピーで共有
Scope,スコープ
The row you will get,追加される行
One per object - every copy of this object keeps its own.,オブジェクトごとに 1 つ - このオブジェクトのコピーはそれぞれ自分の値を持ちます。
Lives inside one event and is gone when it ends.,1 つのイベントの中だけに存在し、終われば消えます。
Set once and never changes while the game runs.,一度決めたらゲーム中は変わりません。
{value} is between {low} and {high},{value} が {low} から {high} の間
(exclusive),(両端を含まない)
(exclusive top),(上限を含まない)
(exclusive bottom),(下限を含まない)
{value} is between angles {low} and {high},{value} が角度 {low} から {high} の間
{value} is within {limit} of {target},{value} が {target} から {limit} 以内
{value} is clockwise from {other},{value} が {other} から時計回り
is within {distance} of {other},{other} から {distance} 以内
{value} is within {distance} of {other},{value} が {other} から {distance} 以内
is inside area {area},領域 {area} の中にいる
{value} is inside area {area},{value} が領域 {area} の中
{value} is about {other},{value} がおよそ {other}
{value} is about {other} (not moving),{value} がおよそ {other} (静止)
{seconds} seconds have passed since {since},{since} から {seconds} 秒が経過
{seconds} seconds have passed since {since} (clock time),{since} から {seconds} 秒が経過 (時計時刻)
Set {name} to now,{name} を現在時刻にする
Set {name} to now (clock time),{name} を現在時刻にする (時計時刻)
Is outside layout,レイアウトの外にいる
Is on-screen,画面内にいる
(left),(左)
(right),(右)
(top),(上)
(bottom),(下)
(left or right),(左または右)
(top or bottom),(上または下)
Is moving,移動している
Is touching ceiling,天井に触れている
Pause the game,ゲームを一時停止
Unpause,一時停止を解除
Quit game,ゲームを終了
Yes,はい
No,いいえ
Skip,スキップ
Start,開始
Carry on,続ける
Tutorials,チュートリアル
What's new,新着情報
Was this page helpful?,このページは役に立ちましたか？
"Thanks - noted on this machine, and sent nowhere.",ありがとうございます。この端末に記録しただけで、どこにも送信していません。
Noted on this machine. Report a problem opens the tracker if you want to say why.,この端末に記録しました。理由を伝えたい場合は「問題を報告」でトラッカーを開けます。
Kept on this machine. Nothing is sent anywhere.,この端末に保存されます。どこにも送信されません。
Report a problem,問題を報告
"Opens the project's issue tracker in your browser, with this page's name already in the title. It opens a page - it never sends one.",プロジェクトの課題トラッカーをブラウザーで開き、このページ名をタイトルに入れておきます。開くだけで、送信は決して行いません。
Smaller text in the Manual.,マニュアルの文字を小さく。
Larger text in the Manual.,マニュアルの文字を大きく。
This page is not translated yet - help translate it,このページはまだ翻訳されていません - 翻訳に協力する
Opens the page for the word this editor uses.,このエディターで使う言葉のページを開きます。
Every word that is spelled differently here.,ここでは呼び方が違うすべての言葉。
Initial value,初期値
+ Add instance variable,+ インスタンス変数を追加
This object has no instance variables yet.,このオブジェクトにはまだインスタンス変数がありません。
Renaming here renames every use of the variable.,ここで名前を変えると、変数のすべての使用箇所の名前が変わります。
Enter renames the variable and every use of it.,Enter で変数とそのすべての使用箇所の名前を変えます。
Enter applies. One undo step.,Enter で適用します。取り消しは 1 ステップです。
Editable in the Inspector (a designer property).,インスペクターで編集可能 (デザイナー向けプロパティ)。
Describe this variable,この変数を説明する
Delete this variable,この変数を削除
Add variable,変数を追加
Add global variable,グローバル変数を追加
Write into,書き込み先
New global sheet…,新しいグローバルシート…
A global lives on an autoload - one file the whole project can read.,グローバル変数はオートロードに置かれます。プロジェクト全体から読めるファイルです。
Global variables used here,ここで使われているグローバル変数
%s  (from %s),%s  (%s から)
not declared on %s,%s で宣言されていません
New action…,新しいアクション…
"Add this name to the project's Input Map, then bind it in Project ▸ Input Map.",この名前をプロジェクトの入力マップに追加します。割り当ては プロジェクト ▸ 入力マップ で行います。
"Type the name of the control first, then New action…",先に操作の名前を入力してから、新しいアクション… を押してください。
"""%s"" is already in the Input Map.","""%s"" はすでに入力マップにあります。"
"""%s"" could not be added to the Input Map.","""%s"" を入力マップに追加できませんでした。"
"Added ""%s"" - bind it in Project ▸ Input Map.","""%s"" を追加しました。プロジェクト ▸ 入力マップ で割り当ててください。"
One value the whole project shares - lives on an autoload.,プロジェクト全体で共有される 1 つの値。オートロードに置かれます。
"One value shared by every copy of this object, not one each.",このオブジェクトのすべてのコピーで共有される 1 つの値 (各自 1 つではありません)。
Set boolean,真偽値を設定
Boolean is true / is false,真偽値が true / false
"%s, with the boolean half already filled in.",%s。真偽値の側はすでに入力済みです。
On %s set,%s が設定されたとき
Add setter,セッターを追加
Add getter,ゲッターを追加
This variable already has one.,この変数にはすでにあります。
Only a sheet variable can carry a setter or a getter.,シート変数のみセッターやゲッターを持てます。
Start timer {timer},タイマー {timer} を開始
Start timer {timer} {mode},タイマー {timer} を開始 {mode}
Start timer {timer} for {seconds} seconds,タイマー {timer} を {seconds} 秒で開始
Start timer {timer} for {seconds} seconds {mode},タイマー {timer} を {seconds} 秒で開始 {mode}
Stop timer {timer},タイマー {timer} を停止
Is timer {timer} running,タイマー {timer} が動作中
Is timer {timer} stopped,タイマー {timer} が停止中
(once),(1回)
(regular),(繰り返し)
On gamepad %s button %s pressed,ゲームパッド %s のボタン %s を押したとき
On gamepad %s button %s released,ゲームパッド %s のボタン %s を離したとき
Stop tween,トゥイーンを停止
Tween the next steps at the same time,次のトゥイーン手順を同時に
Tween repeat forever,トゥイーンを繰り返す
Tween repeat {count} times,トゥイーンを {count} 回繰り返す
Tween wait {seconds} seconds,トゥイーンで {seconds} 秒待つ
Tween then {action},トゥイーンの後に {action}
⏳ Wait for tween to finish,⏳ トゥイーンの終了を待つ
(after the previous),(前の後に)
(at the same time),(同時に)
a new tween,新しいトゥイーン
this step,この手順
ease = {curve},イージング = {curve}
ease = {curve} in,イージング = {curve} イン
ease = {curve} out,イージング = {curve} アウト
ease = {curve} in-out,イージング = {curve} イン・アウト
ease = {curve} out-in,イージング = {curve} アウト・イン
ease = in,イージング = イン
ease = out,イージング = アウト
ease = in-out,イージング = イン・アウト
ease = out-in,イージング = アウト・イン
opacity,不透明度
colour,色
size,サイズ
size X,サイズ X
size Y,サイズ Y
position,位置
Wait for tween to finish,トゥイーンの終了を待つ
%s is not visible here,%s はここでは見えません
%s is still used here,%s はここでまだ使われています
Tween {property} to {value} over {duration}s,{property} を {value} へ {duration}秒でトゥイーン
Run now,今すぐ実行
Reload,再読み込み
Output,出力
no output yet,まだ出力なし
Enable plugin,プラグインを有効化
What this tool printed,このツールが出力した内容
Nothing yet. Press Run now and this fills with what the tool printed.,まだ何もありません。「今すぐ実行」を押すと、ツールの出力がここに表示されます。
Editor Plugin,エディタープラグイン
Import Tool,インポートツール
Export Hook,エクスポートフック
"Editor Plugin (dock, menu item, object type)",エディタープラグイン（ドック・メニュー項目・オブジェクト型）
Import Tool (runs on import),インポートツール（インポート時に実行）
Export Hook (runs on export),エクスポートフック（エクスポート時に実行）
Run this editor tool now,このエディターツールを今すぐ実行
adds,追加:
Tools menu item,ツールメニュー項目
Tools menu,ツールメニュー
dock,ドック
object type,オブジェクト型
Editor Tools,エディターツール
"Reading marks - chips, badges, guides, stripes",読み取りの目印 - チップ、バッジ、ガイド、ストライプ
"Bars around the sheet - Object bar, status strip, tab title",シート周りのバー - オブジェクトバー、ステータスバー、タブタイトル
Manual pages,マニュアルのページ
"The plain chip on an Include bar button (Run now, Reload, Output), the coverage chip, and every other neutral chip in a row.",インクルードバーのボタン (今すぐ実行、再読み込み、出力) に付く素のチップ、カバレッジのチップ、そして行の中のその他すべての中立的なチップ。
The word on those plain chips.,その素のチップに載る文字。
"The chip that says where something sits in the picker (""Group › Subgroup"").","ピッカー内での場所を示すチップ (""Group › Subgroup"")。"
The word on the picker-category chip.,ピッカーのカテゴリーチップに載る文字。
"The ""Inspector"" chip on a variable the game's designer can edit.","ゲームのデザイナーが編集できる変数に付く ""Inspector"" チップ。"
The word on the Inspector chip.,Inspector チップに載る文字。
The badge that says a variable is const or static.,変数が const または static であることを示すバッジ。
The word on the const / static badge.,const / static バッジに載る文字。
The dim badge on a setup strip - the ▣ and ⇥ marks that open an Include bar.,セットアップ帯に付く控えめなバッジ - インクルードバーを開く ▣ と ⇥ の印。
The glyph on a setup badge.,セットアップバッジに載る記号。
"The ""Script block"" pill on a row that kept its GDScript as it was written.","書かれたままの GDScript を保っている行に付く ""Script block"" のピル。"
The words on the Script block pill.,Script block のピルに載る文字。
"The ""⚠ code"" badge that asks you to look at a line the sheet could not read.","シートが読み取れなかった行を確認するよう促す ""⚠ code"" バッジ。"
The words on the ⚠ code badge.,⚠ code バッジに載る文字。
"The plate behind an OR badge, when the condition lane has nothing of its own to say.",条件レーンに固有の内容がないときに OR バッジの背後に敷かれる板。
The word on the OR badge.,OR バッジに載る文字。
"The ⟳ badge on an event that runs every tick - a tween beat, a repeating timer.",毎ティック実行されるイベントに付く ⟳ バッジ - トゥイーンの刻み、繰り返しタイマーなど。
The glyph on the every-tick badge.,毎ティックバッジに載る記号。
The ⌨ badge on an event a key or a button starts.,キーやボタンで始まるイベントに付く ⌨ バッジ。
The glyph on the input badge.,入力バッジに載る記号。
The ▶ badge on an event that runs once.,一度だけ実行されるイベントに付く ▶ バッジ。
The glyph on the runs-once badge.,一度だけバッジに載る記号。
The main word of a row's sentence.,行の文の中心となる語。
The quieter half of a sentence.,文のうち控えめな側の部分。
"The muted detail after it - an Include bar's file name, an INPUT row's keys, a head bar's subtitle.",その後ろに続く控えめな補足 - インクルードバーのファイル名、INPUT 行のキー、見出しバーのサブタイトルなど。
"Text values inside a parameter (""coin""), so magic words are findable by colour.","パラメーター内の文字列値 (""coin"")。合言葉を色で見つけられるようにします。"
true and false inside a parameter.,パラメーター内の true と false。
"""N errors - the game will not run this script"", and the words on a broken row.",「N 件のエラー - ゲームはこのスクリプトを実行しません」と、壊れた行に載る文字。
The red stripe and wash down a row the engine cannot parse.,エンジンが解析できない行に引かれる赤い帯と色被せ。
The stripe that pulses on an event firing right now while the game runs.,ゲームの実行中、いま発火しているイベントで脈打つ帯。
The scrim over a row that is switched off.,オフにした行にかかる幕。
The breakpoint dot in the event-number margin.,イベント番号の余白に表示されるブレークポイントの点。
The bookmark pennant in the event-number margin.,イベント番号の余白に表示されるブックマークの小旗。
The hairline down the right edge of the event-number margin.,イベント番号の余白の右端に引かれる細い線。
The faint stop that marks each level of indent.,インデントの各段階を示す淡い目印。
The stronger line from an event down to its sub-events - the one you follow with your eye.,イベントからサブイベントへ下りる、やや濃い線 - 目で追う線です。
The line that shows where a dragged row will land.,ドラッグ中の行が落ちる位置を示す線。
The red a drop turns when it is not allowed.,ドロップが許されないときに変わる赤。
"The bubble that says why a drop was refused (""dealt is not visible here"").","ドロップが拒否された理由を伝える吹き出し (""dealt is not visible here"")。"
The same bubble when the drop is fine.,ドロップが問題ないときの同じ吹き出し。
The words in that bubble.,その吹き出しの中の文字。
The band behind selected text while you are editing a cell.,セルの編集中、選択したテキストの背後に敷かれる帯。
The plate a chip sits on when it brought no colour of its own.,固有の色を持たないチップが載る板。
"The outline around a colour value's swatch, so a pale colour still reads as a swatch.",色の値のスウォッチを囲む輪郭。淡い色でもスウォッチとして見えるようにします。
"How strongly every other use of a hovered variable lights up, inside that variable's own scope.",ホバー中の変数の他の使用箇所が、その変数のスコープ内でどれだけ強く光るか。
"The headings down the Object bar (SCENE, GLOBALS, INPUT) and the row count beside each entry.",オブジェクトバーの見出し (SCENE、GLOBALS、INPUT) と、各項目の横に出る行数。
"The ⚠ on an Object bar entry the sheet flagged - a node the scene lost, an action the Input Map does not have.",シートが警告を付けたオブジェクトバーの項目に出る ⚠ - シーンから失われたノードや、入力マップにないアクションなど。
The wash over every row that uses the object you point at in the Object bar.,オブジェクトバーで指したオブジェクトを使っているすべての行にかかる色被せ。
The grab dots on the row under the mouse.,マウス下の行に出るつまみの点。
Those dots once the pointer is in the grab zone.,ポインターがつまみ領域に入ったときの、その点。
The message along the bottom of the dock.,ドックの下端に出るメッセージ。
That message when something went wrong.,問題が起きたときの、そのメッセージ。
"The row address beside it (""event 12 ▸ action 2"").","その横に出る行の位置表示 (""event 12 ▸ action 2"")。"
The ● that says this sheet has edits you have not saved.,このシートに未保存の変更があることを示す ●。
The file path printed beside the sheet's name.,シート名の横に表示されるファイルパス。
"Captions, breadcrumbs and the quiet words on a Manual page. Clear = follow the editor.",マニュアルページのキャプション、パンくず、控えめな語句。透明 = エディターに合わせます。
"The paper behind a Manual page. Leave it clear and the Manual sits on the editor's own background, the way it ships.",マニュアルページの背後の紙。透明のままにすると、マニュアルは出荷時のとおりエディター自身の背景の上に載ります。
Headings on a Manual page. Clear = follow the editor's own text colour.,マニュアルページの見出し。透明 = エディター自身の文字色に合わせます。
The highlight behind a search hit inside a page.,ページ内の検索ヒットの背後に付くハイライト。
The pill on the contents entry for the page you are reading. Clear = the editor's accent.,いま読んでいるページの目次項目に付くピル。透明 = エディターのアクセント色。
The word on that pill.,そのピルに載る文字。
The note above a row its pack has deprecated.,パックが非推奨にした行の上に出る注記。
The rule under a table's header row on a page.,ページ内の表の見出し行の下に引かれる罫線。
The strip down the left of the sheet that carries the event numbers.,シートの左側にあり、イベント番号を並べる帯。
The event numbers themselves.,イベント番号そのもの。
Cursor is over,カーソルが上にある
(enters),(入る)
(leaves),(出る)
On gamepad connected / disconnected,ゲームパッド接続 / 切断時
On %s clicked,%s がクリックされたとき
repeat forever,ずっと繰り返す
repeat {count} times,{count} 回繰り返す
button,ボタン
in the Inspector,インスペクターに表示
calls,呼び出す
Add Inspector Button…,インスペクターボタンを追加…
Count down {name},{name} をカウントダウン
by dt,dt ずつ
never below 0,0 未満にはならない
Start {name} for {seconds} seconds,{name} を {seconds} 秒開始
{name} has run out,{name} が切れた
{name} is running,{name} が進行中
Forget {name},{name} を忘れる
Remove from layout,レイアウトから外す
"kept alive, not destroyed",破棄されず生きたまま
{table} {key} (or {fallback} when missing),{table} {key} (無い場合は {fallback})
the first {count} of {list},{list} の最初の {count} 件
the sum of {member} over {list},{list} の {member} の合計
Sort {name} by {member},{name} を {member} で並べ替え
lowest first,小さい順
highest first,大きい順
Call the function stored in {table} {key},{table} {key} に入っている関数を呼ぶ
a table of functions,関数のテーブル
Set item {key} to {value},項目 {key} を {value} に設定
{object}.Item({key}),{object}.Item({key})
or {fallback},または {fallback}
save file is missing,セーブファイルが無い
save file exists,セーブファイルがある
Local Storage,ローカルストレージ
sequence ·,シーケンス ·
a wait,待ち時間
pooled,プール利用
Return to pool,プールに戻す
"hidden, ticking off, back in pool",非表示・停止してプールへ
Set effect parameter {name} to {value},エフェクトパラメータ {name} を {value} にする
Remove effect,エフェクトを外す
Set effect to {name},エフェクトを {name} にする
Tween effect parameter {name} from {from} to {to} in {seconds} seconds,エフェクトパラメータ {name} を {seconds} 秒で {from} から {to} へ変化
{object}'s effect parameter {name},{object} のエフェクトパラメータ {name}
Set tile at {cell} to {atlas},{cell} のタイルを {atlas} にする
Erase tile at {cell},{cell} のタイルを消す
layer {n},レイヤー {n}
tileset {id},タイルセット {id}
tile at {cell} has {name} set,{cell} のタイルに {name} が設定されている
Make current,現在のものにする
Set smoothing {state},スムージングを {state} にする
Scroll toward {target} at {rate},{target} へ {rate} でスクロール
(per second),(毎秒)
Set scroll limits {left} to {right},スクロール範囲を {left} から {right} にする
left,左
right,右
top,上
bottom,下
(none - runs every tick),(なし - 毎ティック実行)
An event with no condition of its own runs every tick.,自分の条件を持たないイベントは毎ティック実行されます。
"An event with no condition of its own runs every tick. Add its actions with A, or add a condition later to narrow it down.",自分の条件を持たないイベントは毎ティック実行されます。A でアクションを追加するか、後から条件を追加して絞り込めます。
Runs every tick,毎ティック実行
runs every tick,毎ティック実行
"follows its parent, in order",親イベントに続いて、順番に実行
Keep As Every Tick,毎ティックのまま残す
Delete The Event,イベントを削除
"That was the event's last condition. An event with no condition of its own runs every tick - keep it that way, or delete the event?",これがこのイベントの最後の条件でした。条件を持たないイベントは毎ティック実行されます。このまま残しますか、イベントを削除しますか?
every tick,毎ティック
Current state is,現在の状態が
Go to state {state},状態 {state} へ移行
Current state is {state},現在の状態が {state}
Previous state is {state},直前の状態が {state}
Current state in list {states},現在の状態がリスト {states} のいずれか
Previous state in list {states},直前の状態がリスト {states} のいずれか
written into this script,このスクリプトに書き込む
"one named state at a time, switched by Go to state",常に 1 つの名前付き状態。状態へ移行 で切り替えます
Load layout {path} in the background,レイアウト {path} をバックグラウンドで読み込む
layout {path} has finished loading,レイアウト {path} の読み込みが完了した
Apply gravity {gravity} (per second),重力 {gravity} をかける (毎秒)
Accelerate {axis} toward {target} at {rate} (per second),{axis} を {target} へ {rate} で加速 (毎秒)
Limit speed to {value},速度を {value} までに制限
Move (and slide along what it hits),移動する (当たったものに沿って滑る)
Disable collisions with {layer},{layer} との衝突を無効にする
Enable collisions with {layer},{layer} との衝突を有効にする
Ignore collisions with {other},{other} との衝突を無視する
Rotate toward {target} at {rate} (per second),{target} の方へ {rate} で回転 (毎秒)
collided object is in family {name},衝突した相手はファミリー {name} に属する
Send {name} to everyone,{name} を全員に送る
Send {name} to the host,{name} をホストに送る
Send {name} to {peer},{name} を {peer} に送る
Is host,ホストである
Owns this object,このオブジェクトを所有している
from any peer,どのピアからでも
from the owner,所有者から
runs here too,ここでも実行される
remote only,リモートのみ
reliable,確実
unreliable,非確実
"unreliable, in order",非確実、順序どおり
Find path to {target},{target} への経路を探す
Move along path at {speed},経路に沿って {speed} で進む
Move along path at {speed} (avoiding others),経路に沿って {speed} で進む (他をよけながら)
Has arrived,到着した
Set as active camera,アクティブなカメラにする
Set animation frame to {value},アニメーションフレームを {value} にする
Set animation speed to {value},アニメーション速度を {value} にする
Set image to {file},画像を {file} にする
Set sound to {file},サウンドを {file} にする
Set pitch to {value},ピッチを {value} にする
Set bus to {bus},バスを {bus} にする
Set volume to {value},音量を {value} にする
Set volume to {value} dB,音量を {value} dB にする
Set master volume to {value},全体音量を {value} にする
Set master volume to {value} dB,全体音量を {value} dB にする
Set {bus} volume to {value},{bus} の音量を {value} にする
Set {bus} volume to {value} dB,{bus} の音量を {value} dB にする
(0 to 1),(0 から 1)
Set focus,フォーカスする
Show dialog,ダイアログを表示
(centred),(中央)
Seek to {seconds} seconds,{seconds} 秒へ移動
Set blend {name} to {value},ブレンド {name} を {value} にする
Travel to animation state {state},アニメーション状態 {state} へ移動
Is playing,再生中
Set mirrored when {test},{test} のとき左右反転
Set flipped when {test},{test} のとき上下反転
Shake by {amount},{amount} だけ揺らす
random offset this tick,この tick のランダムなずれ
Bob {axis},{axis} を揺らす
sine,サイン
magnitude,振幅
per second,毎秒
Ease size back to normal at {rate},サイズを {rate} で元に戻す
Play sound,サウンドを再生
Stop sound,サウンドを停止
"Sprite and animation: mirrored, frame, speed, opacity and the animation tree",スプライトとアニメーション: 反転、フレーム、速度、不透明度、アニメーションツリー
"UI: focus, progress bars, dialogs and the mixer",UI: フォーカス、進捗バー、ダイアログ、ミキサー
"Sound: the file, its pitch, its bus, its volume and where it plays from",サウンド: ファイル、ピッチ、バス、音量、再生位置
"Juice: shake, hitstop, bob, flash and the squash that eases back",ゲームフィール: 揺れ、ヒットストップ、上下動、フラッシュ、戻るスカッシュ
could adopt: %s,採用可能: %s
This script hand-writes something a shipped behavior already does. Right-click the marked event to see what would change.,このスクリプトは、同梱のビヘイビアが既にできることを手書きしています。印の付いたイベントを右クリックすると、何が変わるか見られます。
Cooldown,クールダウン
UI,UI
Sound,サウンド
Juice,ジュース感
Camera,カメラ
Multiplayer,マルチプレイヤー
Navigation,ナビゲーション
Effects,エフェクト
State Machine,ステートマシン
Platformer,プラットフォーマー
State machine,ステートマシン
Object pool,オブジェクトプール
Wait sequence,待機シーケンス
Save / load,セーブ / ロード
Loading screen,ローディング画面
Sprite animation,スプライトアニメーション
Existence,存在確認
Tilemap,タイルマップ
ObjectPool,ObjectPool
Save System,セーブシステム
Scene Flow,シーンフロー
Nav Agent,ナビゲーションエージェント
"a number counted down every tick, with something that happens when it reaches zero",毎ティック減っていく数値と、ゼロになったときに起きること
"one value says what something is doing, and every event asks it first",1つの値が今なにをしているかを示し、すべてのイベントがまずそれを尋ねる
objects are kept and reused instead of created and destroyed,オブジェクトを生成・破棄せず、保持して再利用する
steps that run one after another with a wait between them,あいだに待ち時間を挟んで順に実行される手順
values written to a file and read back the next time the game runs,ファイルに書き込み、次回起動時に読み戻す値
"gravity, acceleration, a speed limit and a move, every tick",毎ティックの重力・加速・速度制限・移動
"something on screen follows a value, or is shown and hidden",画面上の何かが値に追従する、または表示と非表示が切り替わる
"a sound is chosen, tuned and played",音を選び、調整して再生する
"a short push on position, scale, tint or time that makes a hit feel like one",位置・大きさ・色・時間への短い揺さぶりで、当たりを当たりらしく感じさせる
"the view follows something, inside limits, at a zoom",視点が対象を、範囲の内側で、ズーム付きで追う
something is checked for being there before it is used,使う前に、それがあるかどうかを確かめる
a scene is loaded in the background while a bar shows how far it got,バーで進み具合を見せながら、シーンを裏で読み込む
"messages sent to the host or to everyone, and who owns what",ホストまたは全員へのメッセージと、誰が何を所有するか
"a frame, a speed, a mirrored look and an animation that is playing",コマ、速度、左右反転、そして再生中のアニメーション
"a destination, the next waypoint toward it, and arriving",目的地、そこへの次の地点、そして到着
"a shader parameter set, tweened or removed",シェーダーのパラメータを設定・補間・解除する
tiles read and written by position,位置でタイルを読み書きする
"an event with no condition of its own, so it runs every tick",自身の条件を持たないイベント。だから毎ティック走る
1 pattern,パターン 1 個
%d patterns,パターン %d 個
%d adoptable,%d 個は置き換え可能
Open in the Manual,マニュアルで開く
read as the %s pattern,%s パターンとして読まれた
read as the %s pattern because,%s パターンとして読まれた理由
Hand-written,手書きのコード
As events,イベントとして
Common Game Patterns,よくあるゲームのパターン
"The shapes a game is made of, each one written by hand on the left and read as events on the right. Every example is a real file this editor opens: press Insert to put the rows in your sheet.",ゲームを形づくる型を、左は手書きのコード、右はイベントとしての読みで並べています。どの例もこのエディタが実際に開くファイルです。挿入でシートに行が入ります。
Adopt behavior,ビヘイビアを採用
Adopt behavior: %s,ビヘイビアを採用: %s
Adopt behavior: %s…,ビヘイビアを採用: %s…
Explain this reading,この読み方を説明
Patterns,パターン
Pattern…,パターン…
Patterns using this,これを使うパターン
As it reads now,いまの読み方
After adopting,採用したあと
Keeps working because,動き続ける理由
Adopt,採用
There is nothing here to adopt.,ここに採用できるものはありません。
This editor has no automatic rewrite for that behavior yet.,このビヘイビアの自動書き換えはまだありません。
This event no longer counts anything down.,このイベントはもう何も減らしていません。
"Nothing ever puts %s back above zero, so there is no cooldown length for the behavior to use.",%s をゼロより上に戻すものがどこにもないため、ビヘイビアが使うクールダウン時間がありません。
"No event asks whether %s has run out, so there is nothing for Cooldown Is Ready to replace.",%s が切れたかを尋ねるイベントがないため、置き換える対象がありません。
"%s is compared to %s, and the behavior only knows whether a cooldown is ready.",%s は %s と比べられていますが、ビヘイビアはクールダウンが明けたかどうかしか知りません。
"%s is also read by %s, which needs the number itself.",%s は %s でも読まれており、そちらは数値そのものを必要とします。
%s is used only by these events.,%s はこれらのイベントでしか使われていません。
The behavior counts the same %s seconds the code did.,ビヘイビアはコードと同じ %s 秒を数えます。
Cooldown Is Ready becomes true at the moment the countdown reached zero.,クールダウン完了は、カウントがゼロになったその瞬間に真になります。
(this event is no longer needed),(このイベントはもう不要です)
%d event(s) change; every other line of the file stays exactly as it is.,%d 件のイベントが変わります。ファイルの他の行はそのままです。
Adopted %s - the hand-written rows now use the shipped behavior.,%s を採用しました。手書きの行が同梱のビヘイビアを使うようになりました。
Pick an event with a pattern marker first.,先にパターン印のあるイベントを選んでください。
Pick an event with a behavior to adopt first.,先に採用できるビヘイビアのあるイベントを選んでください。
"Patterns - an event that is a known shape says which one, and its hover says why.",パターン - 既知の形のイベントはその名を示し、ホバーで理由を示します。
Patterns off - every event reads as its own plain sentences.,パターンオフ - すべてのイベントはそれ自身の素の文として読まれます。
This block is the %s behavior - Adopt behavior?,このかたまりは %s ビヘイビアです。採用しますか。
%s counts down but never restarts - this event subtracts from it and nothing sets it above zero.,%s は減っていくだけで再開されません。このイベントが引き、ゼロより上に戻すものがありません。
A pooled object is created here and nothing anywhere returns one to the pool.,ここでプールのオブジェクトが作られますが、どこでもプールに返していません。
%s is set here but no event asks for it.,%s はここで設定されますが、それを尋ねるイベントがありません。
A timer is started on entering this state and nothing stops it on leaving.,この状態に入るときタイマーが始まりますが、出るときに止めるものがありません。
Words,言葉
Words…,言葉…
how the sheet talks,シートの話し方
live preview,ライブプレビュー
what it names,何を指すか
with Familiar Words on,なじみのある言葉オン
Reset to defaults,既定値に戻す
custom…,自分の言葉…
your word,あなたの言葉
Addon manager,アドオン管理
Addon manager…,アドオン管理…
installed packs,インストール済みパック
pack,パック
what you can do,できること
Import from .zip…,.zip から取り込む…
Import from URL…,URL から取り込む…
Check for updates,更新を確認
Find more (Asset Library),もっと探す (Asset Library)
user pack,自作パック
Import a pack from a .zip,.zip からパックを取り込む
Import a pack from a URL,URL からパックを取り込む
Add behavior,ビヘイビアを追加
Add behavior…,ビヘイビアを追加…
as a behavior node,ビヘイビアノードとして
This pack has no knobs to set.,このパックに設定はありません。
No pack here matches that.,一致するパックはありません。
Reading check,読みやすさチェック
Fix:,直す:
Project,プロジェクト
Project bar,プロジェクトバー
Add toolbar,追加ツールバー
Start page,スタートページ
Scenes,シーン
layouts,レイアウト
Scripts,スクリプト
event sheets,イベントシート
Classes,クラス
object types,オブジェクト型
Base classes,基底クラス
families,ファミリー
Sounds,サウンド
1 file,1 ファイル
%d files,%d ファイル
%d things,%d 件
filter the project...,プロジェクトを絞り込む...
Nothing here matches that.,一致するものはありません。
This project has no scenes or scripts yet.,このプロジェクトにはまだシーンもスクリプトもありません。
New scene…,新しいシーン…
New script…,新しいスクリプト…
New class…,新しいクラス…
Extract base class…,基底クラスを抽出…
Import sound…,サウンドをインポート…
The last Project Doctor run had something to say about this one.,前回のプロジェクトドクターの実行で指摘があります。
Hide the Project bar for this project (View ▸ Project bar brings it back).,このプロジェクトでプロジェクトバーを隠します（表示 ▸ プロジェクトバーで戻ります）。
"Everything in this project, by what it is. Nothing here changes a file - every entry opens something you already have.",このプロジェクトのすべてを、その正体ごとに。ここでファイルは変わりません - どの項目もすでにあるものを開くだけです。
▶ Preview layout,▶ レイアウトをプレビュー
▶▶ Preview project,▶▶ プロジェクトをプレビュー
🐞 Debug layout,🐞 レイアウトをデバッグ
■ Stop,■ 停止
↻ Restart,↻ 再起動
+ Event,+ イベント
+ Sub-event,+ サブイベント
+ Condition,+ 条件
+ Action,+ アクション
+ Group,+ グループ
+ Comment,+ コメント
+ Variable,+ 変数
+ Function,+ 関数
Start a new event.,新しいイベントを始めます。
New from template,テンプレートから新規作成
Recent,最近
Learn,学ぶ
Show this page when nothing is open,何も開いていないときにこのページを表示
Nothing here yet.,まだ何もありません。
Another event-sheet editor,別のイベントシートエディタ
Resolve Conflict,コンフリクトを解決
Ours and theirs,自分の側と相手の側
Save resolved file,解決したファイルを保存
Events both sides agree on are greyed - there is nothing to decide about them. Pick one of the rest per event.,両方が一致するイベントはグレー表示です - 決めることはありません。残りはイベントごとに選びます。
both the same,どちらも同じ
Keep ours,自分の側を残す
Keep theirs,相手の側を残す
Keep both,両方を残す
Replay Recorder,リプレイレコーダー
Replay Recorder…,リプレイレコーダー…
⏺ Record,⏺ 録画
⏹ Stop,⏹ 停止
Save as Test Sheet…,テストシートとして保存…
Save as Test Sheet,テストシートとして保存
The take,テイク
Checkpoint,チェックポイント
Add checkpoint,チェックポイントを追加
Should be,期待値
At frame,フレーム
"No take yet. Press Record, then run the game.",まだテイクがありません。録画を押してからゲームを実行してください。
A checkpoint needs something to read.,チェックポイントには読み取る対象が必要です。
New Shared Sheet,新しい共有シート
New shared sheet…,新しい共有シート…
Include Sheet,シートを取り込む
Include sheet…,シートを取り込む…
Called,名前
Included,取り込み方
as a base class,基底クラスとして
as a helper,ヘルパーとして
A shared sheet needs a name.,共有シートには名前が必要です。
Save this sheet as a script first - an include is written into the file.,先にこのシートをスクリプトとして保存してください - 取り込みはファイルに書き込まれます。
Nothing is running - Apply to running game needs a game to apply to.,実行中のゲームがありません - 適用には実行中のゲームが必要です。
⟳ Apply to running game (Ctrl+Alt+S),⟳ 実行中のゲームに適用 (Ctrl+Alt+S)
⟳ Applies when the game resumes (paused at a row),⟳ ゲーム再開時に適用されます (行で一時停止中)
Auto-apply while debugging,デバッグ中は自動で適用
Ships as,生成される形
Set angle of motion to {angle},移動角度を {angle} にする
Set speed to {speed},速度を {speed} にする
accelerating by,加速量
Set gravity to {gravity},重力を {gravity} にする
Bounce off solids,壁で跳ね返る
Distance travelled {sign} {limit},移動距離 {sign} {limit}
Rotate toward target at {rate},目標へ {rate} で回転
Has target,目標を持っている
Move toward {destination} at {speed},{destination} へ {speed} で移動
Move to position {point},位置 {point} へ移動
Move to position {point} at {speed},位置 {point} へ {speed} で移動
Start moving,移動を開始
Rotate clockwise at {rate} (degrees per second),時計回りに {rate} で回転 (度/秒)
Rotate clockwise at {rate} (radians per second),時計回りに {rate} で回転 (ラジアン/秒)
Wrap around layout horizontally,レイアウトを左右にラップ
Wrap around layout vertically,レイアウトを上下にラップ
Bound to layout (inside {low} - {high}),レイアウト内に制限 ({low} - {high} の内側)
Pin to {anchor} (position),{anchor} に固定 (位置)
Pin to {anchor} (position · offset {offset}),{anchor} に固定 (位置 · オフセット {offset})
Pin to {anchor} (angle),{anchor} に固定 (角度)
Fade out over {seconds} seconds,{seconds} 秒かけてフェードアウト
Fade out over {seconds} seconds (then destroy),{seconds} 秒かけてフェードアウト (その後破棄)
Acquire nearest {family} within {range},{range} 以内で最も近い {family} を捕捉
Bullet,弾
Turret,タレット
Move To,移動先
Rotate,回転
Wrap,ラップ
Bound To,範囲制限
Pin,固定
Fade,フェード
Request {url},{url} をリクエスト
Post to {url},{url} へ送信
Post {data} to {url},{data} を {url} へ送信
request succeeded,リクエストが成功した
Set layer tint to {value},レイヤーの色合いを {value} にする
Set ambient light to {value},環境光を {value} にする
Set light energy to {value},光の強さを {value} にする
Set light colour to {value},光の色を {value} にする
Set light on,ライトをオンにする
Set light off,ライトをオフにする
Set shadows on,影をオンにする
Set shadows off,影をオフにする
Look at {place},{place} の方を向く
forward,前方
up,上
Wait for it to finish,終わるまで待つ
Run {name} in the background,{name} をバックグラウンドで実行
Wire {signal} to {handler},{signal} を {handler} につなぐ
Unwire {signal} from {handler},{signal} を {handler} から外す
at end of frame,フレームの終わりに
{signal} is wired to {handler},{signal} は {handler} につながっている
Fire {name},{name} を発火する
Call {name},{name} を呼ぶ
by name,名前で
"by name, with a list",名前で、リストを渡して
the function,関数
Set video to {file},動画を {file} にする
Pause,一時停止
Set hearing distance to {value},聞こえる距離を {value} にする
Set falloff to {value},減衰を {value} にする
Web requests,Web リクエスト
Lighting,ライティング
First-person look,一人称視点
Background work,バックグラウンド処理
Mouse look,マウスルック
turn by,回転量
look up/down on,上下は
clamped,制限
Crossfade {from} → {to} by {amount},{amount} で {from} → {to} をクロスフェード
shared,共有
Minimap,ミニマップ
"A picture of the whole sheet down the right edge: one bar per event tinted by what it is, the part you are looking at as a box you can drag, and your bookmarks in the margin. On by default once a sheet passes 200 events.",シート全体を右端に描いた図です。イベントごとに 1 本のバーが種類ごとの色で並び、いま見ている範囲はドラッグできる枠で示され、ブックマークは余白に出ます。200 イベントを超えると既定でオンになります。
Minimap on - the whole sheet down the right edge.,ミニマップ オン - シート全体が右端に出ます。
Minimap off.,ミニマップ オフ。
Sheet Map…,シートマップ…
"Which sheets, scenes and globals call, signal and include which - the shape of the project's logic on one page.",どのシート・シーン・グローバルが、どれを呼び、どれにシグナルを送り、どれを取り込んでいるか。プロジェクトのロジックの形を 1 ページで見せます。
History…,履歴…
History,履歴
"Every edit you have made to this sheet, in the sheet's own words. Click one to undo or redo back to it.",このシートに加えたすべての編集を、シート自身の言葉で並べます。クリックするとそこまで元に戻す/やり直しができます。
"No edits yet. Every change you make to this sheet is listed here, in the sheet's own words.",まだ編集はありません。このシートへの変更は、シート自身の言葉でここに並びます。
Dictionary: GDScript to events,対訳表: GDScript とイベント
Coming from GDScript,GDScript から来た人へ
Sheet map,シートマップ
Click a sheet to open it. Click a line to find every place it comes from.,シートをクリックすると開きます。線をクリックすると、その出どころをすべて探します。
Set Z order to {value},Z順序を {value} にする
Set Z order relative to the layer,Z順序をレイヤー基準にする
Set Z order absolute,Z順序を絶対値にする
Move to top of layer,レイヤーの最前面へ移動
Move to bottom of layer,レイヤーの最背面へ移動
Move to layer {layer},レイヤー {layer} へ移動
Set layer order to {value},レイヤー順序を {value} にする
relative,相対
absolute,絶対
Set font size to {value},文字サイズを {value} にする
Set font colour to {value},文字色を {value} にする
Set outline colour to {value},縁取りの色を {value} にする
Set shadow colour to {value},影の色を {value} にする
Set font to {value},フォントを {value} にする
Set horizontal alignment to {value},横方向の配置を {value} にする
Set vertical alignment to {value},縦方向の配置を {value} にする
Set word wrap on,折り返しをオンにする
Set word wrap off,折り返しをオフにする
centre,中央
justified,両端揃え
middle,中央
translated,翻訳された
Go to URL {url},URL {url} を開く
Copy {value} to clipboard,{value} をクリップボードにコピー
Request fullscreen,全画面を要求
Leave fullscreen,全画面を終了
Alert {message},{message} を通知
Vibrate for {milliseconds} ms,{milliseconds} ミリ秒振動
Is on mobile,モバイルで動作中
Is on desktop,デスクトップで動作中
Is on web,ウェブで動作中
Has feature tag {tag},機能タグ {tag} を持つ
Is {platform},{platform} である
Pick a random {family},{family} をランダムに選ぶ
Pick top {family},一番上の {family} を選ぶ
Pick bottom {family},一番下の {family} を選ぶ
Pick {family} where {test},{test} である {family} を選ぶ
Pick {family} by UID {uid},UID {uid} の {family} を選ぶ
Family,ファミリー
Base class,基底クラス
GLOBALS,グローバル
extends it,これを継承
the group has the same members,グループの構成は同じ
what extends this object's class,このオブジェクトのクラスを継承するもの
Set mass to {value},質量を {value} に設定
Set linear damping to {value},直線減衰を {value} に設定
Set angular damping to {value},回転減衰を {value} に設定
Set gravity scale to {value},重力スケールを {value} に設定
Set immovable,動かせなくする
Set movable,動かせるようにする
Use physics material {value},物理マテリアル {value} を使う
Set friction to {value},摩擦を {value} に設定
Set elasticity to {value},弾性を {value} に設定
Set world gravity to {value},ワールド重力を {value} に設定
Apply torque {value},トルク {value} を加える
Apply torque impulse {value},トルク力積 {value} を加える
Apply impulse {value} at {offset},力積 {value} を {offset} に加える
Apply force {value} at {offset},力 {value} を {offset} に加える
Create {kind} joint,{kind} ジョイントを作る
Is sleeping,スリープ中
Is awake,起きている
Is immovable,動かせない
Is not immovable,動かせる
Is checked,チェックされている
Is not checked,チェックされていない
Set checked,チェックする
Set unchecked,チェックを外す
Set text to {value},テキストを {value} に設定
Set placeholder to {value},プレースホルダーを {value} に設定
Set formatted text to {value},書式付きテキストを {value} に設定
Append formatted text {value},書式付きテキスト {value} を追加
Switch to tab {value},タブ {value} に切り替え
Set tooltip to {value},ツールチップを {value} に設定
Add item {value},項目 {value} を追加
Remove item {value},項目 {value} を削除
Select item {value},項目 {value} を選ぶ
Clear,空にする
Has reached the end,終点に着いた
Go to start,始点に戻る
Set looping {state},ループ {state}
Set rotate with path {state},パスに合わせて回転 {state}
Set distance along path to {value},パス上の距離を {value} に設定
Add path point {value},パス点 {value} を追加
Set pattern {name} to {value},パターン {name} を {value} に設定
Wait {seconds} seconds,{seconds} 秒待つ
Follow a Path,パスをたどる
Follow a path,パスをたどる
Follow A Path,パスをたどる
Text and patterns,テキストとパターン
"a body's weight, surface and pushes, set and applied rather than moved by hand",物体の重さ・表面・力を、手で動かすのではなく設定して加える
"something travels a drawn route at a speed, and starts again at the end",描いたルートを一定の速さで進み、終点で最初に戻る
"text built from values, and a regular expression searched or replaced in it",値から組み立てたテキストと、その中を検索・置換する正規表現
Text input,テキスト入力
List,リスト
Check box,チェックボックス
File chooser,ファイル選択
Tabs,タブ
blocks the game,ゲームが止まる
regular expression,正規表現
now (microseconds),現在 (マイクロ秒)
a pattern,パターン
the match,一致した文字列
first match of {pattern} in {text},{text} 内の {pattern} の最初の一致
all matches of {pattern} in {text},{text} 内の {pattern} のすべての一致
replace matches of {pattern} in {text} with {value},{text} 内の {pattern} の一致を {value} に置き換える
with,値:
revolute,回転
distance,距離
prismatic,直動
Text input ▸ On text changed,テキスト入力 ▸ テキストが変わったとき
Text input ▸ On submitted,テキスト入力 ▸ 確定したとき
List ▸ On item selected,リスト ▸ 項目が選ばれたとき
File chooser ▸ On file chosen,ファイル選択 ▸ ファイルが選ばれたとき
Tabs ▸ On tab changed,タブ ▸ タブが変わったとき
Ask…,たずねる…
Ask,たずねる
Reduced Motion,動きを減らす
Speak This Row,この行を読み上げる
What do you want to happen?,何が起きてほしいですか？
Proposed,提案
Discard,破棄
Reading Comfort,読みやすさ
Dyslexia-friendly text,ディスレクシアに配慮した文字
Reading font,読書用フォント
Extract to variable,変数に切り出す
⚡ Extract to variable,⚡ 変数に切り出す
Variable name,変数名
Fix selected,選択したものを修正
Object Properties,オブジェクトのプロパティ
Set max FPS to {value},最大FPSを {value} にする
Set anti-aliasing to {value},アンチエイリアスを {value} にする
Set fullscreen on,フルスクリーンをオンにする
Set fullscreen on (exclusive),フルスクリーンをオンにする（専有）
Set fullscreen off,フルスクリーンをオフにする
Maximize,最大化
Minimize,最小化
Set title to {value},タイトルを {value} にする
Set position to {value},位置を {value} にする
Set always on top to {value},常に手前に表示を {value} にする
Set vsync on,垂直同期をオンにする
Set vsync off,垂直同期をオフにする
Set vsync on (adaptive),垂直同期をオンにする（適応）
Set vsync on (mailbox),垂直同期をオンにする（メールボックス）
Set vsync to {value},垂直同期を {value} にする
Save image {name} as {value},画像 {name} を {value} として保存
Save data asset {name} as {value},データアセット {name} を {value} として保存
a screenshot,スクリーンショット
rendered as an image,を画像としてレンダリング
the data asset,データアセット
data type,データ型
image,画像
2×,2×
4×,4×
8×,8×
Data Asset,データアセット
the data asset [b]{path}[/b],データアセット [b]{path}[/b]
"Fetches one data asset by its path - the values a designer filled in the Inspector, ready to read fields off.",パスからデータアセットを1つ取得します。インスペクターで入力された値がそのまま読み取れます。
The .tres to fetch.,取得する .tres ファイル。
Save Data Asset,データアセットを保存
Save data asset [b]{resource}[/b] as [b]{path}[/b],データアセット [b]{resource}[/b] を [b]{path}[/b] として保存
Writes a data asset back to a file. An editor tool uses this to generate or bulk-edit content; a running game should write under user://.,データアセットをファイルに書き戻します。エディタツールがコンテンツの生成や一括編集に使います。実行中のゲームは user:// 以下に書いてください。
Asset,アセット
The data asset to write out.,書き出すデータアセット。
Where to write it. Writing under res:// only works in the editor; a running game writes to user://.,書き込む場所。res:// 以下への書き込みはエディタでのみ動作し、実行中のゲームは user:// に書きます。
Arrange by,並び替え
Saved Views,保存したビュー
Save Current View…,現在のビューを保存…
Forget %s,%s を削除
File order,ファイル順
1 event,イベント 1 件
Reading in file order.,ファイル順で読んでいます。
Arranged by %s. The file is unchanged.,%s で並び替えました。ファイルは変わりません。
No saved view by that name.,その名前のビューはありません。
View: %s,ビュー: %s
Save View,ビューを保存
Name this way of reading the sheet…,このシートの読み方に名前を付けます…
Saved the view %s.,ビュー %s を保存しました。
A view needs a name.,ビューには名前が必要です。
Forgot the view %s.,ビュー %s を削除しました。
Add common events…,よく使うイベントを追加…
Duplicate events for…,イベントを複製する対象…
On clicked,クリックされたとき
On toggled,切り替えられたとき
On timer,タイマーが切れたとき
On hit,ヒットしたとき
On died,死んだとき
No common events are known for %s.,%s の一般的なイベントは分かりません。
Added %s.,%s を追加しました。
Duplicate Events For,イベントを複製する対象
Name at least one object to duplicate for.,複製する対象を少なくとも一つ指定してください。
No events name %s.,%s に触れているイベントはありません。
Duplicated %d event(s).,イベントを %d 件複製しました。
Show Events in the Scene,シーンにイベントを表示
Events in the scene: on,シーンのイベント: オン
Events in the scene: off,シーンのイベント: オフ
Workspaces,ワークスペース
No workspaces yet,ワークスペースはまだありません
Open its sheets,そのシートをまとめて開く
That scene has no sheets to open.,そのシーンに開けるシートはありません。
That workspace has nothing left to open.,そのワークスペースには開けるものが残っていません。
Forgot the workspace %s.,ワークスペース %s を削除しました。
Workspace %s: %d sheet(s).,ワークスペース %s: シート %d 件。
Export,書き出し
Image (PNG)…,画像 (PNG)…
PDF…,PDF…
Markdown with figures…,図付き Markdown…
Open a sheet first.,先にシートを開いてください。
Rendering the sheet…,シートを描画しています…
The sheet could not be rendered here.,ここではシートを描画できませんでした。
Could not write %s.,%s を書き出せませんでした。
Exported %d page(s) to %s.,%d ページを %s に書き出しました。
Exported %s with %d figure(s).,%s を図 %d 件付きで書き出しました。
Exported the sheet to %s.,シートを %s に書き出しました。
Export the sheet as a PDF,シートを PDF として書き出す
Export the sheet as an image,シートを画像として書き出す
Export the sheet as Markdown with figures,シートを図付き Markdown として書き出す
Health…,健康状態…
reads as events %d%%,%d%% がイベントとして読める
Doctor %d errors,ドクター: エラー %d 件
%d notes,注意 %d 件
tests: none yet,テスト: まだありません
tests: %d Test Sheets,テスト: テストシート %d 件
last run green,前回は成功
last run failed,前回は失敗
never run,未実行
unused: nothing,未使用: なし
unused: 1 thing,未使用: 1 件
unused: %d things,未使用: %d 件
Sheet Health,シートの健康状態
{object} has line of sight to {target},{object} は {target} を視認できる
within,以内
choose weighted,重み付きで選ぶ
Drag & Drop ▸ Start dragging,ドラッグ＆ドロップ ▸ ドラッグ開始
Drag & Drop ▸ Drop,ドラッグ＆ドロップ ▸ ドロップ
Drag & Drop ▸ Remember the grab offset,ドラッグ＆ドロップ ▸ つかんだずれを記憶
Drag & Drop ▸ Follow the cursor (keeping the grab offset),ドラッグ＆ドロップ ▸ カーソルに追従（ずれを保つ）
Drag & Drop ▸ Is dragging,ドラッグ＆ドロップ ▸ ドラッグ中
Drag & Drop ▸ Is not dragging,ドラッグ＆ドロップ ▸ ドラッグ中でない
Anchor ▸ Anchor to {corner} (of the window),アンカー ▸ ウィンドウの {corner} に固定
Anchor ▸ Set {side} anchor to {value},アンカー ▸ {side} のアンカーを {value} にする
Anchor ▸ Set {side} margin to {value},アンカー ▸ {side} の余白を {value} にする
top left,左上
top right,右上
bottom left,左下
bottom right,右下
centre top,中央上
centre bottom,中央下
centre left,中央左
centre right,中央右
full rect,全体
left edge,左端
right edge,右端
top edge,上端
bottom edge,下端
middle row,中央の行
middle column,中央の列
Jump-thru ▸ Set enabled (one-way: solid from above only),すり抜け床 ▸ 有効にする（上からだけ固い）
Jump-thru ▸ Set disabled,すり抜け床 ▸ 無効にする
Solid ▸ Set disabled,固い ▸ 無効にする
Solid ▸ Set enabled,固い ▸ 有効にする
Solid ▸ On layer {layer},固い ▸ レイヤー {layer} 上
Solid ▸ Not on layer {layer},固い ▸ レイヤー {layer} 外
layer,レイヤー
Randomize seed,シードをランダムにする
Set seed to {seed},シードを {seed} にする
Set noise type to {type},ノイズ種別を {type} にする
Is overlapping at offset {offset} (a solid),オフセット {offset} で重なっている（固いもの）
Is not overlapping at offset {offset} (a solid),オフセット {offset} で重なっていない（固いもの）
on layer,レイヤー
overlapping,に重なっている
For each,各
"Behaviors, by the name you know",知っている名前で引くビヘイビア一覧
Jump to event,イベントへジャンプ
Explain,解説
Godot's words,Godot の原文
Show events,イベントを表示
Follow Scene Selection,シーンの選択に追従
Filter events to %s,イベントを %s に絞り込む
Debugger,デバッガ
Debugger…,デバッガ…
Inspect,インスペクト
Watch,ウォッチ
Breakpoints,ブレークポイント
Instance values,インスタンスの値
Per fire,1 回あたり
Share of run,実行全体に占める割合
Fires,発火回数
Import event sheet…,イベントシートをインポート…
Import event sheet,イベントシートをインポート
"Bring a sheet over from another event-sheet editor. Pick the project it saved or one exported sheet, say which node each object became, and see exactly what came across - every row the vocabulary knows becomes the row that says the same thing, and every row it does not arrives switched off with its own words beside it. Nothing is written until you choose Save as…",他のイベントシートエディタからシートを持ち込みます。保存されたプロジェクトか、書き出されたシートを選び、各オブジェクトがどのノードになったかを指定すると、何が取り込まれたかがそのまま見えます。語彙にある行は同じ意味の行になり、ない行は元の言葉を添えて無効のまま届きます。名前を付けて保存… を選ぶまで何も書き込まれません。
"Brings a sheet over from another event-sheet editor. Pick the project it saved (a zip of JSON) or a single exported event sheet. Every condition, action and expression this vocabulary knows becomes the row that says the same thing; anything it does not know arrives switched off with its own words beside it, and is counted below. Nothing is written until you choose Save as…",他のイベントシートエディタからシートを持ち込みます。保存されたプロジェクト（JSON の zip）か、書き出されたイベントシートを選んでください。語彙にある条件・アクション・式は同じ意味の行になり、それ以外は元の言葉を添えて無効のまま届き、下で数えられます。名前を付けて保存… を選ぶまで何も書き込まれません。
Which file?,どのファイル？
"The exported project, or one exported event sheet",書き出されたプロジェクト、またはイベントシート 1 つ
Browse…,参照…
Which node is which object?,どのノードがどのオブジェクト？
"One line per object the sheet talks to. The node is written into the rows as-is, so $Player means the child called Player; leave it empty and the rows act on the sheet's own node and the object name is kept in the report.",シートが話しかけるオブジェクトごとに 1 行。ノードはそのまま行に書き込まれるので、$Player は Player という子を意味します。空のままにすると行はシート自身のノードに作用し、オブジェクト名はレポートに残ります。
What it reads like,どう読めるか
What came across,何が取り込まれたか
Save as…,名前を付けて保存…
Pick the exported project or sheet,書き出されたプロジェクトかシートを選ぶ
Save the imported sheet as,インポートしたシートの保存先
Pick a file to see what comes across.,ファイルを選ぶと、何が取り込まれるかが見えます。
Pick a file first.,まずファイルを選んでください。
That file could not be opened as a project archive.,そのファイルはプロジェクトアーカイブとして開けませんでした。
No event sheets were found in that archive.,そのアーカイブにイベントシートは見つかりませんでした。
That file does not exist.,そのファイルは存在しません。
That file is not an exported event sheet.,そのファイルは書き出されたイベントシートではありません。
Nothing has been imported yet.,まだ何もインポートされていません。
the direction from {from} to {to},{from} から {to} への向き
unit vector of {value},{value} の単位ベクトル
the speed,速さ
how much {a} points along {b} (-1 to 1),{a} が {b} に沿う度合い (-1 から 1)
{value} turned {angle},{value} を {angle} 回転
darker,暗く
lighter,明るく
colour from {value},{value} からの色
colour from hue {hue},色相 {hue} の色
full saturation,彩度いっぱい
{amount} saturation,彩度 {amount}
{amount} brightness,明度 {amount}
at {amount} opacity,不透明度 {amount}
Ease colour toward {colour} at {rate},色を {colour} へ {rate} で寄せる
a new {type},新しい {type}
a copy of {value},{value} のコピー
{object}'s path,{object} のパス
{object}'s child named {name},{object} の子 {name}
the child named {name},子 {name}
{name} in the layout,レイアウト内の {name}
the layout,レイアウト
unique name,ユニーク名
Clone object,オブジェクトを複製
next to it,その隣に
inside it,その中に
Data type,データ型
based on,基は
down to,から
step,刻み
{subject} is a list of {count},{subject} が {count} 件のリスト
starting {values},先頭が {values}
{subject} is a table,{subject} がテーブル
with {clauses},条件 {clauses}
has {key},{key} を持つ
Editor Tool…,エディタツール…
"One-click chore - run it yourself, from the sheet's bar",ワンクリック作業 - シートのバーから自分で実行
Editor plugin - the editor switches it on and off,エディタプラグイン - エディタがオン/オフを切り替える
Importer add-on - runs when files are imported,インポーター拡張 - ファイルのインポート時に実行
Export hook - runs when the project is exported,エクスポートフック - プロジェクトのエクスポート時に実行
Dock panel - a panel beside the Scene dock,ドックパネル - シーンドックの隣のパネル
Bottom panel - beside Output and Debugger,下部パネル - 出力とデバッガーの隣
Tools menu item - Project > Tools > your entry,ツールメニュー項目 - プロジェクト > ツール > 自分の項目
Properties bar add-on - buttons and editors in the Inspector,プロパティバー拡張 - インスペクターのボタンとエディタ
Context menu item - right-click in the Scene dock or Project bar,コンテキストメニュー項目 - シーンドックまたはプロジェクトバーで右クリック
Layout view handle - draw over the 2D view,レイアウトビューハンドル - 2Dビューの上に描画
Thumbnail maker - previews for a file type,サムネイル生成 - ファイル種別のプレビュー
Debugger panel - a tab while the game runs,デバッガーパネル - ゲーム実行中のタブ
"Command tool - headless, run with arguments",コマンドツール - ヘッドレスで引数付き実行
Test sheet - check rows and a verdict,テストシート - チェック行と判定
Object type - a node of your own in Create Node,オブジェクト型 - ノード作成に自分のノードを追加
"Editor Add-on (Properties bar, importer, thumbnails…)",エディタ拡張（プロパティバー、インポーター、サムネイル…）
Command Tool (runs headless from the command line),コマンドツール（コマンドラインからヘッドレスで実行）
"A piece a plugin hands the editor: a Properties bar add-on, importer, thumbnail maker, debugger panel, context menu or view handle.",プラグインがエディタに渡す部品です。プロパティバー拡張、インポーター、サムネイル生成、デバッガーパネル、コンテキストメニュー、ビューハンドルのいずれかです。
"A script the Godot binary runs headless from the command line, with arguments and an exit code.",Godot 本体がコマンドラインからヘッドレスで実行するスクリプトです。引数と終了コードを持ちます。
The editor icon this name draws.,この名前が描くエディタアイコンです。
The words for building editor tools,エディタツールを作るための言葉
bottom panel,下部パネル
each one's,それぞれの
those where,次の条件のもの
each one,それぞれ
editor plugin,エディタープラグイン
Properties bar add-on,プロパティバー アドオン
Importer add-on,インポーター アドオン
Export hook,エクスポート フック
Debugger panel,デバッガー パネル
Thumbnail maker,サムネイル作成
Code colours,コードの色
Text finder,テキスト検索
icon,アイコン
named,名前
On plugin enabled,プラグインが有効になったとき
On plugin disabled,プラグインが無効になったとき
On save,保存時
main screen,メイン画面
added by,追加元
On plugin first turned on,プラグインを初めてオンにしたとき
On plugin first turned off,プラグインを初めてオフにしたとき
Asks: can this plugin edit {0}?,質問: このプラグインは {0} を編集できますか?
On object handed to plugin,オブジェクトがプラグインに渡されたとき
On workspace shown,ワークスペースが表示されたとき
On project run,プロジェクト実行時
Asks: show this add-on for {0}?,質問: {0} にこのアドオンを表示しますか?
On start of {0}'s properties,{0} のプロパティの先頭で
On property {2} of {0},{0} のプロパティ {2} で
On end of {0}'s properties,{0} のプロパティの末尾で
On group {1} of {0},{0} のグループ {1} で
On import,インポート時
On export begins,エクスポート開始時
On file exported,ファイルがエクスポートされたとき
On export ends,エクスポート終了時
On session started,セッション開始時
On message,メッセージ受信時
Asks: handles type?,質問: この型を扱いますか?
On make thumbnail,サムネイル作成時
On menu opens for {0},{0} のメニューが開いたとき
Add dock {1} at {0},{0} にパネル {1} を追加
Add dock {0},パネル {0} を追加
Remove dock {0},パネル {0} を削除
Add bottom panel {0} named {1},下部パネル {0} を {1} という名前で追加
Remove bottom panel {0},下部パネル {0} を削除
Add Tools menu item {0},ツールメニュー項目 {0} を追加
Remove Tools menu item {0},ツールメニュー項目 {0} を削除
Add context menu {1} to {0},{0} にコンテキストメニュー {1} を追加
Remove context menu {0},コンテキストメニュー {0} を削除
Add Properties bar add-on {0},プロパティバー アドオン {0} を追加
Remove Properties bar add-on {0},プロパティバー アドオン {0} を削除
Add importer add-on {0},インポーター アドオン {0} を追加
Remove importer add-on {0},インポーター アドオン {0} を削除
Add export hook {0},エクスポート フック {0} を追加
Remove export hook {0},エクスポート フック {0} を削除
Add debugger panel {0},デバッガー パネル {0} を追加
Remove debugger panel {0},デバッガー パネル {0} を削除
Add object type {0},オブジェクト型 {0} を追加
Remove object type {0},オブジェクト型 {0} を削除
Add global {0} from {1},{1} からグローバル {0} を追加
Remove global {0},グローバル {0} を削除
Add control {0},コントロール {0} を追加
Use editor {1} for {0},{0} に エディター {1} を使う
Use editor {2} for {1},{1} に エディター {2} を使う
Add file to export {0},エクスポートにファイル {0} を追加
Skip file,ファイルをスキップ
Send message {0},メッセージ {0} を送信
Add item {0},項目 {0} を追加
Answer {value},{value} と答える
handled,処理した
not handled,処理しない
Edit sheet undoably {label},シートを編集 (元に戻せる) {label}
Edit sheet undoably,シートを編集 (元に戻せる)
Report error {value},エラーを報告 {value}
Warn {value},警告 {value}
Define,定義
category,カテゴリ
Writes,書き出す
helper of,の補助
made with the {object},{object} と一緒に作られる
adds its own actions to {object},{object} に自分の動作を加える
shared store,共有ストア
nothing of its own is ever made,実体は決して作られない
one store for the whole editor,エディタ全体で一つのストア
vocabulary module,語彙モジュール
{n} rows published,{n} 行を公開
publishes rows the picker offers,ピッカーが並べる行を公開する
one for the whole editor,エディタ全体で一つ
"One for the whole editor, kept between sheets.",エディタ全体で一つ。シートをまたいで保たれます。
frozen,凍結
"Named elsewhere: add to it, never rename one.",他の場所から名前で参照されます。追加はしても改名はしないでください。
itself,自分自身
↓ the steps below are the edit,↓ 下の手順がこの編集です
"one undoable step, the edit under it",元に戻せる一つの手順、その下が編集内容
Shared,共有
Consume input,入力を消費
"Draw text {text} at {at}, size {size}, {colour}",テキスト {text} を {at} に描画、サイズ {size}、{colour}
"Draw text {text} at {at}, size {size}",テキスト {text} を {at} に描画、サイズ {size}
Draw image {image} at {at},画像 {image} を {at} に描画
"Draw line along {points}, {colour}",{points} に沿って線を描画、{colour}
"Draw line along {points}, {colour} width {width}",{points} に沿って線を描画、{colour} 太さ {width}
"Draw ring at {at}, radius {radius}, {colour}",{at} にリングを描画、半径 {radius}、{colour}
"Draw ring at {at}, radius {radius}, {colour} width {width}",{at} にリングを描画、半径 {radius}、{colour} 太さ {width}
"Draw line {from} to {to}, {colour} width {width}",{from} から {to} へ線を描画、{colour} 太さ {width}
"Draw rectangle {at} size {size}, {colour}",{at} に矩形を描画、サイズ {size}、{colour}
(outline),(輪郭)
Set style {slot} to {value},スタイル {slot} を {value} に設定
Theme.Colour({name}),テーマ.色({name})
Open centered,中央に開く
Confirm dialog,確認ダイアログ
Accept dialog,通知ダイアログ
Window,ウィンドウ
Popup,ポップアップ
Popup menu,ポップアップメニュー
Popup panel,ポップアップパネル
Button,ボタン
Tree,ツリー
Colour picker,カラーピッカー
Add titled card {title},見出しカード {title} を追加
Add section {title},セクション {title} を追加
Add form row {title} {value},フォーム行 {title} {value} を追加
as {name},{name} として
On %s button clicked,%s ボタンがクリックされたとき
(on %s),(%s の上で)
Mouse.Position,マウス.位置
Painting the canvas by hand,手描きでキャンバスを描く
"shapes and text painted every draw pass, and a redraw asked for when something moves",描画パスごとに図形と文字を描き、何かが動いたら再描画を要求する
A dialog built in code,コードで組み立てたダイアログ
"a window made, filled with rows, wired to its two answers and opened",ウィンドウを作り、行を並べ、二つの答えにつないで開く
A menu and the items it answers,メニューと、それが応答する項目
"items declared once with an id each, and one handler answering the id that was chosen",項目を id 付きで一度だけ宣言し、選ばれた id に一つのハンドラが応答する
Drawing Canvas,描画キャンバス
On Input On This Element,この要素への入力時
On input on this element,この要素への入力時
"Runs when input lands on this UI element - a click, a drag or a key while it has focus. Ends with Consume Input when nothing behind it should also react.",この UI 要素に入力が届いたときに実行されます - クリック、ドラッグ、フォーカス中のキー。背後の要素に反応させたくないときは入力を消費で終えます。
Test,テスト
Command tool,コマンドツール
Check {label}: {actual} = {expected},確認 {label}: {actual} = {expected}
Finish with code {code},コード {code} で終了
Create {path},{path} を作成
Write text to {path},{path} にテキストを書き込む
For each file in folder,フォルダー内の各ファイルについて
Arguments,引数
load {path} ignoring the cache,キャッシュを無視して {path} を読み込む
the file's text,そのファイルのテキスト
test sheet,テストシート
checks,件の確認
check,件の確認
command tool,コマンドツール
runs headless,ウィンドウなしで実行
pack recipe,パックのレシピ
host,ホスト
class,クラス
builds,生成先
fixture,テスト用ファイル
Run,実行
Run with arguments…,引数を指定して実行…
Build pack,パックを生成
Open built pack,生成されたパックを開く
run,実行
"The words that would follow -- on the command line. This tool runs headless, in a second copy of this editor.",コマンドラインで -- の後に続く語です。このツールはウィンドウなしで、このエディターのもう一つのコピー上で実行されます。
"%s: %d files read, %d%% of their rows say nothing of their own. Worst: %s at %d%%.",%s: %d 個のファイルを読み込み、その行の %d%% は独自の言葉を持ちません。最悪: %s (%d%%)
"%s is built here - the row that makes ""%s"".","%s はここで作られています - ""%s"" を作る行です。"
"%s builds it, but no row still names ""%s"" - it was renamed or moved.","%s が作っていますが、""%s"" という語を持つ行はもうありません - 名前が変わったか移動しました。"
plugin.cfg,plugin.cfg
Edit anyway,それでも編集
Disabled,無効
part of this editor · editing it reloads the plugin,このエディタの一部 · 編集するとプラグインが再読み込みされます
part of this editor · read-only,このエディタの一部 · 読み取り専用
"the plugin was NOT reloaded, the running one is still the old one",プラグインは再読み込みされていません。動いているのは以前のままです
This file is part of the editor you are using. Saving reloads the plugin (your open sheets are kept). Continue?,このファイルは今使っているエディタの一部です。保存するとプラグインが再読み込みされます（開いているシートは保持されます）。続けますか？
setting,設定
Nothing yet. Press Reload and this fills with what the plugin printed as it came back.,まだ何もありません。「再読み込み」を押すと、戻ってきたプラグインが出力した内容がここに入ります。
What the reload printed,再読み込みの出力
Plugin settings,プラグイン設定
This plugin has no descriptor to read.,このプラグインには読み取る記述ファイルがありません。
"Sheet ▸ Publish new version bumps the version row, the same way it bumps a behavior pack.",シート ▸ 新しいバージョンを公開 は、ビヘイビアパックと同じようにバージョン行を上げます。
Save a file of this editor?,このエディタのファイルを保存しますか？
"Save, keep asking",保存して今後も確認する
"Save, always",保存して今後は確認しない
Saving reloads the plugin,保存するとプラグインが再読み込みされます
"The files this editor is built from, opened as sheets. Read-only: saving one reloads the plugin you are using.",このエディタを構成しているファイルを、シートとして開きます。読み取り専用: 保存すると使用中のプラグインが再読み込みされます。
This editor,このエディタ
addons/eventforge + addons/eventsheet,addons/eventforge + addons/eventsheet
open to read this editor's own source,開いてこのエディタ自身のソースを読む
%d sheets,%d 枚のシート
Plugin,プラグイン
the plugin itself,プラグイン本体
Workspace,ワークスペース
"dock, menus, dialogs",ドック、メニュー、ダイアログ
Canvas,キャンバス
"viewport, row builder, renderer, input",ビュー、行の組み立て、描画、入力
Readings,読み取り
"sentence grammar, facts, patterns",文の組み立て、事実、パターン
Importer,インポーター
open a .gd as events,.gd をイベントとして開く
Compiler,コンパイラ
events to GDScript,イベントから GDScript へ
Vocabulary,語彙
"modules, registry, picker",モジュール、登録、ピッカー
"docs dock, search, reference",マニュアルのドック、検索、リファレンス
Tests,テスト
what the gates pin,ゲートが固定していること
Command tools,コマンドツール
run from the command line,コマンドラインから実行
Pack recipes,パックのレシピ
the behaviors that ship,同梱されるビヘイビア
Everything else,その他すべて
the rest of these folders,これらのフォルダーの残り
Move {direction} at {speed},{direction} へ {speed} で移動
Move along {direction} at {speed},{direction} に沿って {speed} で移動
Rotate {turn} at {rate}°,{turn} に {rate}° 回転
Roll {turn} at {rate}°,{turn} に {rate}° ロール
/s · {axis},/秒 · {axis}
clockwise,時計回り
counter-clockwise,反時計回り
yaw,ヨー
pitch,ピッチ
roll,ロール
(in its own space),(自分の空間で)
Rotate toward {facing} at {rate},{facing} へ {rate} で回転
facing along {direction},{direction} を向いた姿勢
(up is {value}),(上は {value})
Set position to {other},位置を {other} にする
spawn point,出現位置
another object,別のオブジェクト
Align to the ground's slope,地面の傾きに合わせる
Place On The Ground,地面に置く
Place on the [b]ground[/b] [i]reach {reach}[/i],[b]地面[/b]に置く [i]探索距離 {reach}[/i]
"Drops a 3D node straight down onto whatever is under it - the snap-to-floor every spawn, item drop and building placement ends with. Leaves it where it is when nothing is within reach.",3D ノードを真下にあるものの上に落とします - スポーン、アイテムのドロップ、建物の設置がいつも最後に行う接地です。探索距離内に何もなければその場に留まります。
"How far down to look for ground, in units. Nothing moves when there is none within reach.",地面をどれだけ下まで探すか (単位)。範囲内に地面がなければ何も動きません。
Is within {angle} of facing {target},{target} を向く角度が {angle} 以内
Is not within {angle} of facing {target},{target} を向く角度が {angle} 以内ではない
{target} is {side} {object},{target} は {object} の{side}
behind,後ろ
in front of,前
to the right of,右
to the left of,左
"the point at angle {angle}, distance {distance}",角度 {angle}、距離 {distance} の点
{index}'s share of a full turn,{index} が受け持つ一周分の角度
For {index} from 0 to {count} − 1,{index} を 0 から {count} − 1 まで
evenly around a circle,円上に均等に
Placement,配置
Angle and distance,角度と距離
"something is put where a marker is, dropped onto the ground and tilted onto its slope",目印の位置に置き、地面に落とし、その傾きに合わせる
"points worked out as an angle and a distance, which is how a ring and a spiral are drawn",角度と距離から点を求める - 環と螺旋の描き方
the canvas centre,キャンバスの中心
{object}'s position on the canvas,キャンバス上の {object} の位置
's position on the canvas, のキャンバス上の位置
the canvas distance from {from} to {to} (pixels),キャンバス上の {from} から {to} までの距離 (ピクセル)
the world point under {point} at depth {depth},深さ {depth} で {point} の下のワールド座標
clamped to the canvas edge,キャンバスの端に制限
is behind the camera,はカメラの後ろにある
slope steeper than {degrees}°,傾斜が {degrees}° より急
the object under {cursor},{cursor} の下のオブジェクト
the cursor,カーソル
reach,到達距離
where the cursor touches the world,カーソルがワールドに触れる位置
the surface's facing there,そこでの面の向き
the object under the cursor,カーソルの下のオブジェクト
the first object between {from} and {to},{from} と {to} の間の最初のオブジェクト
the floor point under {cursor},{cursor} の下の床の位置
the floor object under {cursor},{cursor} の下の床オブジェクト
the floor's slope under {cursor},{cursor} の下の床の傾斜
none when nothing is hit,何も当たらなければ空
on layer {layers},レイヤー {layers} 上
Set {name} to {what},{name} を {what} に設定
Animation,アニメーション
Fall at {strength},{strength} で落下
Move relative to the camera along {input} at {speed},カメラ基準で {input} 方向へ {speed} で移動
On entered view,視界に入ったとき
On left view,視界から出たとき
Orbit around its centre by {amount},自分の中心を軸に {amount} 回る
Orbit {centre} at radius {radius} angle {angle},{centre} を半径 {radius} 角度 {angle} で周回
Play one-shot animation {name},ワンショットアニメ {name} を再生
Send input {event},入力 {event} を送る
Set always face the camera off,常にカメラを向くをオフ
Set always face the camera on,常にカメラを向くをオン
Set ambient light colour to {value},環境光の色を {value} にする
Set ambient occlusion off,アンビエントオクルージョンをオフ
Set ambient occlusion on,アンビエントオクルージョンをオン
Set bar width to {value},バーの幅を {value} にする
Set camera distance to {value},カメラ距離を {value} にする
Set fog colour to {value},霧の色を {value} にする
Set fog thickness to {value},霧の濃さを {value} にする
Set fog off,霧をオフ
Set fog on,霧をオン
Set fog over the sky to {value},空にかかる霧を {value} にする
Set global illumination off,グローバルイルミネーションをオフ
Set global illumination on,グローバルイルミネーションをオン
Set glow bloom to {value},グローのブルームを {value} にする
Set glow off,グローをオフ
Set glow on,グローをオン
Set glow strength to {value},グローの強さを {value} にする
Set redraw every frame,毎フレーム描き直す
Set redraw never,描き直さない
Set redraw only when seen,見えているときだけ描き直す
Set see-through to {value},透け具合を {value} にする
Set show through walls off,壁ごしに表示をオフ
Set show through walls on,壁ごしに表示をオン
Set sky rotation to {value},空の回転を {value} にする
Set visible from {value},{value} から見える
Set visible until {value},{value} まで見える
Set world size to {value},ワールドサイズを {value} にする
Set {name} blend to {value},{name} のブレンドを {value} にする
UI on a surface,面に貼られた UI
Visible from {near} to {far},{near} から {far} まで見える
everywhere,すべてに
flattened to the ground,地面に平らに
on the ground plane,地面の平面上で
on the side plane,側面の平面上で
on the upright plane,垂直の平面上で
per pixel,1 ピクセルあたり
upright,直立
Orbiting - a camera or an object going round a centre,周回 - カメラや物体が中心のまわりを回る
UI that lives in the world,ワールドに置かれた UI
Orbit At Radius,半径を指定して周回
Native 3D,ネイティブ 3D
"Places an object on a circle around another one, on the ground plane. Advance the angle every tick and it orbits.",別のオブジェクトを中心とする円周上に、地面の平面に沿って配置します。毎ティック角度を進めれば周回します。
Centre,中心
The object to go round.,周回する対象のオブジェクト。
How far out the circle is.,円がどれだけ外側にあるか。
"Where on the circle this object is, in radians. Add to it every tick to make it go round.",このオブジェクトが円周上のどこにいるか（ラジアン）。毎ティック足していくと回り続けます。
Set Camera Distance,カメラ距離を設定
Sets how far back a third-person camera sits. The arm pulls the camera in by itself when a wall is in the way.,三人称カメラがどれだけ後ろに位置するかを設定します。壁が間にあるときは、アームが自動でカメラを引き寄せます。
How far the camera sits from what the arm is mounted on.,アームが取り付けられている対象から、カメラがどれだけ離れるか。
Move Relative To Camera,カメラ基準で移動
"Steers a body the way the camera is facing: pushing forward walks away from the camera, whichever way it has been turned. Flattened to the ground, so looking down does not drive the body into the floor. Follow it with Move And Slide.",カメラの向きを基準にボディを動かします。前に倒せばカメラから遠ざかる向きに進み、カメラをどう回していても同じです。地面に平らに均されるので、下を向いてもボディが床にめり込みません。続けて Move And Slide を実行してください。
The camera the directions are measured from - forward means the way this camera faces. The default is whichever camera is looking at the scene right now.,方向の基準になるカメラ - 前とは、このカメラが向いている向きのことです。既定では、今シーンを映しているカメラになります。
"The two numbers of steering input, from an Input Vector.",操作入力の 2 つの数値。Input Vector から得られます。
"How fast to move, in units per second.",移動の速さ（1 秒あたりのユニット数）。
Set Visible Range,表示範囲を設定
Draws something only while the camera is inside a distance band - the cheapest way to stop drawing detail nobody can see.,カメラが指定した距離の範囲内にいる間だけ描画します。誰にも見えない細部の描画をやめる、いちばん安上がりな方法です。
How close the camera has to be before this is drawn. 0 means always.,これが描画されるために、カメラがどれだけ近づく必要があるか。0 なら常に描画します。
How far away the camera may get before this stops being drawn. 0 means never stop.,これが描画されなくなるまでに、カメラがどれだけ離れてよいか。0 なら描画をやめません。
Set See-Through,透け具合を設定
Fades a 3D object out without hiding it - what a wall between the camera and the player does.,3D オブジェクトを非表示にせず、薄く透かします。カメラとプレイヤーのあいだの壁がする振る舞いです。
See-through,透け具合
"0 is solid, 1 is invisible. The row shows the fraction as a percentage.",0 で不透明、1 で見えなくなります。行では割合をパーセントで表示します。
Set Shadows Off (3D),影をオフ (3D)
Stops a 3D object casting a shadow. The object is still drawn - only its shadow goes.,3D オブジェクトが影を落とさないようにします。オブジェクト自体は描画されたままで、影だけが消えます。
Set Shadows On (3D),影をオン (3D)
Makes a 3D object cast a shadow again after Set Shadows Off.,影をオフのあと、3D オブジェクトがふたたび影を落とすようにします。
Set Always Face The Camera,常にカメラを向くを設定
World-space UI,ワールド空間の UI
Turns a label or a sprite to face the camera wherever the camera goes - what a name tag over a head needs.,ラベルやスプライトを、カメラがどこへ動いてもカメラの方へ向けます。頭の上のネームプレートに必要な振る舞いです。
Label or sprite,ラベルまたはスプライト
The world-space label or sprite to turn.,向きを変える、ワールド空間のラベルまたはスプライト。
Set Always Face The Camera (Upright),常にカメラを向くを設定 (直立)
"Turns a label or a sprite to face the camera sideways only, so it stays upright when the camera looks down at it.",ラベルやスプライトを左右方向だけカメラに向けます。カメラが上から見下ろしても直立したままです。
Set Show Through Walls,壁ごしに表示を設定
Draws a world-space label or icon over whatever is in front of it - what an objective marker needs.,ワールド空間のラベルやアイコンを、手前にある物より上に描画します。目標マーカーに必要な振る舞いです。
The world-space label or sprite to change.,変更する、ワールド空間のラベルまたはスプライト。
Set World Size,ワールドサイズを設定
"Sets how big a world-space label or sprite is, measured in world units per pixel.",ワールド空間のラベルやスプライトの大きさを設定します。単位は 1 ピクセルあたりのワールド単位です。
The world-space label or sprite to resize.,大きさを変える、ワールド空間のラベルまたはスプライト。
How many world units one pixel of the label or sprite is. Smaller means smaller.,ラベルやスプライトの 1 ピクセルが何ワールド単位にあたるか。小さくするほど小さくなります。
Set Bar Width,バーの幅を設定
Cuts a sprite off at a width - how a health bar over a head is driven from a number.,スプライトを指定した幅で切り取ります。頭の上の体力バーを数値から動かすやり方です。
Bar,バー
The world-space sprite the bar is drawn on.,バーが描かれる、ワールド空間のスプライト。
"How wide the visible slice of the image is, in pixels.",画像の見えている部分の幅（ピクセル）。
Send Input To Surface,面に入力を送る
"Hands a click or a key to the UI a SubViewport is painting onto a surface, so an in-world screen can be used.",SubViewport が面に描いている UI に、クリックやキー入力を渡します。ワールド内の画面を操作できるようになります。
The input to hand to the UI painted on the surface.,面に描かれた UI に渡す入力。
Set Surface Redraw,面の描き直しを設定
Decides how often an in-world screen is redrawn. Only when seen is the cheap setting and the right default.,ワールド内の画面をどれくらいの頻度で描き直すかを決めます。見えているときだけが軽い設定で、既定にふさわしい選択です。
When,タイミング
How often the surface is redrawn.,面を描き直す頻度。
Set surface redraw to {mode},面の描き直しを {mode} にする
Set Fog On/Off,霧のオン/オフを設定
Environment,環境
Switches the world's fog on or off - the one row that turns a clear day into a misty one.,ワールドの霧をオン・オフします。晴れた日を霧の日に変える、たった 1 行です。
The environment whose look is being changed.,見た目を変える対象の環境。
Whether the world has fog at all.,ワールドに霧があるかどうか。
Set fog {on},霧を {on} にする
Set Fog Density,霧の濃さを設定
Sets how thick the world's fog is. Ramp it up over time for a storm rolling in.,ワールドの霧の濃さを設定します。時間とともに上げていけば、嵐が近づいてくる感じになります。
Density,濃さ
"How thick the fog is. Small numbers: 0.01 is a haze, 0.1 is a wall.",霧の濃さ。小さな数値を使います。0.01 でうっすら、0.1 で壁のような濃さです。
Set Fog Colour,霧の色を設定
"Sets the colour of the world's fog - dusk purple, underwater green, dust orange.",ワールドの霧の色を設定します。夕暮れの紫、水中の緑、砂ぼこりのオレンジなど。
Colour,色
The colour the fog picks up from the light.,霧が光から受け取る色。
Set Glow On/Off,グローのオン/オフを設定
"Switches the world's glow on or off - what makes neon, fire and magic read as bright.",ワールドのグローをオン・オフします。ネオンや炎、魔法が明るく見えるのはこれのおかげです。
Whether bright things bleed light into what is around them.,明るいものが周囲に光をにじませるかどうか。
Set glow {on},グローを {on} にする
Set Glow Strength,グローの強さを設定
"Sets how strongly bright things glow. Push it up for a boss room, back down when the fight ends.",明るいものがどれだけ強く光るかを設定します。ボス部屋では上げ、戦いが終わったら戻しましょう。
How much bright things bleed. Around 1 is strong.,明るいものがどれだけにじむか。1 前後で強めです。
Set Ambient Occlusion On/Off,アンビエントオクルージョンのオン/オフを設定
"Darkens the corners and creases of a 3D scene, which is what makes it look solid. Costs frames - turn it off on weak machines.",3D シーンの角や窪みを暗くします。立体感はここから生まれます。フレームレートを消費するので、非力なマシンではオフにしましょう。
Whether corners and creases are darkened.,角や窪みを暗くするかどうか。
Set ambient occlusion {on},アンビエントオクルージョンを {on} にする
Set Sky Rotation,空の回転を設定
Turns the sky. Advance it slowly every tick and the clouds drift.,空を回します。毎ティック少しずつ進めれば、雲が流れていきます。
Rotation,回転
"How the sky is turned, in radians on each axis.",空の向き。各軸のラジアンで指定します。
Play One-Shot Animation,ワンショットアニメを再生
"Fires a one-shot animation on a blend tree - a shot, a hit reaction, a wave - over whatever the character is already doing.",ブレンドツリー上でワンショットアニメを再生します。発砲、被弾リアクション、手を振る動作などを、キャラクターが今やっている動きに重ねられます。
One-shot,ワンショット
Current State Is,現在の状態が…
True while a blend tree's state machine is in the named state - what a landing recovery or an attack window branches on.,ブレンドツリーのステートマシンが指定した状態にある間、真になります。着地の硬直や攻撃の受付時間を分岐させるのに使います。
Set Hearing Distance (3D),聞こえる距離を設定 (3D)
Audio,オーディオ
Sets how far a 3D positional sound carries. Past this distance it is silent.,3D 位置つきサウンドがどこまで届くかを設定します。この距離を超えると無音になります。
How far away the sound can still be heard at all. 0 means no limit.,どこまで離れても音が聞こえるか。0 なら制限なしです。
Set Loudness Falloff,音量の減衰を設定
Sets how quickly a 3D positional sound fades as the listener moves away.,リスナーが離れていくとき、3D 位置つきサウンドがどれだけ速く小さくなるかを設定します。
Falloff,減衰
How far the sound stays at full loudness before it starts fading. Bigger carries further.,音が最大の音量を保つ距離。ここを超えると小さくなり始めます。大きいほど遠くまで届きます。
Add child {child},子 {child} を追加
Remove from parent,親から外す
Take out of the layout,レイアウトから取り出す
keeping its place,位置はそのまま
keeping its place in the layout,レイアウト内の位置はそのまま
snapping to it,その位置にそろえる
kept in memory,メモリ上には残る
Set ignore parent's movement on,親の動きを無視: オン
Set ignore parent's movement off,親の動きを無視: オフ
Stop copying,コピーを停止
Copy its place to {target},位置を {target} にコピー
Copy {what} on,{what} をコピー: オン
Copy {what} off,{what} をコピー: オフ
contains {node},{node} を含む
ignores parent's movement,親の動きを無視している
{object}'s parent,{object} の親
ChildCount,子の数
{object}'s first child,{object} の最初の子
{object}'s child #{index},{object} の子 #{index}
every {type} among {object}'s descendants,{object} の子孫にあるすべての {type}
For each {item} in {object}'s children,{object} の子ごとに {item}
transform position,位置を追従
transform angle,角度を追従
transform size,サイズを追従
destroy with parent,親と一緒に破棄
What it makes:,作られるもの:
edited inside,内部を編集済み
Nodes: Hierarchy,ノード: 階層
Follows,追従
places this object copies onto others,このオブジェクトが他へコピーする位置
copies its place to,位置をコピー先
copies its place to nothing yet,まだコピー先がありません
Hierarchy,階層
parent,親
(the layout),(レイアウト)
1 child,子 1 個
%d children,子 %d 個
transforms:,変換:
in the scene file,シーンファイル内
edit the scene,シーンを編集
"drag an object here = Add child · drag a child out to unparent · right-click: flags…, Remove from parent, Select in scene",オブジェクトをここにドラッグ = 子を追加 · 子を外へドラッグして親から外す · 右クリック: フラグ…、親から外す、シーンで選択
flags…,フラグ…
Add child,子を追加
Add child %s,子 %s を追加
"All four on is a plain Godot child, and writes one line. Switching a transform off adds the node that drives the child instead; switching all three off is Ignore parent's movement. Unticking keeping its place snaps the child to its new parent.",4つすべてオンなら通常の Godot の子で、書かれる行は1行です。変換を一つオフにすると、代わりに子を動かすノードが追加されます。3つすべてオフにすると「親の動きを無視」になります。「その場所を保つ」を外すと、子は新しい親の位置にスナップします。
Rolled with pity,救済つきの抽選
guaranteed at,確定は
Phase {phase} starts,フェーズ {phase} 開始
once,一度だけ
as minutes:seconds,分:秒として
Pity,救済
"a counter fed by every miss raises the odds until a cap guarantees the win, and the win resets it",外れるたびに増えるカウンターが確率を押し上げ、上限に達すると当たりが確定し、当たるとカウンターは戻る
Detection,察知
"a meter fills while the target is seen and drains while it is not, and a threshold starts the hunt",対象が見えている間はメーターが溜まり、見えない間は減っていき、しきい値を超えると追跡が始まる
Boss phases,ボスのフェーズ
"health thresholds move a fight through numbered phases, each one entered exactly once",体力のしきい値が戦いを番号つきのフェーズへ進め、それぞれのフェーズはちょうど一度だけ始まる
Mission timer,ミッションタイマー
"a clock counts a mission down, shows the time left, and fails when it reaches zero",時計がミッションを刻み、残り時間を見せ、ゼロで失敗させる
Advanced Random,Advanced Random
Line Of Sight,視線
Set {neutral} to Touch.{sensor},{neutral} を Touch.{sensor} に設定
"hold the device how you want ""flat"" to feel",「水平」としたい向きで端末を持つ
Steer by tilt {axis} at {strength},傾き {axis} で操作 (強さ {strength})
Aim by gyro,ジャイロで照準
"yaw on the body, pitch on the camera",左右は本体、上下はカメラ
Open input window for {seconds},入力受付を {seconds} 開く
Open input window {action} for {seconds},入力受付 {action} を {seconds} 開く
perfect = the last {seconds}s,perfect = 最後の {seconds} 秒
"on the engine clock, which keeps running while paused",エンジン時計基準 (ポーズ中も進む)
Tilt steering and gyro aim,傾き操作とジャイロ照準
Swipes and drawn shapes,スワイプと描いた形
"Shots, blasts and an arsenal",射撃・爆発・武器の切り替え
Secrets found,見つけた秘密
Timed input windows,時間制限つき入力受付
An accessibility options screen,アクセシビリティ設定画面
Fill Meter,メーターを満たす
"Raises a number at a steady rate per second and stops it at a limit - a suspicion meter filling while a guard sees you, a bar charging, stamina coming back.",数値を毎秒一定の割合で上げ、上限で止めます。見張りに見られている間に溜まる警戒メーター、チャージしていくバー、回復していくスタミナなどに使います。
Meters,メーター
Fill [b]{var_name}[/b] at [b]{rate}[/b] up to [b]{cap}[/b],[b]{var_name}[/b] を [b]{rate}[/b] で [b]{cap}[/b] まで満たす
Meter,メーター
The number to fill.,満たす対象の数値。
Per second,毎秒
How much it gains each second.,1 秒ごとに増える量。
Up to,上限
The value it stops at.,そこで止まる値。
Drain Meter,メーターを減らす
"Lowers a number at a steady rate per second and stops it at a floor - suspicion cooling off, a shield decaying, a charge bleeding away.",数値を毎秒一定の割合で下げ、下限で止めます。冷めていく警戒、削れていくシールド、抜けていくチャージなどに使います。
Drain [b]{var_name}[/b] at [b]{rate}[/b] down to [b]{floor}[/b],[b]{var_name}[/b] を [b]{rate}[/b] で [b]{floor}[/b] まで減らす
The number to drain.,減らす対象の数値。
How much it loses each second.,1 秒ごとに減る量。
Down to,下限
Make Noise,物音を立てる
"Tells everything in the listening group that a noise happened at a place, but only the ones close enough to hear it. Footsteps, a door, a thrown bottle.",ある場所で物音がしたことを、聞き耳グループの全員に伝えます。ただし届くのは、聞こえるほど近くにいるものだけです。足音、扉、投げた瓶などに。
Stealth,隠密
"Make noise at [b]{at}[/b], heard within [b]{radius}[/b]",[b]{at}[/b] で物音を立てる、[b]{radius}[/b] 以内に届く
Where the noise happened (a position expression).,物音がした場所 (座標の式)。
Heard within,届く範囲
How far the noise carries.,物音が届く距離。
Heard by,聞く相手
The group whose members can hear - each one needs an On Noise Heard event.,聞き取れるメンバーのグループ。それぞれに 物音を聞いたとき のイベントが必要です。
On Noise Heard,物音を聞いたとき
"Runs when a Make Noise action happens close enough for this object to hear it, with the place it came from. Put this object in the listening group first (Add To Group, on created).",物音を立てる アクションが、このオブジェクトに聞こえるほど近くで起きたときに、その発生場所とともに実行されます。まずこのオブジェクトを聞き耳グループに入れてください (作成時に グループに追加)。
On noise heard at,物音を聞いたとき、場所
Phase Starts,フェーズ開始
True the one time health first falls past a share of its maximum while the fight is in an earlier phase. The phase guard is what makes it happen once: set the phase variable in the actions under this condition.,戦いがまだ前のフェーズにいる間に、体力が最大値の一定割合を初めて下回った、その一度だけ真になります。一度きりにしているのはフェーズの見張りです。この条件の下のアクションでフェーズ変数を設定してください。
Boss,ボス
"Phase [b]{phase}[/b] starts ([b]{hp}[/b] <= [b]{share}[/b] of [b]{max_hp}[/b], once)",フェーズ [b]{phase}[/b] 開始 ([b]{hp}[/b] <= [b]{max_hp}[/b] の [b]{share}[/b]、一度だけ)
Phase,フェーズ
The phase number that starts here.,ここで始まるフェーズの番号。
At share of maximum,最大値に対する割合
The health share it starts at - 0.6 is 60%.,始まるときの体力の割合。0.6 は 60 % です。
Health,体力
The variable holding health now.,現在の体力を持つ変数。
Maximum health,最大体力
The variable holding full health.,満タンの体力を持つ変数。
Phase variable,フェーズ変数
The variable holding which phase the fight is in - set it in the actions below.,戦いがどのフェーズにいるかを持つ変数。下のアクションで設定してください。
Set Invulnerable For,指定時間だけ無敵にする
"Turns a flag on, waits, and turns it back off - the invulnerability window after a hit, written once instead of as a flag and a timer that can drift apart.",フラグを立て、待ってから、また下ろします。被弾後の無敵時間を、ずれてしまいがちなフラグとタイマーに分けずに、一行で書けます。
Set [b]{flag}[/b] for [b]{seconds}[/b] seconds,[b]{flag}[/b] を [b]{seconds}[/b] 秒間 立てる
Flag,フラグ
The boolean that says nothing lands.,何も当たらないことを表す真偽値。
For seconds,秒数
How long the window lasts.,その猶予が続く長さ。
Start Mission Timer,ミッションタイマーを開始
Puts a number of seconds on the mission clock. Type the time the way a player reads it - 3:00 - and the row stores the seconds.,ミッションタイマーに秒数をセットします。時間はプレイヤーが読むとおりに - 3:00 のように - 入力すれば、行はそれを秒として記録します。
Missions,ミッション
Start [b]{var_name}[/b] at [b]{seconds}[/b],[b]{var_name}[/b] を [b]{seconds}[/b] から開始
Timer variable,タイマー変数
The variable holding the seconds left.,残り秒数を持つ変数。
How long the mission runs - type it as minutes:seconds.,ミッションが続く長さ。分:秒 の形で入力します。
Add Mission Time,ミッション時間を追加
Puts time back on the mission clock - the pickup that buys you another half minute.,ミッションタイマーに時間を戻します。もう 30 秒を買ってくれる、あの拾い物です。
Add [b]{seconds}[/b] to [b]{var_name}[/b],[b]{seconds}[/b] を [b]{var_name}[/b] に足す
How much time to add - type it as minutes:seconds.,追加する時間。分:秒 の形で入力します。
Mission Time Left,ミッションの残り時間
"Gives the time left as text a player can read - ""2:41"" - ready to drop into a HUD label.","残り時間を、プレイヤーが読めるテキスト - ""2:41"" - で返します。HUD のラベルにそのまま入れられます。"
Missions.TimeLeft,ミッション.残り時間
Editor Icon,エディターアイコン
"One of the editor's own icons, so a tool's buttons and docks look like the editor around them instead of shipping their own art. The field draws the icon it names as you pick it.",エディターが持つアイコンのひとつです。ツールのボタンやドックが独自の絵を持ち込まず、まわりのエディターと同じ見た目になります。フィールドは選んだアイコンをその場で描いて見せます。
Editor Tools: Panels & menus,エディターツール: パネルとメニュー
Editor.Icon({icon_name}),Editor.Icon({icon_name})
"The editor icon's name - usually a class name like Node2D, Script or Folder.",エディターアイコンの名前です - たいていは Node2D、Script、Folder のようなクラス名です。
Editor Preference,エディター設定
"One value out of the user's own Editor Settings - their theme colour, grid step, font size. Read it so a tool matches the editor the person in front of it actually set up.",ユーザー自身のエディター設定にある値ひとつです - テーマ色、グリッド幅、フォントサイズなど。これを読めば、ツールは目の前の人が実際に整えたエディターに合わせられます。
Editor Tools: Project & preferences,エディターツール: プロジェクトと設定
Editor.Preference({path}),Editor.Preference({path})
"The Editor Settings path, as it reads in Editor > Editor Settings.",エディター設定のパスです。エディター > エディター設定 に書かれているとおりに指定します。
Project Setting,プロジェクト設定
"One value out of this project's own settings. Unlike a preference, it is saved with the project, so every person opening it sees the same answer.",このプロジェクト自身の設定にある値ひとつです。エディター設定と違い、プロジェクトと一緒に保存されるので、開く人が誰であっても同じ答えになります。
Project.Setting({path}),Project.Setting({path})
"The Project Settings path, as it reads in Project > Project Settings.",プロジェクト設定のパスです。プロジェクト > プロジェクト設定 に書かれているとおりに指定します。
Workspace Area,ワークスペース領域
"The big area the 2D, 3D and Script tabs share. A workspace plugin adds its own screen as a child of this.",2D、3D、Script のタブが共有する大きな領域です。ワークスペースプラグインは自分の画面をこの子として追加します。
Editor.MainScreen,Editor.MainScreen
Set Setting,設定を書き込む
"Writes one project setting. It lives in memory until Save settings runs, so a tool that changes several settings writes them all and saves once.",プロジェクト設定をひとつ書き込みます。設定を保存 が走るまではメモリ上にあるので、複数の設定を変えるツールはすべて書き込んでから一度だけ保存します。
Set setting {path} to {value},設定 {path} を {value} にする
The Project Settings path to write.,書き込むプロジェクト設定のパスです。
The value to store there.,そこに保存する値です。
Save Settings,設定を保存
"Writes the project settings back to project.godot. Without this, everything Set setting changed is lost when the editor closes.",プロジェクト設定を project.godot に書き戻します。これがないと、設定を書き込む で変えた内容はエディターを閉じたときに失われます。
Save settings,設定を保存
Switch To Workspace,ワークスペースを切り替える
Brings one of the editor's top tabs to the front - the same click as pressing 2D or Script yourself.,エディター上部のタブのひとつを前面に出します - 自分で 2D や Script を押すのと同じことです。
Switch to workspace {workspace},ワークスペース {workspace} に切り替える
Which of the editor's top tabs to bring forward.,エディター上部のどのタブを前面に出すかです。
2D,2D
3D,3D
Game,ゲーム
AssetLib,AssetLib
Show In Project Bar,プロジェクトバーで表示
"Reveals a folder or file in the editor's project file list and selects it - what a tool does after it writes something, so the reader can see what just landed.",エディターのプロジェクトファイル一覧でフォルダーやファイルを表示して選択します - 何かを書き出したあとにツールがやることで、今しがた出来たものが目に入ります。
Show in Project bar {path},プロジェクトバーで {path} を表示
"The folder or file to reveal, as a res:// path.",表示するフォルダーまたはファイルを res:// パスで指定します。
Open Script At Line,スクリプトを行を指定して開く
Jumps the script editor to a line of the script it already has open - how a tool points at the thing it is complaining about.,すでに開いているスクリプトの指定した行へスクリプトエディターを飛ばします - ツールが文句を言っている当の場所を指し示す方法です。
Open script at line {line},スクリプトを {line} 行目で開く
Line,行
"The line to jump to, counted from zero.",飛び先の行です。0 から数えます。
Add Window,ウィンドウを追加
"Puts a window or dialog under the editor's own root, which is what makes it show up with the editor's theme and stay on top of it. Free it again when the plugin is disabled.",ウィンドウやダイアログをエディター自身のルートの下に置きます。こうすることでエディターのテーマで表示され、その上に留まります。プラグインを無効にするときは解放してください。
Add window {window} to the editor's root,ウィンドウ {window} をエディターのルートに追加
The window or dialog to hang on the editor.,エディターに取り付けるウィンドウまたはダイアログです。
Add Command,コマンドを追加
"Adds one entry to the editor's command palette (Ctrl+Shift+P), so a tool is reachable without a menu of its own.",エディターのコマンドパレット (Ctrl+Shift+P) に項目をひとつ追加します。専用のメニューがなくてもツールに手が届きます。
Add command {title},コマンド {title} を追加
The words the command palette shows.,コマンドパレットに表示される文言です。
Keyed,キー
The unique key the palette files it under.,パレットがこの項目を登録する一意のキーです。
Calls,呼び出し
The function to run when the command is chosen.,コマンドが選ばれたときに実行する関数です。
Add Bottom Panel,下部パネルを追加
"Adds a tab to the row Output and Debugger share, at the bottom of the editor. Remove it on plugin disabled or the row keeps a tab nobody owns.",エディター下部で 出力 と デバッガー が並ぶ行にタブを追加します。プラグインを無効にするときは取り除いてください。さもないと持ち主のいないタブが残ります。
Add bottom panel {control} titled {title},下部パネル {control} を {title} という名前で追加
Panel,パネル
The Control to show in the bottom row.,下部の行に表示する Control です。
Titled,タイトル
"The words on its tab, beside Output and Debugger.",出力 と デバッガー の隣に並ぶタブの文言です。
Remove Bottom Panel,下部パネルを削除
Takes the plugin's tab back out of the bottom row.,プラグインのタブを下部の行から取り除きます。
Remove bottom panel {control},下部パネル {control} を削除
The Control that was added to the bottom row.,下部の行に追加した Control です。
On Project Files Changed,プロジェクトファイル変更時
"Runs whenever the project's files change on disk - something was imported, moved, deleted or added. The place to rescan whatever a tool keeps a list of.",プロジェクトのファイルがディスク上で変わるたびに実行されます - 何かがインポート、移動、削除、追加されたときです。ツールが一覧を持っているものを取り直す場所です。
On project files changed,プロジェクトファイル変更時
On Preferences Changed,エディター設定変更時
"Runs when the user changes anything in Editor Settings. Re-read the preferences a tool draws with, so it follows the theme instead of keeping the old one.",ユーザーがエディター設定で何かを変えたときに実行されます。ツールが描画に使っている設定を読み直し、古いままにせずテーマに追随させます。
On preferences changed,エディター設定変更時
Move In Direction,方向へ移動
"Moves a 3D node along one of its own directions - forward, back, right, left, up or down - at a speed a second.",3D ノードを自身の向きのいずれか (前・後・右・左・上・下) に沿って、毎秒の速さで移動させます。
3D: Move & Turn,3D: 移動と回転
Move [b]{direction}[/b] at [i]{speed}[/i],[b]{direction}[/b] へ [i]{speed}[/i] で移動
Direction,方向
Which of its own six directions to move along.,自身の 6 方向のうち、どれに沿って動くか。
backward,後ろ
down,下
Units a second.,毎秒の単位数。
Delta,デルタ
Frame time; defaults to `delta`.,フレーム時間。既定は `delta` です。
Rotate Clockwise,時計回りに回転
Turns a 3D node about its up axis - the yaw a character or a turret turns with.,3D ノードを自身の上方向の軸まわりに回します - キャラクターや砲塔が向きを変えるヨーです。
Rotate [b]clockwise[/b] at [i]{degrees_per_second}[/i]°/s,[b]時計回り[/b]に [i]{degrees_per_second}[/i]°/秒 で回転
Degrees per second,毎秒の角度
"Degrees a second, turning clockwise seen from above; a negative number turns the other way.",毎秒の角度。上から見て時計回りに回ります。負の値にすると逆向きに回ります。
Rotate Up Or Down,上下に回転
Tilts a 3D node's nose up or down - the pitch a plane or a camera arm moves with.,3D ノードの鼻先を上下に傾けます - 飛行機やカメラアームが動くピッチです。
Rotate [b]up[/b] at [i]{degrees_per_second}[/i]°/s,[b]上[/b]へ [i]{degrees_per_second}[/i]°/秒 で回転
Degrees a second; a negative number tilts the other way.,毎秒の角度。負の値にすると逆向きに傾きます。
Roll,ロール
Rolls a 3D node about the way it faces - the bank a plane or a ship leans with.,3D ノードを、向いている方向を軸にして傾けます - 飛行機や船が体を傾けるバンクです。
Roll [b]left[/b] at [i]{degrees_per_second}[/i]°/s,[b]左[/b]へ [i]{degrees_per_second}[/i]°/秒 でロール
Degrees a second; a negative number rolls the other way.,毎秒の角度。負の値にすると逆向きにロールします。
Rotate Toward Facing,向きへ回転
Turns a 3D node smoothly toward a facing instead of snapping to it - the way a turret leads its target.,3D ノードを、いきなり向き直るのではなく、なめらかにその向きへ回します - 砲塔が標的を追うような動きです。
Rotate toward [i]{facing}[/i] at [i]{rate}[/i],[i]{facing}[/i] へ [i]{rate}[/i] で回転
The facing to turn toward - Facing Along a direction gives you one.,回って向かう向き - 方向に沿った向き で取得できます。
Rate,速さ
"How fast it closes the gap, per second. Bigger turns harder.",残りの差を毎秒どれだけ詰めるか。大きいほど鋭く曲がります。
Facing Along,方向に沿った向き
The facing that looks along a direction - what Rotate Toward Facing turns toward.,ある方向に沿って見る向き - 向きへ回転 が向かう先です。
The direction to face along.,沿って向く方向。
Set Position To Another Object,別のオブジェクトの位置に合わせる
"Puts a 3D node exactly where another one is - how a spawn point, a socket or a respawn marker is used.",3D ノードを、別のノードがいる場所ちょうどに置きます - スポーン地点、装着位置、復活地点の使い方そのものです。
3D: Place,3D: 配置
Set position to [b]{other}[/b],位置を [b]{other}[/b] に合わせる
Other,相手
"The object to stand where - a spawn marker, a socket, another character.",その位置に立つ相手 - スポーン地点の目印、装着位置、別のキャラクターなど。
Align To The Ground's Slope,地面の傾きに合わせる
Tilts a 3D node so its up points the way the ground does - the line that makes a dropped crate sit flat on a hill.,3D ノードを傾けて、その上方向を地面の向きにそろえます - 落とした木箱が坂の上で平らに座る、あの 1 行です。
Align to the ground's [b]slope[/b],地面の[b]傾き[/b]に合わせる
Ground normal,地面の法線
The way the surface faces - a ray hit gives you one as its `normal`.,面が向いている方向 - レイの当たり結果の `normal` から得られます。
Is Within Angle Of Facing,向きの角度内にあるか
"Asks whether something is inside the cone this object is looking down - a vision cone, a backstab check, an aim assist.",このオブジェクトが見ている円錐の中に何かが入っているかを尋ねます - 視界コーン、背後からの一撃の判定、エイムアシストに。
3D: See,3D: 視界
Is within [b]{angle}[/b]° of facing [i]{direction}[/i],[i]{direction}[/i] を向いた向きから [b]{angle}[/b]° 以内にある
"The way this object faces. Its own forward, unless you say otherwise.",このオブジェクトが向いている方向。指定しなければ自身の前方です。
The direction to the thing being looked for - Direction To gives you one.,探している相手への方向 - 〜への方向 で取得できます。
Within,範囲内
"Half the width of the cone, in degrees. 45 is a 90-degree field of view.",円錐の幅の半分 (度)。45 なら視野は 90 度になります。
Is Behind,後ろにあるか
Asks whether a place is behind this object - the backstab half of a facing test.,ある場所がこのオブジェクトの後ろにあるかを尋ねます - 向きの判定の、背後からの一撃にあたる半分です。
[i]{point}[/i] is [b]behind[/b] it,[i]{point}[/i] は[b]後ろ[/b]にある
The place being asked about.,判定したい場所。
Is In Front Of,前にあるか
"Asks whether a place is in front of this object, whichever way it happens to be turned.",ある場所がこのオブジェクトの前にあるかを尋ねます。今どちらを向いていても構いません。
[i]{point}[/i] is [b]in front of[/b] it,[i]{point}[/i] は[b]前[/b]にある
Is To The Right Of,右にあるか
"Asks whether a place is off this object's right side - which way to lean, dodge or steer.",ある場所がこのオブジェクトの右側にあるかを尋ねます - どちらへ傾き、かわし、舵を切るかの判断に。
[i]{point}[/i] is [b]to the right of[/b] it,[i]{point}[/i] は[b]右[/b]にある
Is To The Left Of,左にあるか
Asks whether a place is off this object's left side - the twin of Is To The Right Of.,ある場所がこのオブジェクトの左側にあるかを尋ねます - 右にあるか の片割れです。
[i]{point}[/i] is [b]to the left of[/b] it,[i]{point}[/i] は[b]左[/b]にある
Point At Angle,角度の先の点
The point an angle and a distance name. Add it to a centre for a place on a circle; grow the distance every tick and it draws a spiral.,角度と距離が指し示す点。中心に足せば円周上の位置になり、毎ティック距離を伸ばせば渦を描きます。
"The angle, in degrees.",角度 (度)。
How far out to go.,どれだけ外へ離すか。
Create Evenly Around A Circle,円周上に均等に生成
"Places a number of copies evenly around a circle - the bullet-hell ring, the radial menu, the circle of pillars.",指定した数のコピーを円周上に均等に並べます - 弾幕のリング、放射メニュー、柱の輪に。
Create [b]{count}[/b] of {scene} evenly around a circle of [i]{radius}[/i],半径 [i]{radius}[/i] の円周上に {scene} を [b]{count}[/b] 個 均等に生成
How many,個数
How many to place.,何個置くか。
The scene to place.,配置するシーン。
The middle of the circle.,円の中心。
How far out from the centre they sit.,中心からどれだけ離れた位置に置くか。
Store As Angle And Distance,角度と距離として控える
"Reads a place back the other way - as the angle from one point to another and how far apart they are, both named in one drop.",場所を逆向きに読み取ります - ある点から別の点への角度と、その間の距離を、1 回の操作で両方とも名前付きで受け取ります。
Store [i]{from}[/i] to [i]{to}[/i] as [b]{angle_name}[/b] and [b]{distance_name}[/b],[i]{from}[/i] から [i]{to}[/i] を [b]{angle_name}[/b] と [b]{distance_name}[/b] として控える
The place to measure from.,測る起点となる場所。
The place to measure to.,測る終点となる場所。
Angle name,角度の名前
What to call the angle.,角度に付ける名前。
Distance name,距離の名前
What to call the distance.,距離に付ける名前。
Cursor Is Over Object (3D),カーソルがオブジェクトの上にある (3D)
"True while the mouse is pointing at this object in the 3D world - hover highlights, tooltips and ""what am I about to click"" all start here. Needs an active Camera3D.",3D ワールドでマウスがこのオブジェクトを指している間、真になります。ホバー時のハイライト、ツールチップ、「いま何をクリックしようとしているか」はすべてここから始まります。有効な Camera3D が必要です。
Mouse,マウス
cursor is over {object},カーソルが {object} の上にある
The object the cursor has to be over for this to be true.,これが真になるために、カーソルが上にある必要のあるオブジェクト。
Layers,レイヤー
"Which collision layers the ray may see, by the names this project gave them.",レイが見てよいコリジョンレイヤー。このプロジェクトが付けた名前で指定します。
"How far into the scene the ray reaches, in metres.",レイがシーンのどこまで届くか (メートル単位)。
On Object Clicked (3D),オブジェクトがクリックされたとき (3D)
"Fires when a mouse button goes down over this object in the 3D world - click-to-select, click-to-attack, click-to-open. Lives in an input event, beside the other On ... pressed rows.",3D ワールドで、このオブジェクトの上でマウスボタンが押されたときに発火します。クリックで選択、クリックで攻撃、クリックで開く。ほかの「... を押したとき」の行と並べて、入力イベントの中に置きます。
On {object} clicked,{object} がクリックされたとき
The object the click has to land on.,クリックが当たる必要のあるオブジェクト。
Mouse button.,マウスボタン。
Mouse Floor Point,マウス下の床の位置
"The world point on the floor the cursor is aiming at - where to drop a build ghost, a move-order marker or a decal.",カーソルが狙っている床上のワールド座標。建設プレビュー、移動指示のマーカー、デカールを置く場所です。
mouse floor point,マウス下の床の位置
Aimed Floor Point,照準先の床の位置
"The world point on the floor the cursor is aiming at - where to drop a build ghost, a move-order marker or a decal. Aimed through a crosshair object rather than the OS pointer.",カーソルが狙っている床上のワールド座標。建設プレビュー、移動指示のマーカー、デカールを置く場所です。 OS のポインターではなく、照準オブジェクトを通して狙います。
aimed floor point through {target},{target} を通した照準先の床の位置
Cursor object,カーソルオブジェクト
"The crosshair or virtual cursor to aim through. Its position ON THE CANVAS is what aims the ray, so a gamepad or touch cursor works exactly like the pointer.",狙いを通す照準または仮想カーソル。レイの向きを決めるのは、その「キャンバス上」の位置です。だからゲームパッドやタッチのカーソルでも、ポインターとまったく同じに使えます。
Mouse Floor Object,マウス下の床オブジェクト
"The floor object the cursor is aiming at, or nothing when the cursor is off the floor.",カーソルが狙っている床オブジェクト。カーソルが床から外れているときは何も返しません。
mouse floor object,マウス下の床オブジェクト
Aimed Floor Object,照準先の床オブジェクト
"The floor object the cursor is aiming at, or nothing when the cursor is off the floor. Aimed through a crosshair object rather than the OS pointer.",カーソルが狙っている床オブジェクト。カーソルが床から外れているときは何も返しません。 OS のポインターではなく、照準オブジェクトを通して狙います。
aimed floor object through {target},{target} を通した照準先の床オブジェクト
Mouse Floor Slope,マウス下の床の傾斜
"Which way the floor faces under the cursor - hand it to Align To The Ground's Slope, or ask Slope Steeper Than whether it is buildable.",カーソルの下で床が向いている方向。「地面に合わせる」の傾斜に渡したり、「傾斜が…より急」に建てられるかを尋ねたりします。
mouse floor slope,マウス下の床の傾斜
Aimed Floor Slope,照準先の床の傾斜
"Which way the floor faces under the cursor - hand it to Align To The Ground's Slope, or ask Slope Steeper Than whether it is buildable. Aimed through a crosshair object rather than the OS pointer.",カーソルの下で床が向いている方向。「地面に合わせる」の傾斜に渡したり、「傾斜が…より急」に建てられるかを尋ねたりします。 OS のポインターではなく、照準オブジェクトを通して狙います。
aimed floor slope through {target},{target} を通した照準先の床の傾斜
Slope Steeper Than,傾斜が…より急
True when the ground faces further than this from straight up - the buildable test a placement preview tints itself with.,地面の向きが真上からこれ以上ずれているときに真になります。設置プレビューが自分の色を変える「建てられるか」の判定です。
Slope,傾斜
Which way the ground faces - the floor slope expressions answer exactly this.,地面が向いている方向。床の傾斜の式がまさにこれを返します。
Degrees,度
How far from flat counts as too steep.,水平からどれだけ離れたら急すぎとみなすか。
Canvas X (2D),キャンバス X (2D)
"Where this object is ON THE CANVAS, in pixels. Camera zoom and canvas layers are already in the answer, which is exactly what plain position arithmetic gets wrong.",このオブジェクトが「キャンバス上」のどこにあるか (ピクセル単位)。カメラのズームやキャンバスレイヤーはすでに織り込み済みで、位置をそのまま計算するとまさにここを間違えます。
{target}'s canvas x,{target} のキャンバス x
The object being asked where it is on screen.,画面上のどこにいるかを尋ねる対象のオブジェクト。
Canvas X (3D),キャンバス X (3D)
"Where this 3D object lands ON THE CANVAS, in pixels - the number a health bar over its head, an off-screen arrow or an aim assist is positioned by.",この 3D オブジェクトが「キャンバス上」のどこに落ちるか (ピクセル単位)。頭上の体力バー、画面外を指す矢印、エイムアシストを配置するための数値です。
The 3D object being asked where it is on screen.,画面上のどこにいるかを尋ねる対象の 3D オブジェクト。
Canvas Y (2D),キャンバス Y (2D)
{target}'s canvas y,{target} のキャンバス y
Canvas Y (3D),キャンバス Y (3D)
Canvas Centre,キャンバスの中心
"The middle of what the player can see, in pixels - where a crosshair sits.",プレイヤーに見えている範囲の中央 (ピクセル単位)。照準が置かれる場所です。
Pick Nearest To Canvas Point,キャンバス上の点に最も近いものをピック
"Walks the instances and keeps whichever is closest to a point ON THE CANVAS - aim assist, snap-to-target crosshairs and ""whichever one I am nearly pointing at"". Measured in pixels, so camera zoom is honoured; anything behind the camera is skipped.",インスタンスをたどり、「キャンバス上」のある点に最も近いものだけを残します。エイムアシスト、標的に吸い付く照準、「ほとんど狙えているやつ」に使います。測るのはピクセルなのでカメラのズームも効き、カメラの背後にあるものは飛ばします。
pick nearest of [i]{list}[/i] to canvas point {from} -> [b]{name}[/b],[i]{list}[/i] からキャンバス上の点 {from} に最も近いものをピック -> [b]{name}[/b]
Picked name,ピックした名前
"The name the one it picks goes by in the rows below. Nothing is picked when the list is empty or everything is off screen, so check the name exists first.",ピックしたものが下の行で名乗る名前。リストが空のときや全部が画面外のときは何もピックされないので、まず名前が存在するかを確かめてください。
Out of,対象
"The instances to pick from - usually a group, which is how a project spells ""every one of this kind"".",ピックの候補になるインスタンス。ふつうはグループで、プロジェクトで「この種類のすべて」を表す書き方です。
Nearest to,基準の点
"The canvas point distances are measured from, in pixels. The canvas centre is the crosshair.",距離を測る起点となるキャンバス上の点 (ピクセル単位)。キャンバスの中心が照準です。
"How far from that point, in PIXELS, still counts. Nothing beyond it is picked.",その点からどれだけ離れるまでを有効とみなすか (ピクセル単位)。それを超えたものはピックされません。
Remove Child,子を外す
"Detaches a child node from this one without deleting it, so you can reattach it later.",子ノードをこのノードから外します。削除はしないので、あとで付け直せます。
remove child [i]{node}[/i],子 [i]{node}[/i] を外す
Child to detach (by index here - no hardcoded name; pick one or use a scene-unique node). Not freed.,外す子 (ここではインデックス指定 - 名前の直書きはしません。ひとつ選ぶか、シーン内で一意なノードを使ってください)。解放はしません。
Add Child (existing node),子を追加 (既存のノード)
"Moves a node that is already in the layout under a new parent - picking an item up into a hand, mounting a rider on a saddle, holstering a weapon on a back. Keeping its place leaves it exactly where it looks; snapping to it puts it at the parent's own spot.",すでにレイアウトにあるノードを、新しい親の下へ移します。アイテムを手に持たせる、乗り手を鞍に乗せる、武器を背中に掛ける、といった使い方です。「位置を保つ」なら見えているそのままの場所に残り、「合わせる」なら親自身の位置に移ります。
add child [i]{child}[/i] to [i]{parent}[/i],子 [i]{child}[/i] を [i]{parent}[/i] に追加
Child,子
The node that becomes a child. It keeps everything it is - only its parent changes.,子になるノード。中身は何も変わらず、親だけが変わります。
Parent,親
The node it goes under.,その下に入るノード。
Its place,位置の扱い
"Whether the child stays where it is in the world, or snaps to its new parent.",子をワールド上のいまの位置に残すか、新しい親の位置に合わせるか。
Remove From Parent,親から外す
"Takes a node off whatever it is under and puts it back at the top of the layout, keeping the place it has in the world - dropping a carried item, dismounting a rider. The node is not freed and nothing else about it changes.",ノードを、いま属している親から外してレイアウトの一番上に戻します。ワールド上の位置はそのままです。持っている物を落とす、乗り手を降ろす、といった使い方。ノードは解放されず、ほかは何も変わりません。
remove [i]{child}[/i] from its parent,[i]{child}[/i] を親から外す
"The node to take off its parent. It stays in the layout, at the top level.",親から外すノード。レイアウトには一番上の階層として残ります。
Set Ignore Parent's Movement,親の動きを無視を設定
"Stops a child moving, turning and scaling with its parent while leaving it a child in every other way - it is still freed with the parent and still picked as one of its children. The answer for a muzzle flash that should not swing with the gun, or a health bar that should not tilt with the enemy.",子が親と一緒に移動・回転・拡大縮小するのをやめさせます。それ以外はこれまでどおり子のままで、親と一緒に解放されますし、子として拾われもします。銃と一緒に振り回されたくないマズルフラッシュや、敵と一緒に傾いてほしくない体力バーの答えです。
set ignore parent's movement [b]{ignore}[/b] on [i]{target}[/i],[i]{target}[/i] の親の動きを無視を [b]{ignore}[/b] に設定
The child that should stop (or start) following its parent.,親に追従するのをやめる (または始める) 子。
Ignore,無視
On: the child stays where it is when the parent moves.,オン: 親が動いても子はその場に留まります。
Copy Place To,位置をコピーする先
"Points a RemoteTransform at the node it should drive, so that node follows this one without being its child at all. Which parts follow - position, angle, size - are the RemoteTransform's own switches.",RemoteTransform に、動かす相手のノードを指し示させます。相手は子にならないまま、このノードに追従します。どの要素が追従するか (位置、角度、大きさ) は RemoteTransform 側のスイッチで決まります。
copy [i]{follower}[/i] place to [b]{path}[/b],[i]{follower}[/i] の位置を [b]{path}[/b] にコピー
Follower,追従役
The RemoteTransform2D / RemoteTransform3D doing the copying.,コピーを行う RemoteTransform2D / RemoteTransform3D。
Path to the node its place is copied onto.,位置のコピー先となるノードへのパス。
Stop Copying Place,位置のコピーをやめる
"Clears a RemoteTransform's target, so whatever it was driving stops following immediately. The node it drove keeps the place it had.",RemoteTransform のターゲットを空にします。動かしていた相手は即座に追従をやめ、その時点の位置をそのまま保ちます。
stop [i]{follower}[/i] copying,[i]{follower}[/i] のコピーを止める
The RemoteTransform2D / RemoteTransform3D to switch off.,オフにする RemoteTransform2D / RemoteTransform3D。
For Each Child,子ごとに
"Runs this event's actions once per direct child of a node - healing a squad, totting up an inventory, checking every socket. Read the current one as `child`. Children added while it runs are not visited by this pass.",このイベントのアクションを、ノードの直接の子ごとに 1 回ずつ実行します。分隊を回復する、インベントリを合計する、全スロットを調べる、といった用途です。いま処理中の子は `child` で読めます。実行中に追加された子は、この回では回りません。
for each child of [i]{target}[/i],[i]{target}[/i] の子ごとに
The node whose children the actions run once for.,その子ごとにアクションが 1 回ずつ走る対象のノード。
Move Child To Index,子をインデックスへ移動
"Reorders a child to a new sibling index, changing its draw and process order.",子を兄弟の中の新しいインデックスに並べ替え、描画順と処理順を変えます。
move [i]{node}[/i] to index [b]{index}[/b],[i]{node}[/i] をインデックス [b]{index}[/b] へ移動
Child to reorder (by index here - no hardcoded name; pick one or use a scene-unique node).,並べ替える子 (ここではインデックス指定 - 名前の直書きはしません。ひとつ選ぶか、シーン内で一意なノードを使ってください)。
Index,インデックス
New sibling index (draw / process order).,兄弟の中での新しいインデックス (描画順 / 処理順)。
Free Node,ノードを解放
"Safely deletes a node at the end of the frame, e.g. removing a dead enemy.",フレームの終わりにノードを安全に削除します。たとえば倒した敵を片づけるときに使います。
free [i]{target}[/i],[i]{target}[/i] を解放
Target,対象
Node to free at the end of the frame.,フレームの終わりに解放するノード。
Signals / Scene / Input,シグナル / シーン / 入力
On Child Added,子ノードが追加されたとき
"Runs when a child node is added beneath this one, e.g. reacting to spawned items.",このノードの下に子ノードが追加されたときに実行されます。たとえば生成されたアイテムに反応する場合に使います。
On child added [i]{node}[/i],子ノード [i]{node}[/i] が追加されたとき
On Child Leaving,子ノードが離れるとき
"Runs just before a child node leaves this one - while it is still there to be read, so a count, a total or a panel can be brought up to date with it.",子ノードがこのノードから離れる直前に実行されます。まだ読み取れるうちに走るので、個数や合計、パネルの表示をその子の情報で更新できます。
On child leaving [i]{node}[/i],子ノード [i]{node}[/i] が離れるとき
%s - Godot calls this %s.,%s - Godot ではこれを %s と呼びます。
%s - this sheet calls it %s.,%s - このシートではこれを %s と呼びます。
Menu,メニュー
menu,メニュー
items:,項目:
On %s chosen,%s が選ばれたとき
On item %s chosen,項目 %s が選ばれたとき
never chosen,選ばれない
Add Item,項目を追加
Add item {label} to {menu},{menu} に項目 {label} を追加
"Puts one item in a menu. The id is how the menu says which item was picked, so On Item Chosen answers the same number this row was given.",メニューに項目を 1 つ入れます。id はどの項目が選ばれたかをメニューが伝える番号なので、項目が選ばれたときはこの行に与えたのと同じ番号に応えます。
On Item Chosen,項目が選ばれたとき
On item {item} of {menu} chosen,{menu} の項目 {item} が選ばれたとき
"Runs when the user picks the item with this id out of the menu. Every item of one menu shares a single handler, so all of them stay together in the emitted file.",この id を持つ項目がメニューから選ばれたときに実行されます。ひとつのメニューのすべての項目は 1 つのハンドラを共有するため、生成されるファイルの中でまとまって並びます。
Editor Tools: Menus,エディタ ツール: メニュー
"The menus a tool puts on screen: the items that go in one, and the event that runs when the user picks one of them.",ツールが画面に出すメニュー: そこに入る項目と、ユーザーがそのひとつを選んだときに走るイベント。
The menu variable this row acts on - the one the menu was made into.,この行が働きかけるメニュー変数 - メニューを入れた変数です。
Labelled,ラベル
The words the item shows in the menu.,項目がメニューに表示する文字。
Id,Id
The number this item sends when it is chosen. Give every item its own - two items sharing one id means the second one can never run.,この項目が選ばれたときに送る番号。項目ごとに別の番号を与えてください - 2 つの項目が同じ id を持つと、2 つめは決して実行されません。
Item,項目
The id of the item this event answers - the same number Add Item gave it.,このイベントが応える項目の id - 項目を追加 でその項目に与えたのと同じ番号です。
Object Under Cursor (2D),カーソルの下のオブジェクト (2D)
"Which 2D body or area the mouse is over, or nothing when it is over empty space - click-to-select, hover highlights and ""what am I about to pick up"". Asked as a point query, so overlapping shapes answer with the one on top.",マウスの下にある2Dのボディまたはエリア。何もない場所の上なら何も返しません - クリック選択、ホバー強調、「今なにを拾おうとしているか」。ポイントクエリとして尋ねるので、重なった形状は一番上のものが答えます。
"Which collision layers the query may see, by the names this project gave them.",このクエリが見てよい衝突レイヤー。このプロジェクトが付けた名前で指定します。
Tile Under Cursor,カーソルの下のタイル
"Which cell of a tilemap layer the mouse is over, as map coordinates - the number Set Tile At, Erase Tile At and Cell Is Empty all take. Tile painting, build grids and ""which square did I click"" start here.",マウスがタイルマップレイヤーのどのセルの上にあるかを、マップ座標で返します - 「タイルを設定」「タイルを消去」「セルが空」がすべて受け取る値です。タイルを塗る、建築グリッド、「どのマスをクリックしたか」はここから始まります。
the tile under the cursor,カーソルの下のタイル
"The tilemap layer the cell is looked up in. Its own transform is what turns the pointer into a cell, so a scrolled or zoomed map answers correctly.",セルを調べるタイルマップレイヤー。ポインタをセルに変えるのはこのレイヤー自身のトランスフォームなので、スクロールやズームをした地図でも正しく答えます。
Secret,シークレット
Counts as a secret,シークレットとして数える
Not a secret,シークレットではない
Dropping it on the canvas offers the secrets counter.,キャンバスにドロップするとシークレットのカウント行が提案されます。
Count This Secret,このシークレットを数える
Count it,数える
Just add a row,行を追加するだけ
%s is marked a secret. Add the event that counts it the first time the player walks in?,%s はシークレットとして印が付いています。プレイヤーが最初に入ったときに数えるイベントを追加しますか？
Counting %s as a secret.,%s をシークレットとして数えます。
Level Stats Screen,レベル成績画面
Show the control's key on a label while the window is open,ウィンドウが開いている間、操作のキーをラベルに表示する
Clear the prompt off its label as the window shuts,ウィンドウが閉じるときにラベルから表示を消す
"The label that shows the prompt, as a node path - $PromptLabel.",表示に使うラベル。ノードパスで指定します - $PromptLabel。
prompt on {label},{label} に表示
prompt taken off {label},{label} から消去
Close input window,入力ウィンドウを閉じる
"Every colour set this palette asset carries, side by side.",このパレットアセットが持つすべての配色を並べて表示します。
Palette assets,パレットアセット
"Which way something faces. Mirror or flip a sprite, a whole object with its hitbox and its ray, a 3D model, a UI panel, the camera's view, one tile, or a path - each host in its own honest terms.",そのものが向いている方向。スプライト、当たり判定とレイを含むオブジェクト全体、3D モデル、UI パネル、カメラの映像、タイル 1 枚、パスを左右反転または上下反転します - どのノードもそのノード自身の正直な言葉で。
Set Mirrored,左右反転を設定
Set Flipped,上下反転を設定
Is Mirrored,左右反転している
Is Flipped,上下反転している
Set Mirrored (whole object),左右反転を設定 (オブジェクト全体)
Turn Around,振り返る
Face Direction Of Movement,進行方向を向く
Face Object,オブジェクトを向く
Keep Upright,正しい向きに保つ
Mirror The View,映像を左右反転
Set Tile Flipped,タイルを左右反転
Mirror Path,パスを左右反転
Set mirrored {mirrored},左右反転を {mirrored} にする
Set flipped {flipped},上下反転を {flipped} にする
Is mirrored,左右反転している
Is flipped,上下反転している
Set mirrored {mirrored} (whole object),左右反転を {mirrored} にする (オブジェクト全体)
Turn around,振り返る
Face direction of movement,進行方向を向く
Face {object},{object} を向く
Keep {target} upright,{target} を正しい向きに保つ
Mirror the view {mirrored},映像の左右反転を {mirrored} にする
Set tile at {coords} flipped {mirrored},{coords} のタイルの左右反転を {mirrored} にする
Mirror path,パスを左右反転
Mirrored,左右反転
Flipped,上下反転
On node,対象ノード
"Mirror it horizontally (facing left), or put it back the way it was.",左右反転させて (左を向かせて) 表示するか、元に戻します。
"Turn it upside down, or put it back the right way up.",上下を逆さまにするか、元の向きに戻します。
"Act on another node instead of this one. Leave blank for this node, pick a node, or address one without a tree path - e.g. get_tree().get_first_node_in_group(""player"").","このノードではなく別のノードに作用します。空欄ならこのノード、ノードを選ぶか、ツリーパスを使わずに指定することもできます - 例: get_tree().get_first_node_in_group(""player"")。"
The value holding how fast this object is moving.,このオブジェクトの移動速度が入っている値です。
The object to turn toward.,向き直る相手のオブジェクトです。
"The child that must stay readable - a name plate, a health bar, a damage number.",読めるままでなければならない子ノードです - 名前プレート、体力バー、ダメージ数値など。
Cell coordinates (Vector2i).,セルの座標 (Vector2i)。
Mirrors this node's picture left-to-right - the way a 2D character faces.,このノードの絵を左右反転します - 2D キャラクターが向きを変えるやり方です。
"Turns this node's picture upside down, or puts it back the right way up.",このノードの絵を上下逆さまにするか、元の向きに戻します。
True while this node's picture is mirrored - which way the character is facing.,このノードの絵が左右反転している間、真になります - キャラクターの向きです。
True while this node's picture is upside down.,このノードの絵が上下逆さまの間、真になります。
"Mirrors this object AND everything under it - the picture, the hitbox, the muzzle point and the ray all face the same way.",このオブジェクトと、その下にあるすべてを左右反転します - 絵も当たり判定も銃口の位置もレイも、同じ向きになります。
"True while this object is mirrored, read off its own X scale.",このオブジェクトが左右反転している間、真になります - 自身の X スケールから読み取ります。
"Mirrors a 3D object along X. Worth knowing: a negative scale flips the mesh's winding, so lighting and backface culling see it inside out - Turn Around is usually what you want instead.",3D オブジェクトを X 方向に反転します。知っておくべき点: スケールを負にするとメッシュの面の向きが裏返り、ライティングと裏面カリングが内側を見てしまいます - 多くの場合は代わりに「振り返る」を使ってください。
"Mirrors a 3D label along X - readable backwards, which is the point when it is a decal or a sign seen from behind.",3D ラベルを X 方向に反転します - 裏返しに読めるようになり、デカールや裏から見た看板ではそれが目的です。
True while this 3D object is mirrored along X.,この 3D オブジェクトが X 方向に反転している間、真になります。
Turns a 3D object to face the other way - half a turn about its up axis. The honest 3D answer to mirroring: nothing is inside out afterwards.,3D オブジェクトを反対向きにします - 上方向の軸まわりに半回転させます。ミラーリングに対する 3D の正直な答えで、裏返しになるものは何もありません。
"Faces the way this object is moving, and leaves it facing that way when it stops - the one line every platformer writes by hand.",このオブジェクトが進んでいる方向を向き、止まったときもその向きのままにします - どのプラットフォーマーも手で書いている、あの 1 行です。
"Turns this object to face another one - an enemy looking at the player, a shopkeeper looking at whoever walked in.",このオブジェクトを別のオブジェクトの方に向けます - プレイヤーを見る敵、入ってきた相手を見る店主など。
Re-negates a child's X scale so it does NOT come along when this object mirrors - what keeps a name plate readable instead of writing it backwards.,子ノードの X スケールをもう一度反転させて、このオブジェクトの左右反転に付いてこないようにします - 名前プレートが裏文字にならず読めるままになります。
"Mirrors a UI element in place. The pivot is moved to its middle first, which is the half everyone forgets - without it the panel mirrors AND jumps sideways.",UI 要素をその場で左右反転します。まずピボットを中央に移動します - これが皆が忘れる方の半分で、これがないとパネルは反転したうえ横にずれます。
True while this UI element is mirrored.,この UI 要素が左右反転している間、真になります。
"Mirrors everything this camera sees - a mirror world, a reflection, a level played backwards.",このカメラが映すものすべてを左右反転します - 鏡の世界、水面の映り込み、逆向きに遊ぶステージなど。
"Mirrors what a sub-viewport shows - the rear-view mirror, the security monitor, the reflection in the water.",サブビューポートが映しているものを左右反転します - バックミラー、監視モニター、水面の映り込みなど。
"Mirrors the tile already sitting at a cell, keeping its tileset and its tile - how one wall art asset covers both sides of a corridor.",セルに既に置かれているタイルを、タイルセットとタイルはそのままに左右反転します - 1 枚の壁の絵で通路の両側をまかなえます。
"Mirrors every point of this path about x = 0 - the second half of a symmetric level, or a patrol route reused facing the other way.",このパスのすべての点を x = 0 で左右反転します - 左右対称なステージの後半や、逆向きに使い回す巡回ルートに使えます。
Set mirrored to {value},左右反転を {value} にする
Set flipped to {value},上下反転を {value} にする
Is not mirrored,左右反転していない
Is not flipped,上下反転していない
Ray follows facing,レイが向きに追従する
Spawn point follows facing,出現位置が向きに追従する
Particles follow facing,パーティクルが向きに追従する
Keeps its text upright,文字を正しい向きに保つ
Faces the way it moves,進行方向を向く
(flips the mesh's winding),(メッシュの面の向きが裏返ります)
(UI),(UI)
(whole object),(オブジェクト全体)
moving left,左に動いている
moving right,右に動いている
{name} is to the left,{name} が左にいる
{name} is to the right,{name} が右にいる
"an object is mirrored to face the way it moves, and its ray, its spawn points and its particles turn with it",オブジェクトが進行方向を向くように左右反転され、そのレイも出現位置もパーティクルも一緒に向きを変えます
Mirror the view,映像を左右反転する
Set tile at {coords} flipped,{coords} のタイルを左右反転する
Set tile at {coords} flipped to {value},{coords} のタイルの左右反転を {value} にする
Needs key,必要な鍵
Name the key and dropping it on the canvas offers the door event. Leave it blank for a door that is not locked.,鍵の名前を入力すると、キャンバスにドロップしたときに扉のイベントが提案されます。施錠されていない扉の場合は空のままにしてください。
Try This Door,この扉を試す
Add the door event,扉のイベントを追加
%s wants the %s key. Add the event that tries it when the player walks in?,%s は %s の鍵を必要とします。プレイヤーが入ったときに扉を試すイベントを追加しますか?
Trying %s when the player walks in.,プレイヤーが入ったときに %s を試します。
Keycard Door (3D),キーカードの扉 (3D)
Has key {key},鍵 {key} を持っている
Needs key {key},鍵 {key} が必要
Pick up key {key},鍵 {key} を拾う
the key it needs,必要としている鍵
Air control {share},空中制御 {share}
"steers the run in the air, keeps the rest",空中では走りの向きだけを変え、勢いは保つ
Sway with the mouse,マウスに合わせて揺れる
catching up at,追従速度
Bob up and down,上下に揺れる
"a sine wave, as you move",移動に合わせたサインカーブ
Keys and the doors that want them,鍵と、それを求める扉
"Enemies noticing you, and each other",敵があなたに、そして互いに気づく
"Pin to {anchor} (rope, max length {length})","{anchor} に固定 (ロープ, 最大長 {length})"
"Pin to {anchor} (bar, length {length})","{anchor} に固定 (バー, 長さ {length})"
Pin to {anchor} softly (speed {speed}),{anchor} にゆるやかに固定 (速さ {speed})
Pin to {owner}'s {point},{owner} の {point} に固定
Pin to {owner}'s {point} (offset {offset}),{owner} の {point} に固定 (オフセット {offset})
Pin to {owner}'s path position,{owner} のパス位置に固定
Pin X position to {anchor},X 位置を {anchor} に固定
Pin Y position to {anchor},Y 位置を {anchor} に固定
Pin size to {anchor},サイズを {anchor} に固定
path,パス
Pins,固定
pinned to,固定先
"what this object rides, and can let go of",このオブジェクトが乗っているもの、そして離せるもの
position and angle,位置と角度
rope,ロープ
bar,バー
soft,ゆるやか
x only,X のみ
y only,Y のみ
Is unlocked {id},{id} が解放済み
Is not unlocked {id},{id} が未解放
{base} boosted by {skill} upgrade ({percent} per level),{base} を {skill} アップグレードで強化 (レベルごとに {percent})
{base} +{amount} per level,{base} +{amount} (レベルごと)
"A skill tree - prerequisites, points and unlocks",スキルツリー - 前提条件、ポイント、解放
Skill Tree Screen,スキルツリー画面
Skateboard ▸ Roll with the slope,スケートボード ▸ 斜面に沿って転がる
gravity along the floor,床に沿った重力
Skateboard ▸ Push toward max speed by {amount},スケートボード ▸ 最高速度に向けて {amount} だけプッシュ
Skateboard ▸ Ollie {strength},スケートボード ▸ オーリー {strength}
Skateboard ▸ Spin one turn per second,スケートボード ▸ 毎秒1回転スピン
Skateboard ▸ Spin {turns} turns per second,スケートボード ▸ 毎秒 {turns} 回転スピン
Skateboard ▸ Flip one turn per second,スケートボード ▸ 毎秒1回転フリップ
Skateboard ▸ Flip {turns} turns per second,スケートボード ▸ 毎秒 {turns} 回転フリップ
Grind ▸ Is near rail {rail} within {distance},グラインド ▸ レール {rail} まで {distance} 以内にいる
Grind ▸ Has reached the end,グラインド ▸ 終点に着いた
Grind ▸ Is grinding,グラインド ▸ グラインド中
Grind ▸ Is not grinding,グラインド ▸ グラインドしていない
Grind ▸ Start grinding {rail},グラインド ▸ {rail} でグラインドを始める
Grind ▸ Hop off,グラインド ▸ 飛び降りる
Grind ▸ Grind along rail at {speed},グラインド ▸ レールに沿って {speed} でグラインド
"on {rail}, at the point the curve bakes",{rail} 上、カーブが返す位置で
Riding a rail,レールに乗る
a body snaps to the nearest point on a drawn curve and is walked along it,描いたカーブの最も近い点に吸い付き、その上を進んでいく
Momentum movement on a board,ボードの勢いで進む移動
"speed is kept rather than chased, and the slope under you is where it comes from",速度は追いかけるものではなく保つもので、足元の斜面から生まれる
Skateboard,スケートボード
Skateboard ▸ Brake by {amount},スケートボード ▸ {amount} だけブレーキ
Water,水
Counts as water,水として扱う
Not water,水ではない
Going in and coming out raise and lower a flag the sheet can test.,入るとフラグが立ち、出ると下がります。シートはそれを判定できます。
Add The Water Rows,水の行を追加
Add them,追加する
%s is marked water. Add the two rows that raise the flag on the way in and lower it on the way out?,%s は水として印が付いています。入るときにフラグを立て、出るときに下げる 2 行を追加しますか？
Marking %s as water.,%s を水として印を付けます。
Set animation to {name} (play from beginning),アニメーションを {name} にする (最初から再生)
Is Between,この範囲にある
"True while the play head is inside a slice of one clip - the cancel window a follow-up move is allowed in, the active frames a hit counts on.",再生ヘッドが 1 つのクリップの一区間にある間は真になります。次の技でキャンセルできる区間や、攻撃判定が有効な区間のことです。
Is between {from_time} s and {to_time} s of {animation},{animation} の {from_time} 秒から {to_time} 秒の間
The clip whose clock the window lives on.,この区間の基準となるクリップです。
Seconds into the clip the window opens.,クリップ開始から何秒で区間が始まるか。
Seconds into the clip the window shuts.,クリップ開始から何秒で区間が終わるか。
Ask another AnimationPlayer instead of this one. Leave blank for this node.,このノードではなく別の AnimationPlayer に問い合わせます。空欄ならこのノードです。
Pause For,一時停止する時間
"Holds THIS animation still for a moment and then lets it run on - the per-object hit-stop, for when only the two characters trading blows should feel it. The wait ignores the game's time scale, so it un-pauses even during a slow-motion.",このアニメーションだけを一瞬止めてから再開します。殴り合う 2 体だけに効かせたいときのオブジェクト単位のヒットストップです。待ち時間はゲームの時間スケールを無視するため、スローモーション中でも必ず解除されます。
Pause for {seconds} s,{seconds} 秒 一時停止
"How long the animation holds still, in real time.",アニメーションが止まっている長さ（実時間）。
Pause another AnimationPlayer instead of this one. Leave blank for this node.,このノードではなく別の AnimationPlayer を止めます。空欄ならこのノードです。
On Animation Frame,アニメーションのコマになったとき
"Runs the moment a sprite animation reaches one frame of one clip - the hit frame, the footstep, the frame a shell drops on. Applying it adds the clip-and-frame question as a condition you can see and edit.",スプライトアニメーションがあるクリップの特定のコマに達した瞬間に実行されます。当たりのコマ、足音のコマ、薬莢が落ちるコマなどです。適用するとクリップとコマの判定が、目に見えて編集できる条件として追加されます。
On animation {animation} frame {frame},アニメーション {animation} の {frame} コマ目で
The clip the frame belongs to.,そのコマが属するクリップです。
Frame,コマ
Which frame of that clip to answer.,そのクリップのどのコマに反応するか。
Is Animation Frame,アニメーションのコマである
"True when a sprite is showing one particular frame of one particular clip - the question under On Animation Frame, on its own for a per-tick check.",スプライトが特定のクリップの特定のコマを表示しているときに真になります。「アニメーションのコマになったとき」の下にある判定を、毎ティックの確認用に単独で使うものです。
animation is {animation} frame {frame},アニメーションが {animation} の {frame} コマ目
The clip to ask about.,問い合わせるクリップです。
The frame index to ask about.,問い合わせるコマ番号です。
Ask another AnimatedSprite2D instead of this one. Leave blank for this node.,このノードではなく別の AnimatedSprite2D に問い合わせます。空欄ならこのノードです。
On Animation Event,アニメーションイベントで
"Runs when an animation's method track reaches its key. The track calls a function by name and this event IS that function, so the animation and the sheet meet without a signal in between - name the event here and call the same name from the track.",アニメーションのメソッドトラックがキーに達したときに実行されます。トラックは関数を名前で呼び出し、このイベントがまさにその関数なので、シグナルを挟まずにアニメーションとシートが直接つながります。ここでイベント名を決め、トラックからは同じ名前を呼んでください。
On animation event {event_name},アニメーションイベント {event_name} で
Event,イベント
"The name the animation's method track calls, in plain words (""hit frame"" becomes the function _on_hit_frame).","アニメーションのメソッドトラックが呼び出す名前を、普通の言葉で書きます（""hit frame"" は関数 _on_hit_frame になります）。"
Buffer Input,入力を先行入力する
"Remembers a press for a moment so an input made slightly too early still comes out - the jump pressed just before landing, the punch pressed during the last move. Put it under the control's own pressed event.",押した入力を少しのあいだ覚えておき、少し早すぎた入力でもちゃんと出るようにします。着地直前に押したジャンプ、前の技の最中に押したパンチなどです。その操作の「押された」イベントの下に置いてください。
Timed Input,タイミング入力
Buffer {input} for {seconds} s,{input} を {seconds} 秒先行入力する
Buffer {input} for {frames} frames,{input} を {frames} コマ先行入力する
Buffered input,先行入力
"The number variable remembering the press. Name it after the input - punch_input, jump_input - and the row reads back with that name in it.",押されたことを覚えておく数値変数です。入力の名前を付ける（punch_input、jump_input）と、その名前がそのまま行に読み戻されます。
"How long the press stays remembered. A tenth of a second is about six frames at 60 fps, and stays that long on any machine.",押したことをどれだけの時間覚えておくか。0.1 秒は 60 fps でおよそ 6 コマで、どのマシンでも同じ長さです。
Frames,コマ数
"How many physics frames the press stays remembered for. Physics frames, not drawn ones, so the count does not move with the frame rate - but it is still a different length of TIME on a project with a different physics tick.",押したことを何物理コマのあいだ覚えておくか。描画コマではなく物理コマなので、フレームレートで数が変わることはありませんが、物理ティックが違うプロジェクトでは長さ（時間）が変わります。
Is Input Buffered,先行入力が残っている
"True while a remembered press is still fresh. Ask it the moment the move becomes legal, and consume it in the same breath so one press cannot come out twice.",覚えている入力がまだ有効なあいだ真になります。技が出せるようになった瞬間に問い合わせ、同時に消費してください。そうしないと 1 回の入力が二度出てしまいます。
{input} is buffered,{input} が先行入力されている
The number variable remembering the press.,押されたことを覚えておく数値変数です。
Consume Buffered Input,先行入力を消費する
"Forgets the remembered press, so the move it let through cannot come out a second time. Put it directly under the move it started.",覚えていた入力を忘れます。そのおかげで出た技が二度出ないようにするためです。開始した技のすぐ下に置いてください。
Consume {input},{input} を消費する
Buffer Input (Frames),入力を先行入力する（コマ数）
"The frame-counted buffer, for a game tuned against a frame-data table. Everything the seconds row does, measured in physics frames instead. Use the frame-counted condition and consume rows with it - do not mix the two clocks on one variable.",コマ数で数えるバッファです。フレームデータ表を見て調整するゲーム向けで、秒のほうの行と同じことを物理コマで測ります。条件と消費もコマ数版を使ってください。ひとつの変数でふたつの時計を混ぜないように。
Is Input Buffered (Frames),先行入力が残っている（コマ数）
True while a frame-counted press is still fresh. Pair it with Buffer Input (Frames).,コマ数で数えた先行入力がまだ有効なあいだ真になります。「入力を先行入力する（コマ数）」と組で使います。
{input} is buffered (frames),{input} が先行入力されている（コマ数）
Consume Buffered Input (Frames),先行入力を消費する（コマ数）
Forgets a frame-counted press. Pair it with Buffer Input (Frames).,コマ数で数えた先行入力を忘れます。「入力を先行入力する（コマ数）」と組で使います。
Consume {input} (frames),{input} を消費する（コマ数）
Combo Box ▸ Press input {token},Combo Box ▸ 入力 {token} を押す
Combo Box ▸ On combo {combo},Combo Box ▸ コンボ {combo} が成立したとき
within {seconds} s,{seconds} 秒以内
Hitstop for {seconds} seconds,{seconds} 秒間ヒットストップ
the whole game freezes at {scale} - hit-stop,ゲーム全体が {scale} で止まる - ヒットストップ
"real time, so it un-pauses even in slow motion",実時間なのでスローモーション中でも解除される
Is between {from} s and {to} s of the current animation,現在のアニメーションの {from} 秒から {to} 秒の間
Set animation to {name} (play from end),アニメーションを {name} にする (終端から再生)
Set animation to {name} after the current one,現在のアニメーションの後に {name} を再生する
On animation event {event},アニメーションイベント {event} で
On animation event {event} of {animation},{animation} のアニメーションイベント {event} で
Edit Group…,グループを編集…
Active On Start,開始時に有効
Open All / Close All Groups,すべてのグループを開く / 閉じる
Add Local Variable…,ローカル変数を追加…
Ungroup - Keep The Rows,グループ解除 - 行は残す
Turn Into Region,リージョンに変換
Rename Region…,リージョン名を変更…
Open / Close Region,リージョンを開く / 閉じる
Open All / Close All Regions,すべてのリージョンを開く / 閉じる
Turn Into Group,グループに変換
Region Color…,リージョンの色…
Remove Region - Keep The Rows,リージョンを削除 - 行は残す
neither of {n},{n} のいずれでもない
ranges,範囲
between   two values,2 つの値の   あいだ
not between,あいだにない
within ±   of a value,値の ±   以内
is,＝
is not,≠
begins with,で始まる
ends with,で終わる
contains,を含む
is one of   a list,リストのいずれか
matches   a pattern,パターンに一致
is empty,空である
Something else…,その他…
Compare,比較
on {object},{object} で
top {count},上位 {count}
Pick,選ぶ
where,条件
nearest to {object} first,{object} に近い順
furthest from {object} first,{object} から遠い順
highest {value} first,{value} が高い順
lowest {value} first,{value} が低い順
Ignore case,大文字小文字を無視
Copy as Expression,式としてコピー
Show in Inspector,インスペクターに表示
Global variable…,グローバル変数…
Local variable…,ローカル変数…
Instance variable…,インスタンス変数…
Add Variable,変数を追加
nothing of that kind yet,その種のものはまだありません
Locals in scope,スコープ内のローカル
%s - globals,%s - グローバル
%s - instance variables,%s - インスタンス変数
Inserts %s,%s を挿入します
%s is not a variable of %s.,%s は %s の変数ではありません。
Did you mean %s?,%s のことですか？
Copied %s.,%s をコピーしました。
Show %s in the Inspector,%s をインスペクターに表示
Hide %s from the Inspector,%s をインスペクターから隠す
"""%s"" cannot be a class name.","""%s"" はクラス名にできません。"
%d nodes in this scene,このシーンに %d 個のノード
%d rows over %d frames. Save it as a Test sheet to keep it.,%d 行 / %d フレーム。残すにはテストシートとして保存してください。
%s - %d to resolve,%s - 未解決 %d 件
%s already exists.,%s はすでに存在します。
%s cannot be left blank - the row has nothing to write.,%s は空にできません - 行に書くものがありません。
%s fits.,%s なら合います。
%s is %s - %s wants a %s. %s fits.,%s は %s です - %s には %s が必要です。%s なら合います。
%s is %s. This needs %s.,%s は %s です。ここには %s が必要です。
%s is a %s - it cannot hold %s.,%s は %s です - %s を入れられません。
%s is empty,%s が空です
%s is in the Inspector now.,%s をインスペクターに表示しました。
%s is out of the Inspector.,%s をインスペクターから外しました。
%s may not fit,%s は合わないかもしれません
%s now,現在 %s
%s starts at %s.,%s は %s から始まります。
1 node in this scene,このシーンに 1 個のノード
Active on start.,開始時に有効。
Add %s…,%s を追加…
An Inspector section. Double-click to rename it.,インスペクターのセクションです。ダブルクリックで名前を変更できます。
"As a base class, the including script extends it and its events simply are that script's events. As a helper, the including script keeps one of it and forwards its triggers to it - use this when the script already has a base class it needs.",基底クラスとして使うと、取り込む側のスクリプトがこれを継承し、そのイベントはそのままそのスクリプトのイベントになります。ヘルパーとして使うと、取り込む側がインスタンスを 1 つ保持し、トリガーを転送します - スクリプトにすでに別の基底クラスが必要な場合はこちらを選びます。
Can be switched at runtime - Set group active / Group is active.,実行時に切り替え可能 - グループを有効にする / グループが有効。
Cannot be written,書き込めません
Create,作成
Description updated.,説明を更新しました。
Editable in the Inspector,インスペクターで編集可能
F2 renames this class everywhere.,F2 でこのクラスをすべての場所で名前変更します。
Gamepad,ゲームパッド
Help for this %s,この %s のヘルプ
Icon set to %s.,アイコンを %s に設定しました。
"If you meant to join text, Set value can.",テキストを連結したい場合は「値を設定」で行えます。
Included %s %s.,%s %s を取り込みました。
Input Map,インプットマップ
Lives inside the event or function it sits in.,置かれているイベントまたは関数の中だけで生きます。
Static local,静的ローカル
"Only this event reads it, and it keeps its value between runs.",このイベントだけが読み取り、実行のたびに値を保ち続けます。
Made %s - include it from any script with Add > Include sheet….,%s を作成しました - 任意のスクリプトから「追加 > シートを取り込む…」で取り込めます。
Make switchable,切り替え可能にする
Moved %s.,%s を移動しました。
Never changes once the game runs.,ゲームが動き出したら変わりません。
Nothing to rename.,名前を変更するものがありません。
Off - this group and its rows compile out.,オフ - このグループとその行はコンパイルされません。
One per object - each copy in the scene has its own.,オブジェクトごとに 1 つ - シーン内の各コピーが自分のものを持ちます。
One value shared by every copy of this object.,このオブジェクトのすべてのコピーで共有される 1 つの値。
One value the whole project shares.,プロジェクト全体で共有される 1 つの値。
Project Settings ▸ Autoload is where this name lives - it is not in this file.,この名前は「プロジェクト設定 ▸ 自動読み込み」にあります - このファイルにはありません。
Read,読み取り
Recording - %d rows so far.,記録中 - 現在 %d 行。
Renamed %s to %s.,%s を %s に名前変更しました。
Renamed to %s.,%s に名前変更しました。
Replay recording ON - save and run to record a take.,リプレイ記録 ON - 保存して実行するとテイクを記録します。
Resolved %s - the markers are gone and the rest of the file is untouched.,%s を解決しました - マーカーは消え、ファイルの他の部分はそのままです。
Runs in the editor too.,エディター上でも実行されます。
Save this sheet and ask the running game to reload it. The rows you changed pulse once so you can see them land.,このシートを保存し、実行中のゲームに再読み込みを依頼します。変更した行が一度光るので、反映されたことがわかります。
"Saved %s - run it from Tools > Run Tests…, or headlessly with the rest.",%s を保存しました - 「ツール > テストを実行…」から、または他のテストと一緒にヘッドレスで実行できます。
"Saved in every resource made from this - a data field, not a live value.",これから作られるすべてのリソースに保存されます - 実行時の値ではなくデータ項目です。
Sheet head updated.,シートのヘッドを更新しました。
Sheet ▸ Sheet Type… ▸ More is where the included sheets are listed.,取り込んだシートは「シート ▸ シートの種類… ▸ その他」に並びます。
"Shows what this sheet would look like with the shipped behavior doing the work, before changing anything.",同梱のビヘイビアに任せた場合にこのシートがどうなるかを、何も変更する前に見せます。
Sorted the variables A-Z.,変数を A-Z 順に並べ替えました。
Start a take. Every control the running game sees is recorded with the frame it happened on. Recording a second take throws the first one away.,テイクを開始します。実行中のゲームが受け取った入力は、発生したフレームとともに記録されます。2 回目のテイクを記録すると 1 回目は破棄されます。
"Stop recording. The take is kept, so you can still add checkpoints and save it.",記録を停止します。テイクは保持されるので、チェックポイントを追加して保存できます。
Stop the game and run it again - the only way to pick this change up.,ゲームを停止して再実行してください - この変更を反映する方法はこれだけです。
The class icon. Click to pick another image.,クラスのアイコンです。クリックすると別の画像を選べます。
The line this band stands for. Click to open it in the code panel.,この帯が表す行です。クリックするとコードパネルで開きます。
The line this row writes. Click to open it in the code panel.,この行が書き出すコード行です。クリックするとコードパネルで開きます。
The take would not compile: %s,このテイクはコンパイルできません: %s
The variables are already in name order.,変数はすでに名前順です。
"There is no node %s in this scene yet - fine if it is spawned at runtime, otherwise check the path.",このシーンにはまだノード %s がありません - 実行時に生成されるなら問題ありませんが、そうでなければパスを確認してください。
"There is no node named %s in this scene - right-click it in the scene tree and choose Access as Unique Name, or it may be spawned at runtime.",このシーンに %s という名前のノードはありません - シーンツリーで右クリックして「一意の名前でアクセス」を選ぶか、実行時に生成される可能性があります。
This is not an expression this sheet can compile.,これはこのシートがコンパイルできる式ではありません。
This sheet no longer runs in the editor.,このシートはエディター上で実行されなくなりました。
This sheet now extends %s.,このシートは %s を継承するようになりました。
This sheet runs in the editor too.,このシートはエディター上でも実行されます。
"Turns on ""Can be switched at runtime"" for this group, so this row can reach it.",このグループの「実行時に切り替え可能」を有効にして、この行から操作できるようにします。
Use %s,%s を使う
Used %d× in this sheet,このシートで %d× 使用
Variable rows: %s.,変数行: %s。
What this group holds.,このグループが持つもの。
Where this region ends.,このリージョンが終わる場所。
Write the file back with the markers gone. Every byte outside the conflicted region is left exactly as it is.,マーカーを取り除いてファイルを書き戻します。競合部分の外側のバイトはそのまま残ります。
"Write the take as an ordinary Test sheet - readable rows, replayed by the same runner as every other test.",テイクを通常のテストシートとして書き出します - 読める行になり、他のテストと同じランナーで再生されます。
Writes the ## block · Enter commits.,## ブロックを書きます · Enter で確定。
Writes the missing #endregion there.,そこに欠けている #endregion を書きます。
a number,数値
a value,値
check %s,%s を確認
editing,編集中
fix %s first,先に %s を直してください
in %d sheet,%d 個のシートで
in %d sheets,%d 個のシートで
needed,必須
no such node,そのノードはありません
none yet - added at runtime?,まだありません - 実行時に追加されますか?
not bound to anything yet,まだ何にも割り当てられていません
not found,見つかりません
one of a list,リストから 1 つ
renames %d use,%d 箇所の使用箇所を変更
renames %d uses,%d 箇所の使用箇所を変更
renames nothing else - this name is used nowhere yet,他に変更するものはありません - この名前はまだどこでも使われていません
this object,このオブジェクト
this will not compile,これはコンパイルできません
true or false,true か false
wants %s,%s が必要
will not compile,コンパイルできません
from %s,%s から
read as %s,%s として読む
Change to %s,%s に変更
Couldn't find %s to write this row with.,この行を書く %s が見つかりませんでした。
renames %d use%s in %d sheet%s,%d 件%s の使用を %d 枚%s のシートで変更
Enter to apply · Esc,Enter で適用 · Esc
used nowhere yet,まだどこにも使われていません
1 group,グループ 1 個
%d groups,グループ %d 個
1 local,ローカル変数 1 個
%d locals,ローカル変数 %d 個
description,説明
change…,変更…
Project Settings…,プロジェクト設定…
open,開く
+ add: %s,+ 追加: %s
acts on its parent,親ノードに作用します
%s kept between runs,%s は実行間で保持されます
attach to a node,ノードにアタッチ
Untitled,無題
# no class_name yet,# class_name はまだありません
name it,名前を付ける
# no class_name - the name is the autoload entry,# class_name なし - 名前は autoload の登録名です
# no class_name - named by its file,# class_name なし - ファイル名が名前です
choose what it extends,継承元を選択
runs in the editor too,エディタでも実行されます
"%s never closes, so it cannot fold. Add %s after the last row you want inside.",%s が閉じられていないため折りたためません。中に入れたい最後の行の後に %s を追加してください。
"%s closes nothing - there is no #region above it. Remove it, or open a region first.",%s は何も閉じていません - 上に #region がありません。削除するか、先にリージョンを開いてください。
Close after row %d,%d 行目の後で閉じる
every networking line reads as a row - %d of %d,ネットワークの行はすべて行として読める - %d / %d
%d of %d networking lines read as rows,ネットワークの %d / %d 行が行として読める
%s added - pick a mode to keep a value in step.,%s を追加しました - 値を同期するモードを選んでください。
%s cannot be kept in step.,%s は同期できません。
%s is kept in step - %s.,%s は同期されます - %s。
%s is not in %s any more.,%s はもう %s にありません。
%s is not in the open scene any more.,%s は開いているシーンにもうありません。
%s is not kept in step any more.,%s は同期されなくなりました。
%s selected in %s - its panels are the Inspector and Replication.,%s を %s で選択しました - 対応するパネルはインスペクターと Replication です。
Add a synchronizer to %s,%s にシンクロナイザーを追加
Add a synchronizer to %s…,%s にシンクロナイザーを追加…
At spawn only,生成時のみ
Keep %s in step,%s を同期する
Off,オフ
On change,変化したとき
Open %s to change what it keeps in step.,同期する内容を変えるには %s を開いてください。
Replication panel…,Replication パネル…
The scene is only editable inside the editor.,シーンはエディター内でのみ編集できます。
always,常に
at spawn,生成時
every %s s,%s 秒ごと
from %s(),%s() から
on change,変化したとき
seen by chosen players,選んだプレイヤーにのみ見えます
seen by everyone,全員に見えます
select the spawner,スポナーを選択
set by the owner,所有者が設定します
owner,所有者
Everyone,全員
The host,ホスト
The owner,所有者
"Every peer runs these events. Right for anything a player sees or hears, and for a game with no networking in it.",すべてのピアがこれらのイベントを実行します。プレイヤーが見聞きするものや、ネットワークを使わないゲームに適しています。
Only the peer that called Host a game runs them. Right for anything that decides what is true; the others learn the result through a message or a value kept in step.,ゲームをホストを呼んだピアだけが実行します。何が正しいかを決める処理に適しており、他のピアはメッセージや同期された値で結果を知ります。
"Only the peer that owns this object runs them. Right for what each player controls about their own character, so nobody moves anybody else's.",このオブジェクトを所有するピアだけが実行します。各プレイヤーが自分のキャラクターを操作する処理に適しており、他人のキャラクターを動かせません。
Who runs the events in this group - right-click the head to change it.,このグループのイベントを実行する相手です。見出しを右クリックすると変更できます。
message,メッセージ
"%s is not marked as a message yet, so nothing would travel. Right-click its function row and choose Make it a message.",%s はまだメッセージとして指定されていないため、何も送信されません。関数の行を右クリックして「メッセージにする」を選んでください。
Anyone,誰でも
from anyone,誰からでも
"Any peer may send this message, so a client can ask the host for something. The host has to decide whether to believe it: check Sender before acting on anything a player could have made up.",どのピアでもこのメッセージを送れるため、クライアントからホストに要求を出せます。ホストはそれを信じるかどうかを判断する必要があります。プレイヤーが偽装できる内容に反応する前に、送信者を確認してください。
Only the owner,所有者のみ
"Only the peer that owns this node may send it - the host, unless the node was given away. A call from anybody else is dropped and logged, which is what makes this the safe answer.",このノードを所有するピアだけが送信できます。ノードを譲り渡していなければホストです。ほかの誰かからの呼び出しは破棄されログに残るため、これが安全な選択になります。
On the others,ほかのピアで
on the others,ほかのピアで
Every peer that receives it runs the function; the peer that sent it does not. Right when the sender has already done the thing itself and is only telling the others.,受信したピアだけが関数を実行し、送信したピアは実行しません。送信側がすでに自分で処理を済ませ、ほかに知らせるだけの場合に適しています。
"On the others, and here too",ほかのピアと、ここでも
also here,ここでも
"The sender runs the function as well, so one row is the whole effect. This is why the shot you fired lands for you at the same moment as for everybody else.",送信側でも関数が実行されるため、1 行だけで効果全体になります。自分が撃った弾が、ほかの全員と同じ瞬間に自分の画面でも当たるのはこのためです。
Reliable,確実
"Sent again until it arrives, and it arrives in the order it was sent. Right for anything that happens once - a hit, a pickup, a round starting.",届くまで再送され、送った順に到着します。一度きり起きること - 命中、アイテム取得、ラウンド開始などに適しています。
"Fast, may drop",高速、欠落あり
"fast, may drop",高速、欠落あり
"Sent once and never chased. Right for a value replaced a few times a second anyway, where one that goes missing costs nothing because the next is already on its way.",一度だけ送信し、再送はしません。もともと毎秒何度も更新される値に適しています。ひとつ失われても、次がすでに送られてくるので問題になりません。
"Fast, in order",高速、順序どおり
"fast, in order",高速、順序どおり
"Sent once, and one that arrives after a newer one is thrown away. Right for a stream where only the latest matters - a position, an aim direction.",一度だけ送信し、より新しいものより後に届いたものは破棄されます。最新の値だけが意味を持つ連続的な値 - 位置や照準方向に適しています。
"Messages on different channels do not queue behind each other. Leave it at 0 unless one big reliable message - a level, a long list - is holding up something small and frequent.",異なるチャンネルのメッセージは互いに待たされません。大きな確実メッセージ - レベルや長いリスト - が小さく頻繁なものを詰まらせている場合を除き、0 のままにしてください。
"The function the other peers run. Only a function marked as a message travels, and the list holds the ones this sheet marks.",ほかのピアが実行する関数です。メッセージとして指定された関数だけが送信され、一覧にはこのシートが指定したものが並びます。
"The id of the peer that runs it - the event's own id, or Sender to answer whoever just sent you a message.",それを実行するピアの ID です。イベント自身の ID か、直前にメッセージを送ってきた相手に返す場合は送信者を使います。
A value to send along. It arrives as this parameter on every peer that runs the message.,一緒に送る値です。メッセージを実行するすべてのピアに、このパラメータとして届きます。
"%s is not one of Godot's @rpc options, so this row shows the annotation as it stands.",%s は Godot の @rpc オプションではないため、この行は注釈をそのまま表示します。
"Every connected peer runs the message, and this peer as well when the message says it also runs here.",接続中のすべてのピアがメッセージを実行します。メッセージが「ここでも」と指定していれば、このピアでも実行されます。
Only peer 1 runs it - the one hosting the game. This is how a client asks for something it may not decide by itself.,ピア 1 だけが実行します。ゲームをホストしているピアです。クライアントが自分では決められないことを頼むときの方法です。
One player,1 人のプレイヤー
"Only the peer whose id you give runs it. The event's own id, or Sender to answer whoever just sent you a message.",指定した ID のピアだけが実行します。イベント自身の ID か、直前にメッセージを送ってきた相手に返す場合は送信者を使います。
The line that makes this function a message. Click to open it in the code panel.,この関数をメッセージにしている行です。クリックするとコードパネルで開きます。
Message…,メッセージ…
Make It A Message…,メッセージにする…
Change The Message…,メッセージを変更…
%s may now spawn %s.,%s は %s をスポーンできるようになりました。
"%s is not in %s's list of scenes it may spawn yet. Pressing OK adds it, as one step of the scene's own undo.",%s はまだ %s がスポーンできるシーンの一覧にありません。OK を押すと、シーン自身の取り消し履歴の 1 ステップとして追加されます。
%s may be watching %d copies at once - its Spawn limit in the Inspector. Past that it refuses to make another until one goes.,%s が同時に見ていられるコピーは %d 個までです - インスペクターの Spawn limit です。それを超えると、1 つ消えるまで新しいコピーは作られません。
visibility filter,可視性フィルター
for %s,%s 用
Open %s to change what its spawner may spawn.,スポナーがスポーンできるものを変えるには %s を開いてください。
Let %s spawn %s,%s に %s のスポーンを許可
On asked,尋ねられたとき
%s is not a message: nothing will arrive. Mark the function as a message first.,%s はメッセージではありません。何も届きません。先に関数をメッセージとして指定してください。
Make %s a message…,%s をメッセージにする…
"%s is changed in a group that runs on the host, but only the host will see the new value. Keep it in step, or send it.",%s はホストだけが実行するグループの中で変わりますが、新しい値を見られるのはホストだけです。同期させるか、メッセージで送ってください。
Keep in step,同期させる
"%s runs on every peer, and only the owner of this object should move it. Put the event in a group that runs on the owner.",%s はすべてのピアで実行されますが、このオブジェクトを動かしてよいのは所有者だけです。イベントを所有者で実行されるグループに入れてください。
Wrap in an owner group,所有者のグループで囲む
"%s may be sent by anyone, and it writes %s without asking who sent it. Any player could send it themselves.",%s は誰でも送れるうえ、送り主を確かめずに %s を書き換えます。プレイヤーが自分で送ることもできてしまいます。
Couldn't find that event to group.,グループ化するイベントが見つかりませんでした。
Only the owner of this object runs it now.,これからはこのオブジェクトの所有者だけが実行します。
"Run two copies of the game at once, tagged %s and %s, and play the scene this sheet is attached to. It sets Godot's own Debug > Run Multiple Instances (2 instances, one feature tag each), so an On ready > Started as host event hosts in one window while the other joins. Untick Enable Multiple Instances in that same dialog to go back to one.",ゲームのコピーを2つ同時に実行し、それぞれに %s と %s のタグを付けて、このシートが接続されているシーンを再生します。Godot 自身のデバッグ > 複数インスタンスを実行（2 インスタンス、機能タグを1つずつ）を設定するので、準備完了時 > 起動時のタグは のイベントが一方のウィンドウでホストし、もう一方が参加します。1つに戻すには、同じダイアログで複数インスタンスを有効化のチェックを外してください。
"Run Multiple Instances is an editor setting, and there is no editor here.",複数インスタンスを実行はエディタの設定ですが、ここにエディタはありません。
"Already set to run %d copies, tagged %s.",すでに %d 個のコピーを実行する設定です。タグは %s です。
"Set to run %d copies, tagged %s.",%d 個のコピーを実行するよう設定しました。タグは %s です。
instance %d,インスタンス %d
casts shadows,影を落とす
%d occluder blocks the light on this layer,このレイヤーの光を %d 個のオクルーダーが遮ります
%d occluders block the light on this layer,このレイヤーの光を %d 個のオクルーダーが遮ります
%s casts shadows and no occluder's mask matches - shadows never appear,%s は影を落としますが、一致するオクルーダーのマスクがないため影は現れません
kept inside this scene - nothing else can see the change,このシーン内に保持 - 他からは変更が見えません
used by this scene only,このシーンだけが使用
shared with %d other scene,他の %d 個のシーンと共有
shared with %d other scenes,他の %d 個のシーンと共有
also in,他にも
select the light,ライトを選択
select the node,ノードを選択
tinted,色合い
"%s has no texture, so it lights nothing. Give it one - a soft white circle is the whole of a torch.",%s にはテクスチャがないため、何も照らしません。柔らかい白い円を一つ与えてください - それだけで松明になります。
"Add an occluder, or turn the shadows off and save the draw cost.",オクルーダーを追加するか、影をオフにして描画コストを節約してください。
"%s darkens the layer to %s and no light reaches it - the scene is uniformly dark. Add a light, or check the range masks of the ones there are.",%s はレイヤーを %s まで暗くしますが、どの光も届いていません - シーンは一様に暗いままです。ライトを追加するか、既存のライトの範囲マスクを確認してください。
"%s writes the world's environment, and %s has no WorldEnvironment node - the row does nothing when the game runs. Add one to the scene.",%s はワールドの環境に書き込みますが、%s には WorldEnvironment ノードがありません - ゲーム実行時にこの行は何もしません。シーンに追加してください。
"%s writes %s, which %s also uses - the change follows the player into those scenes. Give this scene its own copy first.",%s は %s に書き込みますが、そのファイルは %s も使っています - 変更はプレイヤーと一緒にそれらのシーンへついていきます。まずこのシーン専用のコピーを持たせてください。
Make the environment this scene's own,環境をこのシーン専用にする
"Lighting: %d lit scene(s), %d with something that will not show at run time.",ライティング: 照明のあるシーン %d 件、うち %d 件に実行時には見えないものがあります。
This sheet already takes its own copy.,このシートはすでに自分のコピーを取っています。
This scene has its own environment now - the change stops here.,このシーンは自分の環境を持つようになりました - 変更はここで止まります。
Send Message To Everyone,全員にメッセージを送る
"Runs a message on every peer in the game, including this one when the message says so. The function must be marked as a message first.",ゲーム内のすべてのピアでメッセージを実行します。メッセージがそう指定していれば自分自身でも実行されます。関数を先にメッセージとして印を付けておく必要があります。
Send {message} to everyone {args},{message} を全員に送る {args}
Message,メッセージ
The function marked as a message. Every peer runs it.,メッセージとして印を付けた関数。すべてのピアが実行します。
"Values to send with the message, comma separated.",メッセージと一緒に送る値。カンマ区切りです。
Send Message To The Host,ホストにメッセージを送る
"Runs a message on the host only - the peer that decides what is true, so cheats cannot be sent straight to everybody.",ホストだけでメッセージを実行します。ホストは何が正しいかを決めるピアなので、チートを全員に直接送ることはできません。
Send {message} to the host {args},{message} をホストに送る {args}
The function marked as a message. Only the host runs it.,メッセージとして印を付けた関数。ホストだけが実行します。
Send Message To One Peer,1 つのピアにメッセージを送る
"Runs a message on one named peer only - a private reply, or a correction sent back to the player it is about.",名前を指定した 1 つのピアだけでメッセージを実行します。個別の返信や、その相手のプレイヤーへ送り返す修正に使います。
Send {message} to {peer} {args},{message} を {peer} に送る {args}
The function marked as a message. Only the peer you name runs it.,メッセージとして印を付けた関数。指定したピアだけが実行します。
Peer,ピア
"Who to send it to: the id an event handed you, or Sender to answer whoever asked.",送り先。イベントが渡してくれた id か、問い合わせてきた相手に返すなら 送信者 を指定します。
Is Host,ホストである
True on the peer that is hosting the game. Put everything that decides what is true behind this.,ゲームをホストしているピアで真になります。何が正しいかを決める処理は、すべてこの条件の後ろに置きます。
Owns This Object,このオブジェクトを所有している
True when this peer is the one allowed to move and change this object - the player's own character rather than everybody else's copy of it.,このピアが、このオブジェクトを動かして変更してよい側であるときに真になります。他の全員が持っているコピーではなく、そのプレイヤー自身のキャラクターということです。
My ID,自分の ID
This peer's own id. The host is always 1; everyone else gets a number when they join.,このピア自身の id。ホストは常に 1 で、それ以外は参加したときに番号をもらいます。
MyID,自分のID
Host A Game,ゲームをホストする
Opens this game to other players and makes this peer the host - the one whose answers everybody else takes as true. Nobody is connected yet; On player joined tells you when somebody is.,このゲームを他のプレイヤーに開き、このピアをホストにします。ホストの答えを全員が正しいものとして扱います。この時点ではまだ誰も接続していません。誰かが入ってきたら「プレイヤー参加時」が知らせます。
Host a game on port {port} for up to {max_players} players,ポート {port} で最大 {max_players} 人のゲームをホストする
Port,ポート
The port players connect to. Anything from 1024 to 65535 is yours to pick; both sides must use the same number.,プレイヤーが接続してくるポート。1024 から 65535 までなら自由に選べます。両側で同じ番号を使う必要があります。
Players,プレイヤー数
"How many peers may connect. The host is not one of them, so 4 here means the host plus four others.",接続できるピアの数。ホストはこの数に含まれないので、4 ならホスト＋4 人です。
Using,通信方式
How the game talks over the network. ENet unless the game runs in a browser.,ゲームがネットワークでやり取りする方法。ブラウザで動かすのでなければ ENet です。
ENet - desktop and mobile,ENet - デスクトップとモバイル
WebSocket - also works in a browser,WebSocket - ブラウザでも動く
"WebRTC - browser, peer to peer",WebRTC - ブラウザ、ピアツーピア
Join A Game,ゲームに参加する
Asks a host to let this peer in. The answer arrives later as On joined the host or On join failed - nothing is connected the moment this row runs.,ホストにこのピアを入れてもらうよう頼みます。答えはあとから「ホストに参加したとき」または「参加に失敗したとき」として届きます。この行が走った時点ではまだ何も接続されていません。
Join a game at {address} port {port},{address} のポート {port} のゲームに参加する
Address,アドレス
"Where the host is. 127.0.0.1 is this same machine; on a home network it is the host's local address, and over the internet it is whatever address the host published.",ホストの場所。127.0.0.1 は同じマシン、家庭内ネットワークならホストのローカルアドレス、インターネット越しならホストが公開したアドレスです。
The port the host opened. It has to be the same number the host used.,ホストが開いたポート。ホストが使った番号と同じである必要があります。
How the game talks over the network. It has to match what the host is using.,ゲームがネットワークでやり取りする方法。ホストが使っているものと一致させる必要があります。
Leave The Game,ゲームを抜ける
"Drops this peer's connection and puts the game back to single player. On the host this ends the game for everybody, because there is nobody left to answer them.",このピアの接続を切り、ゲームをシングルプレイヤーに戻します。ホストで実行すると、答える相手がいなくなるため全員のゲームが終わります。
Leave the game,ゲームを抜ける
Spawn,生成
Makes one copy of a scene on the host and on every peer at once. Only the host may call it; everybody else receives the copy.,ホストとすべてのピアで同時にシーンのコピーを 1 つ作ります。呼び出せるのはホストだけで、ほかの全員はコピーを受け取ります。
Spawn {data},{data} を生成する
Spawner,スポーナー
"The MultiplayerSpawner that makes the copies. It decides which scene, and where in the tree it goes.",コピーを作る MultiplayerSpawner。どのシーンを、ツリーのどこに置くかを決めます。
What to send,送る内容
"What the spawner is told to make. A plain value when the spawner has a spawn function to read it, or nothing at all when its scene list is enough.",スポーナーに何を作らせるか。スポーナーがそれを読むスポーン関数を持つなら単純な値を、シーンの一覧だけで足りるなら何も指定しません。
Kick Player,プレイヤーを追い出す
Drops one player's connection from the host. Only the host may do it - a client that wants somebody kicked sends the host a message and lets it decide.,ホストから 1 人のプレイヤーの接続を切ります。できるのはホストだけです。誰かを追い出したいクライアントは、ホストにメッセージを送って判断を委ねます。
Kick player {id},プレイヤー {id} を追い出す
Player,プレイヤー
"The peer id to drop. On player left then runs on everybody, the dropped peer included.",切断するピアの id。そのあと「プレイヤー退出時」が、追い出されたピアも含めて全員で走ります。
Stop Accepting Players,プレイヤーの受け入れをやめる
"Closes the lobby without ending the game: everybody already in stays, and nobody else gets in. Run it when the match starts, or when the last seat is taken.",ゲームを終わらせずにロビーを閉じます。すでに入っている人はそのままで、これ以上は誰も入れません。試合が始まったときや、最後の席が埋まったときに実行します。
Stop accepting players,プレイヤーの受け入れをやめる
Relay Messages Between Players,プレイヤー間のメッセージを中継する
"Whether the host forwards messages between clients. Off is the safer setting for a game where the host decides what is true, because then no client can talk to another behind its back.",ホストがクライアント同士のメッセージを転送するかどうか。ホストが何を正しいとするか決めるゲームでは、オフのほうが安全です。クライアントが裏で別のクライアントと話せなくなるからです。
Relay messages between players {on},プレイヤー間のメッセージの中継を {on} にする
Relay,中継
"On, the host passes a message from one client on to another. Off, a client can only reach the host.",オンにすると、ホストがあるクライアントのメッセージを別のクライアントへ渡します。オフだと、クライアントはホストにしか届きません。
Accept Player,プレイヤーを受け入れる
"Finishes the handshake for one peer: it counts as joined, and On player joined runs. A peer that is never accepted or rejected simply waits, so every handshake needs one of the two.",1 つのピアの握手を完了します。参加したものとして扱われ、「プレイヤー参加時」が走ります。受け入れも拒否もされないピアはただ待ち続けるので、どの握手にもどちらか一方が必要です。
Accept player {id},プレイヤー {id} を受け入れる
The peer whose handshake is finished - the id On player authenticating gave you.,握手を完了するピア。「プレイヤー認証中」が渡してくれた id です。
Reject Player,プレイヤーを拒否する
Turns away a peer that did not prove who it is. That peer sees On join failed; nobody else in the game hears about it.,自分が誰かを証明できなかったピアを追い返します。そのピアには「参加に失敗したとき」が届き、ゲーム内のほかの誰にも伝わりません。
Reject player {id},プレイヤー {id} を拒否する
"The peer to turn away. It never counted as joined, so On player left does not run for it.",追い返すピア。参加したことにはなっていないので、「プレイヤー退出時」はこのピアには走りません。
Send Auth,認証データを送る
"Sends the bytes one side of the handshake wants the other to check - a password, a token, a version number. They travel before the peer counts as joined, which is why this is not an ordinary message.",握手の一方が相手に確認してほしいバイト列を送ります。パスワード、トークン、バージョン番号など。ピアが参加したものとして扱われる前にやり取りされるため、これは通常のメッセージではありません。
Send auth {data} to player {id},認証データ {data} をプレイヤー {id} に送る
Who to send it to. A client answering the host sends to 1.,送り先。ホストに答えるクライアントは 1 に送ります。
Data,データ
"The bytes to send. var_to_bytes(...) turns a value into them, and bytes_to_var(...) reads them back on the other side.",送るバイト列。var_to_bytes(...) が値からバイト列を作り、受け取った側は bytes_to_var(...) で読み戻します。
Give To Player,プレイヤーに渡す
"Hands one object to one player: from then on that peer is the one allowed to move it, and Owns this object is true only there. Run it on every peer - a host that decides alone leaves the others disagreeing about who owns what.",オブジェクトを 1 人のプレイヤーに渡します。それ以降はそのピアだけが動かせるようになり、「このオブジェクトを所有している」もそこでのみ真になります。すべてのピアで実行してください。ホストだけで決めると、誰が何を所有しているかで食い違いが残ります。
Give {target} to player {id},{target} をプレイヤー {id} に渡す
The node whose owner changes. Its children follow it unless one was given an owner of its own.,所有者が変わるノード。子ノードも一緒に移りますが、個別に所有者を与えられた子は例外です。
The peer that may now move and change it. Everybody else keeps a copy they may only read.,これ以降それを動かして変更してよいピア。ほかの全員は読むだけのコピーを持ちます。
Is Connected,接続している
"True once this peer is really in a game - hosting one, or accepted by a host. It stays false while a join is still being answered, which is the moment a lobby screen has to keep waiting.",このピアが本当にゲームの中にいると真になります。自分がホストしているか、ホストに受け入れられた状態です。参加の返事待ちのあいだは偽のままで、ロビー画面が待ち続けるのはまさにその瞬間です。
Is connected,接続している
Started As,起動時のタグ
"True when this build carries the named export tag, so one project can host itself, join itself, or run headless as a server. A real server build gets its tag from the Dedicated Server export preset and is run with --headless.",このビルドが指定した書き出しタグを持つときに真になります。1 つのプロジェクトが自分をホストしたり、自分に参加したり、ヘッドレスのサーバーとして動いたりできます。本物のサーバービルドは Dedicated Server の書き出しプリセットからタグを受け取り、--headless で起動します。
Started as {tag},{tag} として起動している
Tag,タグ
The feature tag this build was exported with. host and client are tags you add to two presets yourself; dedicated_server is the one Godot's own server preset sets.,このビルドを書き出したときの機能タグ。host と client は自分で 2 つのプリセットに付けるタグで、dedicated_server は Godot 自身のサーバープリセットが付けます。
"The ids of every OTHER peer in the game, as a list. This peer is not in it - My ID is that one.",ゲーム内のほかのピアすべての id をリストで返します。このピア自身は含まれません。それは「自分の ID」です。
Player Count,プレイヤー数
How many other peers are in the game. Add one for this peer when the number a player reads should include them.,ゲームにいるほかのピアの数。プレイヤーに見せる数に自分自身も含めたいときは 1 を足してください。
Player count,プレイヤー数
Sender,送信者
"Inside a message, the id of the peer that sent it - the one thing a message cannot lie about, so check it before trusting what it asked for. It is 0 anywhere else.",メッセージの中で、それを送ってきたピアの id。メッセージが唯一ごまかせない情報なので、要求を信じる前にこれを確認してください。それ以外の場所では 0 です。
Owner Of,所有者
"The id of the peer that owns an object - the one allowed to move it. It is 1 until somebody gives it away, because the host owns everything to begin with.",オブジェクトを所有しているピアの id。動かしてよい側です。誰かが譲るまでは 1 で、最初はすべてホストのものだからです。
Owner of {target},{target} の所有者
The node to ask about. Its owner is the peer allowed to move and change it.,問い合わせる対象のノード。その所有者が、それを動かして変更してよいピアです。
On Player Joined,プレイヤー参加時
"Runs when another peer connects - on the host, and on every peer already in the game. The host is the one that hands out what a new player needs.",別のピアが接続したときに走ります。ホストでも、すでにゲームにいるすべてのピアでも走ります。新しいプレイヤーに必要なものを配るのはホストの役目です。
On player joined {id},プレイヤー {id} が参加したとき
The id of the peer that just joined. Whatever a new player needs is sent to this id.,いま参加したピアの id。新しいプレイヤーに必要なものは、この id 宛てに送ります。
On Player Left,プレイヤー退出時
"Runs when a peer disconnects, however it went - quit, crash or lost connection. Clean up whatever belonged to that player here.",ピアの接続が切れたときに走ります。終了、クラッシュ、回線切断のいずれでも同じです。そのプレイヤーのものだったものは、ここで片づけます。
On player left {id},プレイヤー {id} が退出したとき
"The id of the peer that just left. It is already gone, so nothing can be sent to it.",いま退出したピアの id。すでにいないので、何も送ることはできません。
On Joined The Host,ホストに参加したとき
Runs on the joining peer once the host has accepted it. This is where a lobby screen gives way to the game.,参加する側のピアで、ホストに受け入れられた時点で走ります。ロビー画面からゲームへ切り替えるのはここです。
On joined the host,ホストに参加したとき
On Join Failed,参加に失敗したとき
"Runs on the joining peer when the host never answered or refused it - the wrong address, the wrong port, or a game that is not accepting players.",参加しようとしたピアで、ホストが答えなかったか拒否したときに走ります。アドレス違い、ポート違い、あるいはプレイヤーを受け入れていないゲームです。
On join failed,参加に失敗したとき
On The Host Left,ホストが去ったとき
Runs on every remaining peer when the host goes away. The game is over for them: send them back to the menu here.,ホストがいなくなったとき、残っているすべてのピアで走ります。その人たちにとってゲームは終わりです。ここでメニューに戻します。
On the host left,ホストが去ったとき
On Player Authenticating,プレイヤー認証中
Runs on the host while a peer is still proving who it is - before On player joined. Answer it with Accept player or Reject player; the bytes the peer sent arrive through the auth callback.,ピアがまだ自分の身元を証明している最中、ホストで走ります。「プレイヤー参加時」より前です。「プレイヤーを受け入れる」か「プレイヤーを拒否する」で答えてください。ピアが送ってきたバイト列は認証コールバックで届きます。
On player authenticating {id},プレイヤー {id} の認証中
The id of the peer that is trying to join. It is not in the game yet.,参加しようとしているピアの id。まだゲームには入っていません。
On Authentication Failed,認証に失敗したとき
"Runs when a peer never proved who it was - the wrong answer, or nobody answered in time. The peer is dropped; this is where the reason is shown.",ピアが自分の身元を証明できなかったときに走ります。答えが違ったか、時間内に誰も答えなかった場合です。そのピアは切断され、理由を見せるのはここです。
On authentication failed {id},プレイヤー {id} の認証に失敗したとき
The id of the peer whose handshake did not finish.,握手が完了しなかったピアの id。
Spawn A Scene,シーンを生成する
"Makes one copy of a scene on the host and on every peer at once. Only the host may run it, and everybody else receives the copy from the spawner - which is why the scene has to be in that spawner's list.",ホストとすべてのピアで同時にシーンのコピーを 1 つ作ります。実行できるのはホストだけで、ほかの全員はスポーナーからコピーを受け取ります。だからそのシーンはスポーナーの一覧に入っている必要があります。
Spawn {scene} named {name} at {at},{scene} を {name} という名前で {at} に生成する
The MultiplayerSpawner that watches for the copy: it carries the list of scenes and the path a copy goes under.,コピーを見張る MultiplayerSpawner。シーンの一覧と、コピーが置かれるパスを持っています。
"The scene to make, from the spawner's own list of the scenes it may spawn. One that is not in the list yet is added to it when this row is applied.",作るシーン。そのスポーナーが生成してよいシーンの一覧から選びます。まだ一覧にないものは、この行を適用したときに追加されます。
"What to call the copy. Naming it after the player's id is the usual choice, because that is what lets the copy make that player its owner.",コピーに付ける名前。プレイヤーの id を名前にするのが定番で、そうすることでコピーがそのプレイヤーを所有者にできます。
"Where to put it - a point for a 2D scene, a Vector3 for a 3D one. It is set before the copy joins the tree, so it never shows up at the origin first.",どこに置くか。2D シーンなら座標、3D シーンなら Vector3 です。コピーがツリーに入る前に設定されるので、いったん原点に現れることはありません。
Despawn,消す
"Takes this copy out of the game everywhere. Run it on the peer that owns the object: the spawner that made it sees it go and removes it on every other peer, so nothing has to be sent by hand.",このコピーをすべての場所からゲームの外に出します。オブジェクトを所有しているピアで実行してください。作ったスポーナーがそれを見て、ほかのすべてのピアからも取り除くので、手で送るものはありません。
Show To Player,プレイヤーに見せる
"Lets one player see what this synchronizer keeps in step. Visibility is decided per peer, so a game can keep a hand of cards, a scouted unit or a room nobody else is in away from everybody but the player it belongs to.",このシンクロナイザーが同期している内容を、1 人のプレイヤーに見せます。可視性はピアごとに決まるので、手札や偵察した部隊、誰もいない部屋などを、持ち主のプレイヤー以外には見せずにおけます。
Show to player {id},プレイヤー {id} に見せる
The peer that may see it from now on. It starts receiving whatever this synchronizer keeps in step.,これ以降それを見てよいピア。このシンクロナイザーが同期している内容が届くようになります。
Hide From Player,プレイヤーから隠す
"Stops sending one player anything this synchronizer keeps in step. The node is not deleted on that peer, it simply stops arriving - so a value they were never meant to see cannot be read out of the packets either.",このシンクロナイザーが同期している内容を、1 人のプレイヤーに送るのをやめます。そのピアでノードが削除されるわけではなく、届かなくなるだけです。見せるつもりのなかった値をパケットから読み取られることもありません。
Hide from player {id},プレイヤー {id} から隠す
The peer that stops seeing it. Nothing is sent to them for this node until it is shown again.,それが見えなくなるピア。ふたたび見せるまで、このノードに関しては何も送られません。
Show To Everyone,全員に見せる
"Puts this synchronizer back to being seen by every player, whatever was shown or hidden per peer before. That is the setting it starts on, so this row is how hiding is undone rather than something a game has to say first.",このシンクロナイザーを、ピアごとの表示・非表示にかかわらず、全員に見える状態へ戻します。もともとその設定で始まるので、この行は非表示を取り消すためのもので、最初に書いておく必要のあるものではありません。
Show to everyone,全員に見せる
Ask A Function Who May See It,誰に見せるかを関数に決めさせる
"Hands the who-may-see-it question to a function instead of answering it player by player. It is asked again as players come and go, so a rule like same room or same team keeps itself true with no row saying so.",誰に見せるかという問いを、プレイヤーごとに答える代わりに関数へ委ねます。プレイヤーの出入りに合わせて何度でも問い直されるので、同じ部屋・同じチームといった規則が、行を書かなくても自動的に保たれます。
Ask {filter} who may see it,{filter} に誰が見てよいかを尋ねる
"The function that answers. It is handed one player's id and returns true when that player may see this node - a function of this sheet, named without its brackets.",答える関数。プレイヤーの id を 1 つ渡され、そのプレイヤーがこのノードを見てよいときに true を返します。この事件表の関数を、かっこなしの名前で指定します。
On Spawned,生成されたとき
"Runs on every peer the moment this spawner makes a copy, the host included. It is where a copy is joined up to the rest of the game: a name added to a scoreboard, a camera pointed at it.",このスポーナーがコピーを作った瞬間、ホストを含むすべてのピアで走ります。コピーをゲームの他の部分につなぐ場所です。スコアボードに名前を足したり、カメラを向けたり。
On spawned {node},{node} が生成されたとき
"The copy that has just been made - the same node, on every peer that got it.",いま作られたコピー。受け取ったすべてのピアで同じノードです。
On Despawned,消えたとき
"Runs on every peer as this spawner takes a copy away, whether its owner despawned it or the player it belonged to left the game. Clean up whatever was pointing at that copy here.",このスポーナーがコピーを取り除いていくあいだ、すべてのピアで走ります。所有者が消した場合でも、持ち主のプレイヤーがゲームを抜けた場合でも同じです。そのコピーを指していたものは、ここで片づけます。
On despawned {node},{node} が消えたとき
"The copy that is going away. It is still in the tree while this runs, so it can still be asked what it was.",いなくなるコピー。これが走っているあいだはまだツリーにいるので、何だったのかを尋ねることができます。
On Synchronized,同期を受け取ったとき
Runs on a peer that has just been sent new values for the properties this synchronizer keeps in step. Right for anything that has to answer a value that ARRIVED rather than one this peer changed itself.,このシンクロナイザーが同期しているプロパティに、新しい値が送られてきたピアで走ります。自分で変えた値ではなく、届いた値に反応させたいものはここに置きます。
On synchronized,同期を受け取ったとき
Set Brightness,明るさを設定
"How bright the light is, as a fraction: 0.5 is half, 2.0 is double. Writes `Light2D.energy`.",ライトの明るさを倍率で表します。0.5 で半分、2.0 で 2 倍です。`Light2D.energy` に書き込みます。
Set brightness to {value},明るさを {value} にする
Brightness,明るさ
"How bright the light is, as a fraction: 0.5 is half, 2.0 is double.",ライトの明るさを倍率で表します。0.5 で半分、2.0 で 2 倍です。
Reads brightness back: `Light2D.energy`. Use it in any value field.,明るさを読み取ります: `Light2D.energy`。どの値の欄でも使えます。
brightness,明るさ
Fade Brightness,明るさをフェードさせる
"Walks brightness to a new value over time instead of jumping to it - one tween, no state to keep. Writes `Light2D.energy`.",明るさを一気に変えるのではなく、時間をかけて新しい値まで運びます。トゥイーン 1 つで、覚えておく状態はありません。`Light2D.energy` に書き込みます。
Fade to {value} over {seconds} s,{seconds} 秒かけて {value} にする
The light to fade. Leave it as self to fade the light this sheet is on.,フェードさせるライト。self のままにすると、この事件表が付いているライトが対象になります。
The brightness to arrive at.,たどり着く明るさ。
How long the fade takes.,フェードにかける時間。
"How bright the light is, as a fraction: 0.5 is half, 2.0 is double. Writes `Light3D.light_energy`.",ライトの明るさを倍率で表します。0.5 で半分、2.0 で 2 倍です。`Light3D.light_energy` に書き込みます。
Reads brightness back: `Light3D.light_energy`. Use it in any value field.,明るさを読み取ります: `Light3D.light_energy`。どの値の欄でも使えます。
"Walks brightness to a new value over time instead of jumping to it - one tween, no state to keep. Writes `Light3D.light_energy`.",明るさを一気に変えるのではなく、時間をかけて新しい値まで運びます。トゥイーン 1 つで、覚えておく状態はありません。`Light3D.light_energy` に書き込みます。
Set Colour,色を設定
The colour the light casts. Writes `Light2D.color`.,ライトが放つ色。`Light2D.color` に書き込みます。
Set colour to {value},色を {value} にする
The colour the light casts.,ライトが放つ色。
Reads the light's colour back: `Light2D.color`. Use it in any value field.,ライトの色を読み取ります: `Light2D.color`。どの値の欄でも使えます。
The colour the light casts. Writes `Light3D.light_color`.,ライトが放つ色。`Light3D.light_color` に書き込みます。
Reads the light's colour back: `Light3D.light_color`. Use it in any value field.,ライトの色を読み取ります: `Light3D.light_color`。どの値の欄でも使えます。
Set Reach,届く範囲を設定
"How far the light gets: a scale for a 2D light's texture, metres for a 3D one. Writes `PointLight2D.texture_scale`.",光がどこまで届くか。2D ライトではテクスチャの倍率、3D ライトではメートルです。`PointLight2D.texture_scale` に書き込みます。
Set reach to {value},届く範囲を {value} にする
"How far the light gets: a scale for a 2D light's texture, metres for a 3D one.",光がどこまで届くか。2D ライトではテクスチャの倍率、3D ライトではメートルです。
Reads reach back: `PointLight2D.texture_scale`. Use it in any value field.,届く範囲を読み取ります: `PointLight2D.texture_scale`。どの値の欄でも使えます。
"How far the light gets: a scale for a 2D light's texture, metres for a 3D one. Writes `OmniLight3D.omni_range`.",光がどこまで届くか。2D ライトではテクスチャの倍率、3D ライトではメートルです。`OmniLight3D.omni_range` に書き込みます。
Reads reach back: `OmniLight3D.omni_range`. Use it in any value field.,届く範囲を読み取ります: `OmniLight3D.omni_range`。どの値の欄でも使えます。
"How far the light gets: a scale for a 2D light's texture, metres for a 3D one. Writes `SpotLight3D.spot_range`.",光がどこまで届くか。2D ライトではテクスチャの倍率、3D ライトではメートルです。`SpotLight3D.spot_range` に書き込みます。
Reads reach back: `SpotLight3D.spot_range`. Use it in any value field.,届く範囲を読み取ります: `SpotLight3D.spot_range`。どの値の欄でも使えます。
Set Cone Angle,コーンの角度を設定
"How wide the spot's cone opens, in degrees from its centre line. Writes `SpotLight3D.spot_angle`.",スポットライトのコーンがどれだけ開くか。中心線からの角度 (度) です。`SpotLight3D.spot_angle` に書き込みます。
Set cone angle to {value},コーンの角度を {value} にする
Cone Angle,コーンの角度
"How wide the spot's cone opens, in degrees from its centre line.",スポットライトのコーンがどれだけ開くか。中心線からの角度 (度) です。
Reads cone angle back: `SpotLight3D.spot_angle`. Use it in any value field.,コーンの角度を読み取ります: `SpotLight3D.spot_angle`。どの値の欄でも使えます。
cone angle,コーンの角度
Turn On,点ける
"Whether the light is lit. A 2D light switches with `enabled`; a 3D light has no such property, so it switches with `visible`. Writes `Light2D.enabled`.",ライトが点いているかどうか。2D ライトは `enabled` で切り替えますが、3D ライトにはそのプロパティがないため `visible` で切り替えます。`Light2D.enabled` に書き込みます。
Turn on,点ける
Turn Off,消す
Turn off,消す
Is On,点いている
True while is on. Reads `Light2D.enabled`.,ライトが点いているあいだ真になります。`Light2D.enabled` を読みます。
Is on,点いている
"Whether the light is lit. A 2D light switches with `enabled`; a 3D light has no such property, so it switches with `visible`. Writes `Light3D.visible`.",ライトが点いているかどうか。2D ライトは `enabled` で切り替えますが、3D ライトにはそのプロパティがないため `visible` で切り替えます。`Light3D.visible` に書き込みます。
True while is on. Reads `Light3D.visible`.,ライトが点いているあいだ真になります。`Light3D.visible` を読みます。
Turn Shadows On,影を点ける
Whether the light casts shadows - the cheapest lighting switch there is. Writes `Light2D.shadow_enabled`.,ライトが影を落とすかどうか。ライティングの中でいちばん安上がりなスイッチです。`Light2D.shadow_enabled` に書き込みます。
Turn shadows on,影を点ける
Turn Shadows Off,影を消す
Turn shadows off,影を消す
Is Casting Shadows,影を落としている
True while is casting shadows. Reads `Light2D.shadow_enabled`.,ライトが影を落としているあいだ真になります。`Light2D.shadow_enabled` を読みます。
Is casting shadows,影を落としている
Whether the light casts shadows - the cheapest lighting switch there is. Writes `Light3D.shadow_enabled`.,ライトが影を落とすかどうか。ライティングの中でいちばん安上がりなスイッチです。`Light3D.shadow_enabled` に書き込みます。
True while is casting shadows. Reads `Light3D.shadow_enabled`.,ライトが影を落としているあいだ真になります。`Light3D.shadow_enabled` を読みます。
Set Darkness,暗さを設定
Darkens a whole 2D layer at once - the one row that makes a level read as night. Writes `CanvasModulate.color`; the row reads the colour back as how dark it makes the layer.,2D レイヤー全体を一度に暗くします。レベルを夜として読ませる、たった 1 行です。`CanvasModulate.color` に書き込み、その色をレイヤーをどれだけ暗くするかとして読み返します。
Set darkness to {value},暗さを {value} にする
Darkness,暗さ
"How dark the layer goes, and what colour the dark is. The row shows the percentage; the file keeps the colour.",レイヤーがどれだけ暗くなるか、そしてその暗さの色。行にはパーセントが出ますが、ファイルが持つのは色です。
Fade Darkness,暗さをフェードさせる
"Walks the layer's darkness to a new value over time instead of jumping to it - one tween, no state to keep. Dusk, a cave mouth closing, a light going out.",レイヤーの暗さを一気に変えるのではなく、時間をかけて新しい値まで運びます。トゥイーン 1 つで、覚えておく状態はありません。夕暮れ、閉じていく洞窟の入口、消えていく明かり。
Fade darkness to {value} over {seconds} s,暗さを {seconds} 秒かけて {value} にする
The darkness to fade. Leave it as self to fade the CanvasModulate this sheet is on.,フェードさせる暗さ。self のままにすると、この事件表が付いている CanvasModulate が対象になります。
The darkness to arrive at.,たどり着く暗さ。
Turn Fog On,霧を出す
Switches the world's fog on - the one row that turns a clear day into a misty one. Writes `Environment.fog_enabled`.,ワールドの霧をオンにします。晴れた日を霧の日に変える、たった 1 行です。`Environment.fog_enabled` に書き込みます。
Turn fog on,霧を出す
Turn Fog Off,霧を消す
Switches the world's fog off again. Writes `Environment.fog_enabled`.,ワールドの霧をふたたびオフにします。`Environment.fog_enabled` に書き込みます。
Turn fog off,霧を消す
Turn Glow On,グローを出す
"Switches the world's glow on - what makes neon, fire and magic read as bright. Writes `Environment.glow_enabled`.",ワールドのグローをオンにします。ネオンや炎、魔法が明るく見えるのはこれのおかげです。`Environment.glow_enabled` に書き込みます。
Turn glow on,グローを出す
Turn Glow Off,グローを消す
Switches the world's glow off again - and gives the frames back. Writes `Environment.glow_enabled`.,ワールドのグローをふたたびオフにします。フレームレートも返ってきます。`Environment.glow_enabled` に書き込みます。
Turn glow off,グローを消す
Set Fog Thickness,霧の濃さを設定
Sets how thick the world's fog is. Ramp it up over time for a storm rolling in. Writes `Environment.fog_density`.,ワールドの霧の濃さを設定します。時間とともに上げていけば、嵐が近づいてくる感じになります。`Environment.fog_density` に書き込みます。
Thickness,濃さ
Set Ambient Light,環境光を設定
Sets how much light the scene has with no light shining on it - the floor under every other light. Writes `Environment.ambient_light_energy`.,どのライトにも照らされていないときにシーンが持つ明るさを設定します。ほかのすべての光の下限にあたります。`Environment.ambient_light_energy` に書き込みます。
Light,光
"How much light everything gets regardless of the lights, as a fraction.",ライトに関係なく全体が受け取る光の量を、倍率で表します。
Fade The Glow,グローをフェードさせる
"Walks the world's glow to a new strength over time - a boss room brightening, a spell fading out. One tween, no state to keep.",ワールドのグローの強さを、時間をかけて新しい値まで運びます。ボス部屋が明るくなる、呪文が消えていく。トゥイーン 1 つで、覚えておく状態はありません。
Fade the glow to {value} over {seconds} s,グローを {seconds} 秒かけて {value} にする
The WorldEnvironment to fade. Leave it as self to fade the one this sheet is on.,フェードさせる WorldEnvironment。self のままにすると、この事件表が付いているものが対象になります。
How much bright things bleed by the end. Around 1 is strong.,最終的に明るいものがどれだけにじむか。1 前後で強めです。
Make The Environment This Scene's Own,環境をこのシーン専用にする
"Gives this scene its own copy of the environment before anything changes it. Without it, every fog or glow row written at run time changes the shared `.tres` file, so the change follows the player into every other scene that loads it.",何かが環境を変える前に、このシーン専用のコピーを与えます。これがないと、実行時の霧やグローの行が共有の `.tres` ファイルを書き換え、その変更が同じファイルを読み込むほかのシーンにもプレイヤーについて回ります。
The WorldEnvironment to give its own copy. Leave it blank for this node.,自分のコピーを持たせる WorldEnvironment。このノードを対象にするなら空のままにします。
Set Light Energy (2D),光の強さを設定 (2D)
Sets how bright a 2D light is. The row shows the fraction as a percentage.,2D ライトの明るさを設定します。行では倍率をパーセントで表示します。
The 2D light to change.,変更する 2D ライト。
Energy,強さ
"How bright, as a fraction: 0.5 is half, 2.0 is double.",明るさを倍率で。0.5 で半分、2.0 で 2 倍です。
Set Light Colour (2D),光の色を設定 (2D)
Sets the colour a 2D light casts.,2D ライトが放つ色を設定します。
Set light colour to {colour},光の色を {colour} にする
Set Light On/Off,ライトのオン/オフを設定
"Switches a 2D light on or off. Different from hiding the node, which also hides its children.",2D ライトをオン・オフします。ノードを非表示にするのとは別です。非表示にすると子ノードも隠れます。
Set light {on},ライトを {on} にする
The 2D light to switch.,切り替える 2D ライト。
"Whether the light is lit. Off is different from hiding the node, which also hides its children.",ライトが点いているかどうか。オフにするのはノードを非表示にするのとは別で、非表示にすると子ノードも隠れます。
Set Shadows On/Off,影のオン/オフを設定
Turns a light's shadows on or off - the cheapest lighting switch there is.,ライトの影をオン・オフします。ライティングの中でいちばん安上がりなスイッチです。
Set shadows {on},影を {on} にする
The light to change.,変更するライト。
Whether the light casts shadows.,ライトが影を落とすかどうか。
Set Light Energy (3D),光の強さを設定 (3D)
Sets how bright a 3D light is. The row shows the fraction as a percentage.,3D ライトの明るさを設定します。行では倍率をパーセントで表示します。
The 3D light to change.,変更する 3D ライト。
Set Light Colour (3D),光の色を設定 (3D)
Sets the colour a 3D light casts - the one knob that turns midday into sunset.,3D ライトが放つ色を設定します。真昼を夕暮れに変える、唯一のつまみです。
Set Layer Tint,レイヤーの色味を設定
Tints a whole 2D layer at once - the one row that makes a level read as night.,2D レイヤー全体を一度に色付けします。レベルを夜として読ませる、たった 1 行です。
Set layer tint to {colour},レイヤーの色味を {colour} にする
Canvas modulate,CanvasModulate
The CanvasModulate node that tints the layer.,レイヤーを色付けする CanvasModulate ノード。
The tint laid over everything on the layer.,レイヤー上のすべてに重ねる色味。
Sets how much light a 3D scene has with no light shining on it.,どのライトにも照らされていないときに 3D シーンが持つ明るさを設定します。
World environment,WorldEnvironment
The WorldEnvironment node holding the environment.,環境を保持している WorldEnvironment ノード。
Set fog colour to {colour},霧の色を {colour} にする
"%s declares no dial called %s, so this row does nothing when the game runs.",%s には %s というダイヤルが宣言されていないため、この行はゲーム実行時に何もしません。
Picked %s.,%s を選びました。
"any material, name typed",任意のマテリアル、名前は手入力
built-in,組み込み
property,プロパティ
method,メソッド
parameter,パラメータ
enum value,列挙値
"Tab or Enter accepts, Escape keeps what you typed",Tab または Enter で確定、Escape で入力した内容を保持
Textures,テクスチャ
Make the effect this node's own,このノード専用のエフェクトにする
This node has its own material now - the dials stop here.,このノードは自分のマテリアルを持つようになりました - ダイヤルはここで止まります。
%s covers the screen with %s and every dial is still at rest - the whole screen redraws through the shader each frame for nothing. Hide it until an effect turns it on.,%s が %s で画面を覆っていますが、どのダイヤルもまだ静止しています - 画面全体が毎フレーム無駄にシェーダーを通して描き直されます。エフェクトが有効になるまで非表示にしてください。
"%s wears no material in the scene, so setting %s on it reaches through nothing - every effect row aimed at it does nothing. Give it a ShaderMaterial in the Inspector.",%s はシーンでマテリアルを持っていないため、%s を設定しても何にも届きません - このノードを狙うエフェクト行はすべて何もしません。インスペクターで ShaderMaterial を与えてください。
"%s is worn by %s as well, and a material is one object - every dial this row turns turns for them too. Give this node its own copy first.",%s は %s も身につけており、マテリアルは 1 つのオブジェクトです - この行が回すダイヤルは、それらでも回ります。まずこのノードに自分のコピーを与えてください。
"Project Settings > Shader Globals declares no %s, so every shader reading it sees zero however often this row runs. Declare it there.",プロジェクト設定 > Shader Globals に %s は宣言されていないため、この行が何度実行されても、それを読むシェーダーはすべてゼロを見ます。そこで宣言してください。
"Effects: %d scene(s) wearing a material, %d with something that will not show at run time.",エフェクト: マテリアルを持つシーン %d 件、そのうち実行時に表示されないものが %d 件。
kept inside this scene - nothing else wears it,このシーンの中に保持 - ほかに着ているものはありません
its own copy at runtime,実行時に自分のコピー
counting…,集計中…
worn by this node only,このノードだけが着用
shared with %d other node,他の %d 個のノードと共有
shared with %d other nodes,他の %d 個のノードと共有
a material of its own,自分専用のマテリアル
also worn by,ほかの着用
called by %s,%s から呼ばれています
"Hand-written code was not changed - check these, which call %s by that name: %s",手書きのコードは変更していません - その名前で %s を呼んでいる次のファイルを確認してください: %s
"Interop: %d script(s) of this project, %d measured, and %d%% of what they hold reads as rows. Installing the plugin changed nothing - a script is code until you open it as a sheet. The score gates nothing; it is there to watch the seam move.",Interop: このプロジェクトの %d 個のスクリプトのうち %d 個を測定し、その内容の %d%% が行として読めます。プラグインを入れても何も変わっていません - スクリプトはシートとして開くまでコードのままです。この数値は何も決めません。境目の動きを見るためのものです。
%s could hand %s to a shipped behaviour - open it and the row says what would change before anything does.,%s は %s を同梱の振る舞いに任せられます - 開けば、何が変わるかを変える前に行が教えてくれます。
"%s is marked to stay code: never offered anything, never counted, opened read-only.",%s は「コードのまま」と印が付いています: 何も提案せず、数にも入れず、読み取り専用で開きます。
"%s reads as rows: %d%% - %d function(s) opened, %d still code.",%s が行として読める割合: %d%% - %d 個の関数が開き、%d 個はコードのままです。
%d other script(s) call something it declares.,他の %d 個のスクリプトが、これが宣言しているものを呼んでいます。
"%s is marked to stay code - showing it as code, and leaving it alone.",%s は「コードのまま」と印が付いています - コードとして表示し、手を触れません。
no such method,そのメソッドはありません
"This object has no method called %s. It may be renamed, or reached some other way - pick the one you meant.",このオブジェクトに %s というメソッドはありません。名前が変わったか、別の方法で呼ばれているのかもしれません - 意図したものを選んでください。
Host A Game (Advanced),ゲームをホストする（詳細設定）
"Hosts with the network dials said out loud: how many channels messages travel down, and caps on what this peer receives and sends. ENet only - and the plain Host a game row is the one to reach for until a game needs these.",ネットワークの設定を明示してホストします: メッセージが通るチャンネル数と、このピアの送受信量の上限。ENet 専用です - ゲームが本当に必要とするまでは、シンプルな「ゲームをホストする」が適切です。
Host a game on port {port} for up to {max_players} players over {channels} channels,ポート {port} で最大 {max_players} 人・{channels} チャンネルでゲームをホスト
Channels,チャンネル数
How many independent lanes messages travel down. A big delivery on one lane no longer delays the quick messages on another; both sides should say the same number.,メッセージが通る独立レーンの数。あるレーンの大きな送信が、別のレーンの素早いメッセージを遅らせなくなります。両側で同じ数を指定してください。
Receive limit,受信上限
"The most this peer will receive, in bytes per second. 0 means unlimited, which is the usual pick.",このピアが受信する最大量（バイト/秒）。0 は無制限を意味し、それが通常の選択です。
Send limit,送信上限
"The most this peer will send, in bytes per second. 0 means unlimited; a cap keeps a busy host from flooding a thin connection.",このピアが送信する最大量（バイト/秒）。0 は無制限。上限を設ければ、忙しいホストが細い回線をあふれさせません。
Join A Game (Advanced),ゲームに参加する（詳細設定）
"Joins with the same dials the host set - the channel count has to match what the host opened. ENet only, and the plain Join a game row is the one to reach for until a game needs these.",ホストが設定したのと同じ値で参加します - チャンネル数はホストが開いた数と一致している必要があります。ENet 専用で、必要になるまではシンプルな「ゲームに参加する」が適切です。
Join a game at {address} port {port} over {channels} channels,{address} のポート {port} に {channels} チャンネルでゲームに参加
How many independent lanes messages travel down. Say the same number the host said.,メッセージが通る独立レーンの数。ホストと同じ数を指定してください。
"The most this peer will send, in bytes per second. 0 means unlimited.",このピアが送信する最大量（バイト/秒）。0 は無制限です。
Compress Network Traffic,ネットワーク通信を圧縮する
"Squeezes every packet this connection sends and unpacks what arrives. Both sides must pick the same codec, it only works on an ENet connection, and it is said after hosting or joining.",この接続が送るすべてのパケットを圧縮し、届いたものを展開します。両側が同じコーデックを選ぶ必要があり、ENet 接続でのみ機能し、ホストまたは参加のあとに指定します。
Compress network traffic {mode},ネットワーク通信を圧縮 {mode}
Connection,接続
The ENet connection to compress. The default reaches the one Host a game or Join a game installed.,圧縮する ENet 接続。既定では「ゲームをホストする」または「ゲームに参加する」が用意した接続に届きます。
Codec,コーデック
How the packets are squeezed. Both sides of the connection must pick the same one.,パケットの圧縮方式。接続の両側が同じものを選ぶ必要があります。
with range coder,レンジコーダーで
with FastLZ,FastLZ で
with zlib,zlib で
with Zstandard,Zstandard で
Send Raw Bytes,生のバイト列を送る
"Sends bytes straight through the connection - no message name, no arguments, nothing decoded for you. Messages are the right tool until a game is counting every byte; a game that sends these also has to read them itself.",接続にバイト列をそのまま流します - メッセージ名も引数もなく、何も復号されません。ゲームが 1 バイトまで数えるようになるまではメッセージが正しい道具です。これを送るゲームは、自分で読み取る必要もあります。
Send raw bytes {bytes},生のバイト列を送る {bytes}
Bytes,バイト列
Next Raw Packet,次の生パケット
"The next raw packet waiting on the connection, as bytes. Only a game that sends raw bytes itself has any business reading it - ordinary messages never arrive this way.",接続で待っている次の生パケット（バイト列）。読む理由があるのは、自分で生のバイト列を送るゲームだけです - 通常のメッセージがこの経路で届くことはありません。
Next raw packet,次の生パケット
"%s is looked up every frame and never moves. Remember it once, at ready time, and the row reads the same.",%s は毎フレーム検索されますが、決して動きません。準備完了時に一度だけ覚えれば、行の読み方は変わりません。
Remember it once,一度だけ覚える
"This looks at every object in the group, sixty times a second. Ask less often, or ask when something changes.",これはグループ内のすべてのオブジェクトを毎秒60回調べます。頻度を下げるか、何かが変わったときに調べましょう。
Re-check every %s s,%s 秒ごとに再確認
"Measuring a distance takes a square root every frame. Where you are only comparing it to a number, comparing the squared distances answers the same question for less.",距離の測定は毎フレーム平方根の計算を伴います。数値と比べるだけなら、二乗した距離を比べても答えは同じで、費用は安く済みます。
"%d turns of this loop happen in one frame. The Time Slicer behaviour spreads that work over several, on a budget you set.",このループは 1 フレームで %d 回まわります。Time Slicer ビヘイビアが、指定した予算に従ってその処理を複数フレームに分けます。
Add the Time Slicer…,Time Slicer を追加…
This makes a new copy every frame while another row frees one. The Object Pool behaviour hands out the same copies again instead.,こちらは毎フレーム新しいコピーを作り、別の行がそれを解放しています。Object Pool ビヘイビアなら同じコピーを何度も渡し直します。
Add the Object Pool…,Object Pool を追加…
"The text is written every frame, even when it has not changed. Move this under the event that changes the value and it is written once per change.",テキストは変わっていなくても毎フレーム書き込まれています。値を変えるイベントの下に移せば、変わったときだけ書き込まれます。
Fixed - run the game with the profiler to see whether it helped.,修正しました。プロファイラ付きでゲームを実行して、効果があったか確認しましょう。
"Fixed - the last run never measured this row, so there is nothing to compare.",修正しました。直近の実行ではこの行が一度も計測されなかったため、比べるものがありません。
Fixed - it costs %.2f ms a fire now; there was no measurement before it to compare with.,修正しました。現在は 1 回あたり %.2f ms です。比較できる以前の計測はありません。
Fixed: %.2f -> %.2f ms a fire.,修正: 1 回あたり %.2f -> %.2f ms。
This did not help: %.2f -> %.2f ms a fire. Put it back?,効果はありませんでした: 1 回あたり %.2f -> %.2f ms。元に戻しますか？
This did not help: still %.2f ms a fire. Put it back?,効果はありませんでした: 1 回あたり %.2f ms のままです。元に戻しますか？
%s - run the game with the profiler to see what it saved.,%s - プロファイラ付きでゲームを実行して、どれだけ節約できたか確認しましょう。
Apply the safe fixes,安全な修正を適用
Put the fix back,修正を元に戻す
Remember the node once,ノードを一度だけ覚える
Ask less often,頻度を下げる
Optimise this row,この行を最適化
Optimise this sheet,このシートを最適化
Apply %d safe fixes,安全な修正を %d 件適用
WHAT CHANGES,変わるもの
Now,現在
Nothing in this sheet is spending a frame it did not have to. Run the game with the profiler and look again after the game has grown.,このシートには、無駄にフレームを使っているものはありません。プロファイラ付きでゲームを実行し、ゲームが大きくなったらまた見てください。
Nothing to do,することはありません
"The optimiser reads the sheet, not the run: a sheet with no per-frame work earns no findings, whether or not a game has ever been run.",オプティマイザは実行ではなくシートを読みます。毎フレームの処理がないシートは、ゲームを実行したかどうかにかかわらず指摘を受けません。
ONE AT A TIME,ひとつずつ
Finding,指摘
Why not in the batch,一括に入らない理由
Safe fixes · %d row(s),安全な修正 · %d 行
"Every ticked fix keeps the game behaving exactly as it does now - only the emitted code changes. They apply as ONE undo step. The ones below change WHEN something happens, so they are opened one at a time.",チェックした修正は、ゲームの振る舞いを今とまったく同じに保ちます。変わるのは出力されるコードだけで、取り消し 1 ステップとして適用されます。下のものは処理の「いつ」を変えるため、ひとつずつ開きます。
"%d row(s) optimised, as one undo step.",%d 行を最適化しました (取り消し 1 ステップ)。
Nothing was changed.,何も変更されませんでした。
"No profiled run has measured this row, so there is no number beside it yet.",この行を計測したプロファイル実行はまだないため、隣に数字はありません。
The last profiled run measured %.2f ms a fire here.,直近のプロファイル実行では、ここは 1 回あたり %.2f ms でした。
changes how often the row runs,行が実行される頻度が変わる
adds a behaviour to the scene,シーンにビヘイビアを追加する
"a decision about the game, not a line to rewrite",書き換える一行ではなく、ゲームについての判断
Safe fix,安全な修正
Changes the timing,タイミングが変わる
"The game behaves exactly as it does now - only the emitted line changes, and Ctrl+Z puts it back. The row keeps reading the way it reads.",ゲームの振る舞いは今とまったく同じです。変わるのは出力される行だけで、Ctrl+Z で元に戻ります。行の読み方も変わりません。
"This one changes WHEN the work happens, so it is applied on its own and its effect is measured on the next profiled run.",こちらは処理の「いつ」を変えるため、単独で適用し、その効果は次のプロファイル実行で計測します。
Jump to this row,この行へ移動
Watch %s,%s を監視
Costs In The Sheet,シート上のコスト
Run With Profiler,プロファイラ付きで実行
Clear Measured Costs,計測したコストを消去
Optimise This Sheet…,このシートを最適化…
⏱ Run with profiler,⏱ プロファイラ付きで実行
Put it back,元に戻す
Time Slicer,Time Slicer
Object Pool,Object Pool
"Why didn't this fire? Run the game first, then ask",なぜ実行されなかった？ まずゲームを実行してから聞いてください
There is nothing recorded to put back on this row.,この行には元に戻せる記録がありません。
"%s is declared and nothing uses it: no group runs in it, and no row goes to it.",%s は宣言されていますが、どこにも使われていません。この中で動くグループも、ここへ移る行もありません。
Rows go to %s and none of them ever leaves it. A player who reaches that mode is stuck in it.,%s へ移る行はありますが、そこから出る行がひとつもありません。このモードに入ったプレイヤーは出られません。
Name at least one mode.,モードを少なくとも 1 つ指定してください。
Edit modes,モードを編集
Edit modes…,モードを編集…
%d mode(s) declared - groups can now say which one they run in.,モードを %d 個宣言しました。グループはどのモードで動くかを言えるようになりました。
Every mode,すべてのモード
"These events run whatever the game is doing. Right for a pause menu's own rows, and for a game with no modes in it.",これらのイベントは、ゲームが何をしていても動きます。ポーズメニュー自身の行や、モードのないゲームに向いています。
These events run only while the game is in %s. Every row inside stops asking for itself.,これらのイベントは、ゲームが %s のあいだだけ動きます。中の行はそれぞれ自分で尋ねる必要がなくなります。
modes,モード
The events in this group run only while the game is in this mode - right-click the head to change it.,このグループのイベントは、ゲームがこのモードのあいだだけ動きます。ヘッダを右クリックで変更できます。
the %s mode,%s モード
Runs in,動くモード
Playing,プレイ中
Paused,一時停止
Modes,モード
Starts in,開始モード
Policy for,対象モード
Runs,動く
Stopped,止まる
Shown,表示
Hidden,非表示
no such animation,そのアニメーションはありません
This scene has no animation called %s. A misspelled name plays nothing and reports nothing - pick the one you meant.,このシーンには %s というアニメーションがありません。名前を間違えると何も再生されず、何も報告されません - 意図したものを選んでください。
the queue never comes,キューは決して来ません
%s s in,%s 秒地点
frame %d,フレーム %d
%s s into %s,%s の %s 秒地点
loop,ループ
%s s,%s 秒
%d more in %s,%s に他 %d 件
%d in %s,%s に %d 件
uses,使用
animations,アニメーション
%s is not an animation of this scene - the row plays nothing,%s はこのシーンのアニメーションではありません - この行は何も再生しません
%s loops - the queue never comes,%s はループします - キューは決して来ません
%s is inside %s (scaled %s) - its own 10 is the world's %s,%s は %s の中にあります（スケール %s） - 自身の 10 はワールドでは %s です
%s is mirrored by a negative scale - its shapes and raycasts flip with the art; flip the sprite instead,%s は負のスケールで反転しています - 形状とレイキャストも絵と一緒に反転します。代わりにスプライトを反転してください
"%s is scaled (%s, %s) and turned - it will shear; scale the art, not the collider","%s は (%s, %s) にスケールされ回転しています - せん断が起きます。コライダーではなく絵をスケールしてください"
New preset…,新しいプリセット…
"Copies the picked preset into a new file and opens it. An empty folder gets Low, Medium and High.",選んだプリセットを新しいファイルに複製して開きます。空のフォルダーには Low・Medium・High が作られます。
"%s has no binding on any device - nobody can press it. Bind it in Project Settings, or let a Controls page bind it.",%s はどのデバイスにも割り当てがありません - 誰も押せません。プロジェクト設定で割り当てるか、コントロールページに割り当てさせてください。
"%s says nothing about %s, so picking it leaves that where the last preset put it.",%s は %s について何も言っていないため、選んでも直前のプリセットが決めた値のまま残ります。
Nearest matches,近い候補
Recipes,レシピ
"Inserts the worked example from %s as real rows, ready to retune.",%s の実例を実際の行として挿入します。値は後から調整できます。
Insert rows,行を挿入
recipe,レシピ
"A worked example from %s, inserted as real rows - retune the values on the rows themselves.",%s の実例を実際の行として挿入したものです。値は行の上で直接調整してください。
This entry's fix (%s) is not wired yet.,この項目の修正 (%s) はまだ接続されていません。
Can't add a %s here - add the node by hand in the Scene dock.,ここに %s は追加できません。シーンドックで手動でノードを追加してください。
"Open the scene this sheet drives, then this entry can add the %s for you.",このシートが動かすシーンを開くと、この項目が %s を代わりに追加できます。
Added a %s to %s - Ctrl+Z takes it back.,%s を %s に追加しました。Ctrl+Z で取り消せます。
Open a sheet first - Tool is a per-sheet setting.,まずシートを開いてください。Tool はシートごとの設定です。
Tool is on - this sheet's rows can run inside the editor now.,Tool がオンになりました。このシートの行はエディター内で実行できます。
Pick Behavior here and the host verbs come off grey.,ここでビヘイビアを選ぶと、ホストの動詞のグレー表示が解除されます。
"Attach this sheet's script to a node of your scene (select the node, then the Attach Script button) and its triggers have a source.",このシートのスクリプトをシーンのノードにアタッチすると (ノードを選択してスクリプトをアタッチ)、トリガーに発生源ができます。
"%s already has a script - attach %s to a child node instead, from the Scene dock.",%s には既にスクリプトがあります。代わりにシーンドックから子ノードに %s をアタッチしてください。
Couldn't load %s to attach it.,%s を読み込めなかったため、アタッチできませんでした。
Attached %s to %s - its triggers listen to this scene now.,%s を %s にアタッチしました。トリガーはこのシーンを監視します。
"Inserted ""%s"" - retune the values on the rows themselves.",「%s」を挿入しました。値は行の上で直接調整してください。
"Couldn't insert ""%s"" here - open its guide page from the Manual instead.",「%s」をここに挿入できませんでした。代わりにマニュアルからガイドページを開いてください。
Runs only on a behavior sheet - it reads the behavior's host.,ビヘイビアシートでのみ動作します。ビヘイビアのホストを読み取るためです。
Make this a behavior sheet…,このシートをビヘイビアシートにする…
Runs only inside the editor - this sheet needs Tool switched on.,エディター内でのみ動作します。このシートは Tool をオンにする必要があります。
Switch Tool on for this sheet,このシートの Tool をオンにする
"Needs a %s in the scene, and there is none yet.",シーンに %s が必要ですが、まだありません。
Add a %s to the scene,%s をシーンに追加
"Listens to a %s, and this sheet is not attached to a scene yet.",%s を監視しますが、このシートはまだシーンにアタッチされていません。
Attach this sheet to a scene…,このシートをシーンにアタッチ…
Tip: a trigger of this sheet has not fired this run - right-click its row and Ask why.,ヒント: このシートのトリガーがこの実行で一度も発火していません。行を右クリックして「理由を聞く」を使ってください。
Tip: that run stuttered - Tools > Row Timings shows which rows the frames went to.,ヒント: 実行がカクつきました。ツール > 行タイミングで、どの行にフレームが使われたか分かります。
"The game ran, but this sheet never did - its script is not attached to anything in the scene you ran.",ゲームは動きましたが、このシートは一度も動きませんでした。スクリプトが実行したシーンのどこにもアタッチされていません。
"%s: %s. Each line below drafts a description out of the thing's own rows - accept it, edit it, or write your own.",%s: %s。下の各行は、その対象自身の行から説明を下書きします。受け入れる、編集する、または自分で書いてください。
"%s %s has no description, and its rows do not compose one - this is a line only you can write.",%s %s には説明がなく、その行からは下書きも作れません。この一行はあなたにしか書けません。
"%s %s has no description. Draft from its own rows: ""%s""","%s %s には説明がありません。自身の行からの下書き: ""%s"""
"%s still says ""%s"", but its rows no longer mention any of that. Fresh draft: ""%s""","%s はまだ ""%s"" と述べていますが、その行はもうそのどれにも触れていません。新しい下書き: ""%s"""
Descriptions: %d sheet(s) read of %d. Open the rest and the page will have them too.,説明: %d / %d シートを読みました。残りを開けば、このページにも入ります。
Errors,エラー
Warnings,警告
%d new since you last looked.,前回見てから %d 件が新しく増えました。
"Project Doctor: %d error(s), %d warning(s), %d note(s).",プロジェクト Doctor: エラー %d 件、警告 %d 件、メモ %d 件。
"This project has no export preset, so there is nothing to build a release from. Project > Export > Add makes one for the platform you are shipping to.",このプロジェクトにはエクスポートプリセットがないため、リリースをビルドする元がありません。プロジェクト > エクスポート > 追加 で、公開先のプラットフォーム用に 1 つ作れます。
"The game has no name of its own yet, so the window and the built file are both called after the project template. Project Settings > Application > Config > Name.",ゲームにまだ固有の名前がないため、ウィンドウもビルドされたファイルもプロジェクトテンプレートの名前のままです。プロジェクト設定 > アプリケーション > 構成 > 名前。
"The icon is still the engine's own, so the taskbar shows Godot's logo rather than the game's. Project Settings > Application > Config > Icon.",アイコンがまだエンジンのものなので、タスクバーにはゲームではなく Godot のロゴが出ます。プロジェクト設定 > アプリケーション > 構成 > アイコン。
%s writes to the console where an exported release build still runs it - first: %s.,%s は、エクスポートしたリリースビルドでも実行される場所でコンソールに書き出しています - 最初: %s。
%d more like it in this file.,このファイルには同じようなものがあと %d 件あります。
Log (Debug Builds Only) compiles the line out of a release game.,ログ (デバッグビルドのみ) を使うと、その行はリリース版から取り除かれます。
"%s is missing %d key(s) the game asks for, so a player reading it sees the raw key: %s.",%s にはゲームが求めるキーが %d 件不足しているため、プレイヤーには生のキーが見えます: %s。
%s costs %.2f ms of a frame in the last measured run - %d%% of the %.1f ms a 60 fps frame has.,%s は最後に計測した実行で 1 フレームあたり %.2f ms かかっています - 1 フレームの %d%% です (60 fps の 1 フレームは %.1f ms)。
"A save slot of this game holds %d value(s), written from %d script(s): %s. Anything not on this list is back to its starting value when a slot is loaded.",このゲームのセーブスロットには %d 個の値が入り、%d 個のスクリプトから書き込まれます: %s。この一覧にないものは、スロットを読み込むと初期値に戻ります。
%s and %d more,%s ほか %d 件
Go To Mode,モードへ移行
Moves the whole game into another mode and says so. Groups that run in a mode start and stop running by themselves; On entering and On leaving rows do the work of the moment itself.,ゲーム全体を別のモードへ移し、それを通知します。あるモードで動作するグループは自動的に開始・停止し、入るとき・出るときの行がその瞬間の処理を担当します。
Game State,ゲーム状態
Go to mode {mode},モード {mode} へ移行
Mode,モード
Which of this game's declared modes. The Edit modes dialog on the sheet head is where they are declared.,このゲームで宣言されたモードのどれか。宣言はシート見出しの「モードを編集」ダイアログで行います。
In Mode,モード中
"True while the game is in this mode. For a whole group of rows, say it once on the group instead - the group's own ""runs in"" word does this for every row inside it.",ゲームがこのモードにある間、真になります。行のグループ全体には、代わりにグループに一度だけ指定してください。グループの「実行モード」がその中のすべての行に対して同じことを行います。
In mode {mode},モード {mode} 中
Push Mode,モードを重ねる
"Goes to a mode REMEMBERING the one underneath - a menu opened over a pause that sits over playing. Go back returns to whatever was under this one, which is the escape-key bug solved in the vocabulary.",下にあるモードを覚えたまま別のモードへ移ります - プレイ中の上に重なった一時停止、その上に開いたメニュー。戻るはこの下にあったものへ帰ります。エスケープキーの不具合を語彙そのもので解決したものです。
Push mode {mode},モード {mode} を重ねる
Go Back,戻る
"Returns to the mode under this one - the menu closes onto the pause it opened over. With nothing pushed it does nothing at all, which is what makes it safe to bind to a key.",この下にあるモードへ戻ります - メニューは、その上に開いた一時停止の上へ閉じます。何も重なっていなければ何も起こらないため、キーに割り当てても安全です。
Go back,戻る
On Entering Mode,モードに入ったとき
"Runs the moment the game enters this mode. On leaving fires FIRST, always in that order, so the room is emptied before the next one is filled.",ゲームがこのモードに入った瞬間に実行されます。出るときが必ず先に発火し、その順序は常に一定です。次の部屋を満たす前に、前の部屋を空にするためです。
On entering {mode},{mode} に入ったとき
On Leaving Mode,モードを出たとき
"Runs the moment the game leaves this mode, before anything answering the mode it is entering. Fade the music down here and bring it back in the other one.",ゲームがこのモードを出た瞬間、入る側のモードに応答するものより先に実行されます。ここで音楽をフェードアウトし、もう一方で戻します。
On leaving {mode},{mode} を出たとき
Keep Between,範囲内に保つ
"Holds a value inside a range whatever else does to it - health that cannot pass its maximum, a volume that cannot go negative, a camera zoom with a floor and a ceiling. Written once here instead of two comparisons everywhere the value changes.",他で何が起きても、値を範囲の中に保ちます - 最大値を超えられない体力、負にならない音量、下限と上限を持つカメラズーム。値が変わるたびに二つの比較を書く代わりに、ここで一度書きます。
Keep [b]{var_name}[/b] between [i]{low}[/i] and [i]{high}[/i],[b]{var_name}[/b] を [i]{low}[/i] から [i]{high}[/i] の範囲に保つ
The value being kept in range.,範囲内に保たれる値です。
At least,下限
It never goes below this.,これより下がることはありません。
At most,上限
It never goes above this.,これより上がることはありません。
Move Toward (each tick),近づける（毎ティック）
"Eases a value toward another one - a camera zoom settling, a bar catching up, a colour fading. It closes a share of the gap every tick, so it slows as it arrives and never quite lands. That also means it moves further on a fast machine than a slow one: when the speed has to be the same everywhere, use Move Toward (smooth), which says the same thing per second.",値をもう一方の値へなめらかに近づけます - 落ち着いていくカメラズーム、追いつくバー、褪せていく色。毎ティックで差の一定割合を詰めるため、近づくほど遅くなり、完全には到達しません。つまり速いマシンほど大きく動きます。どこでも同じ速さにしたい場合は、同じことを毎秒で言う「近づける（なめらか）」を使ってください。
Move [b]{var_name}[/b] toward [i]{target}[/i] by [i]{weight}[/i] each tick,毎ティック [b]{var_name}[/b] を [i]{target}[/i] へ [i]{weight}[/i] 近づける
The value being eased.,近づけられる値です。
The value it heads for.,向かう先の値です。
Each tick,毎ティック
How much of the remaining gap it closes every tick. 0.1 is a tenth of the way.,毎ティックで残りの差をどれだけ詰めるか。0.1 は十分の一です。
Rescale,スケール変換
"Turns a number measured on one scale into the same number measured on another - health in points into a bar's 0 to 1, a temperature into a colour's position, a slider's percent into a volume. The maths nobody remembers, said as what it is for.",ある尺度で測った数値を、別の尺度で測った同じ数値に変換します - ポイント表示の体力をバーの 0 から 1 へ、温度を色の位置へ、スライダーの百分率を音量へ。誰も覚えていない計算を、その用途の言葉で言い表したものです。
Rescale [i]{amount}[/i] from [i]{in_low}[/i]..[i]{in_high}[/i] to [i]{out_low}[/i]..[i]{out_high}[/i] into [b]{into}[/b],[i]{amount}[/i] を [i]{in_low}[/i]..[i]{in_high}[/i] から [i]{out_low}[/i]..[i]{out_high}[/i] へ変換して [b]{into}[/b] に入れる
Where the rescaled number is put.,変換後の数値を入れる先です。
The number being rescaled.,変換される数値です。
What counts as empty in the number's own range.,その数値自身の範囲で「空」とみなす値です。
What counts as full in the number's own range.,その数値自身の範囲で「満」とみなす値です。
Into range,変換先の範囲
What empty becomes.,「空」が何になるか。
What full becomes.,「満」が何になるか。
Wrap Around,折り返す
"Sends a value round a loop instead of letting it run off the end - a heading that passes 360 and comes back at 0, an index that walks past the last item and back to the first, a clock. The low end is included and the high end is not, which is what makes 360 and 0 the same heading rather than two.",値を末端から外へ出さず、輪の上を回らせます - 360 を越えて 0 に戻る向き、最後の項目を越えて先頭に戻る添字、時計。下端は含み、上端は含みません。だからこそ 360 と 0 は二つではなく同じ向きになります。
Wrap [b]{var_name}[/b] around [i]{low}[/i]..[i]{high}[/i],[b]{var_name}[/b] を [i]{low}[/i]..[i]{high}[/i] で折り返す
The value being wrapped.,折り返される値です。
The low end it comes back to.,戻ってくる下端です。
The high end it goes past.,越えていく上端です。
Move Forward,前進する
"Moves a 2D node the way it is FACING, whatever way that happens to be - a ship under thrust, a bullet down its own barrel, a car along its bonnet. Turning the node turns the direction with it, which is what tells this apart from moving the world's way.",2D ノードを、それが向いている方向へ移動させます - 推力を受けた船、自分の銃身に沿って飛ぶ弾、ボンネットの向きに進む車。ノードを回すと方向も一緒に回ります。これが「世界の向きに動かす」との違いです。
Move [b]forward[/b] [i]{speed}[/i]/s · its own facing,[b]前方[/b]へ [i]{speed}[/i]/秒 移動 · 自分の向き
Pixels a second.,毎秒のピクセル数です。
Move (the world's way),移動（世界の向き）
"Moves a 2D node the way the SCREEN means, however the node is turned - drifting clouds, falling snow, a platform on rails. Rotating the node changes nothing about where it goes, which is what tells this apart from moving along its own facing.",ノードがどう回っていても、画面が意味する向きへ 2D ノードを移動させます - 流れる雲、降る雪、レール上の足場。ノードを回しても進む先は変わりません。これが「自分の向きに沿って動かす」との違いです。
Move [b]{direction}[/b] [i]{speed}[/i]/s · the world's way,[b]{direction}[/b] へ [i]{speed}[/i]/秒 移動 · 世界の向き
Which way the SCREEN means - it does not turn with the node.,画面が意味する向きです。ノードと一緒に回りません。
"Carries a 2D node round a point at a steady rate, keeping its distance - a moon round a planet, a door on its hinge, a satellite dish sweeping. The orbit everybody writes with sine and cosine, said as what it is. The node's own angle is not touched: turn it as well if it should face the way it travels.",2D ノードを、一定の速さで点のまわりに、距離を保ったまま回します - 惑星をめぐる月、蝶番の扉、掃引するパラボラアンテナ。誰もがサインとコサインで書く軌道を、そのままの名前で言い表したものです。ノード自身の角度は変えません。進む方向を向かせたいときは、あわせて回転させてください。
Turn around [i]{centre}[/i] at [b]{degrees_per_second}[/b]°/s,[i]{centre}[/i] のまわりを [b]{degrees_per_second}[/b]°/秒 で回る
"The place it goes round - a marker, another node's position, a point.",まわる中心となる場所です - 目印、別のノードの位置、ある点。
"Degrees a second, turning clockwise on screen; a negative number goes the other way.",毎秒の角度で、画面上では時計回りです。負の数は逆回りになります。
Face,向く
"Turns a 2D node toward a place at a top speed instead of snapping to it - the turret leading its target, the enemy that has to swing round before it can charge. It never overshoots, and it stops when it is looking the right way.",2D ノードを、ある場所へ瞬時に向けるのではなく、上限の速さで回して向かせます - 目標を追う砲塔、突進する前に向き直る必要のある敵。行き過ぎることはなく、正しい向きになった時点で止まります。
"Face [i]{target}[/i], max [b]{degrees_per_second}[/b]°/s",[i]{target}[/i] を向く、最大 [b]{degrees_per_second}[/b]°/秒
"The place to turn toward - a node's global position, or a point.",向く先の場所です - ノードのグローバル座標、またはある点。
Max degrees per second,最大の毎秒角度
The fastest it may turn. Make it huge to snap.,回転できる最大の速さです。非常に大きくすると瞬時に向きます。
Swing,振る
"Swings a 2D node round by an amount over a time and leaves it there - a door opening, a lever thrown, a drawbridge. It turns about the node's OWN origin, so where that origin sits is the hinge: move it to the door's edge in the editor and the door swings on its edge.",2D ノードを、ある時間をかけてある角度だけ振り、そこに残します - 開く扉、倒したレバー、跳ね橋。ノード自身の原点を中心に回るため、その原点の位置が蝶番になります。エディタで原点を扉の端へ動かせば、扉は端を軸に開きます。
Swing [b]{degrees}[/b]° over [i]{seconds}[/i] s,[i]{seconds}[/i] 秒かけて [b]{degrees}[/b]° 振る
How far it swings from where it is now.,いまの位置からどれだけ振るかです。
Over,所要時間
How long the swing takes.,振りにかかる時間です。
Queue Animation,アニメーションを予約
"Lines up an animation to play automatically when the current one ends - combo chains, or dropping back to idle after an attack, without a timer.",現在のアニメーションが終わったときに自動で再生されるアニメーションを予約します - コンボの連鎖や、攻撃のあと待機に戻る動きを、タイマーなしで。
queue animation {animation},アニメーション {animation} を予約
The clip to play once the current one finishes.,現在のクリップが終わったら再生するクリップです。
Set Current Animation,現在のアニメーションを設定
Switches which clip is current (assigning it starts it) - a direct set when you don't need Play's blend arguments.,どのクリップを現在のものにするかを切り替えます（代入すると再生も始まります）。再生のブレンド引数が不要なときの直接指定です。
set current animation to {animation},現在のアニメーションを {animation} にする
The clip to make current (assigning it also plays it).,現在のものにするクリップです（代入すると再生もされます）。
Has Animation,アニメーションを持つ
True when this player owns a clip by that name - guard a Play so a missing animation never errors.,このプレイヤーがその名前のクリップを持っているとき真になります。再生の前に置けば、存在しないアニメーションでエラーになりません。
has animation {animation},アニメーション {animation} を持つ
Clip name to check for.,確認するクリップ名です。
Play Then,再生してから
"Plays one animation and lines the next one up behind it - attack then idle, jump then fall. The waiting is the engine's own: the second starts the moment the first finishes, with no timer to keep in step. An animation that LOOPS never finishes, so a chain behind one never comes.",一つのアニメーションを再生し、その後ろに次を並べます - 攻撃のあと待機、ジャンプのあと落下。待つのはエンジン自身で、最初が終わった瞬間に二つ目が始まります。合わせておくタイマーは要りません。ループするアニメーションは決して終わらないため、その後ろの連鎖は来ません。
Play {animation} then {next},{animation} を再生してから {next}
The clip to play now.,いま再生するクリップです。
Then,そのあと
The clip that plays the moment the first one ends.,最初のクリップが終わった瞬間に再生されるクリップです。
Reached Marker,マーカーに到達
"True once a clip's play head has passed a named moment on its timeline - the frame the hit lands on, in the only form a keyframed animation has. Retiming the moment in the Animation panel moves it; the row does not change.",クリップの再生位置が、タイムライン上の名前付きの瞬間を通過したときに真になります - 攻撃が当たるコマを、キーフレームアニメーションが持ちうる唯一の形で表したものです。アニメーションパネルでその瞬間をずらせば一緒に動き、行のほうは変わりません。
{animation} has reached {marker},{animation} が {marker} に到達した
The clip whose timeline the moment lives on.,その瞬間が置かれているタイムラインを持つクリップです。
Marker,マーカー
The named moment on that clip's timeline.,そのクリップのタイムライン上にある、名前付きの瞬間です。
On Something Went Wrong,何かが失敗したとき
"Runs when a script error happens while the game is running - in a build a player is holding, not only in the editor. The report says what failed and where. Save it to a file, show a ""please send this"" dialog, or just skip the broken thing and keep playing.",ゲームの実行中にスクリプトのエラーが起きたときに実行されます - エディタの中だけでなく、プレイヤーの手元にあるビルドでも。レポートには何がどこで失敗したかが入ります。ファイルに保存する、「これを送ってください」というダイアログを出す、あるいは壊れた処理を飛ばして遊び続ける、どれでも構いません。
On something went wrong ([b]report[/b]),何かが失敗したとき（[b]report[/b]）
report,report
"What failed and where, as the engine said it - the message, the script and the line. Filled in for you when the trigger fires.",何がどこで失敗したかを、エンジンの言葉のまま - メッセージ、スクリプト、行番号。トリガーが発火したときに自動で入ります。
On The Frame Running Long,フレームが長引いたとき
"True on the ONE frame where the game has been over budget for the whole run you name, and quiet after that until a frame comes in under budget again. This is where a game turns its own effects down. Needs a per-frame trigger.",指定した回数のあいだ連続で予算を超えていた、その一フレームだけで真になり、その後は再び予算内のフレームが来るまで黙ります。ゲームが自分でエフェクトを落とす場所です。フレームごとのトリガーが必要です。
On the frame running long [b]{ms}[/b] ms for [b]{frames}[/b] frames,[b]{frames}[/b] フレーム連続で [b]{ms}[/b] ms を超えたとき
Over Milliseconds,超過ミリ秒
A frame longer than this counts as a long one. 16.6 is one frame at 60 FPS.,これより長いフレームを「長い」とみなします。16.6 は 60 FPS での一フレームです。
For Frames,連続フレーム数
How many long frames in a row before this fires. One hitch is not a problem; half a second of them is.,これが発火するまでに必要な、長いフレームの連続数です。一度のひっかかりは問題ではありませんが、半秒続けば問題です。
On The Frame Recovered,フレームが回復したとき
"True on the ONE frame where the game has run comfortably for the whole run you name, after having been over budget. This is where the effects go back on. It never fires before a long stretch has happened, so a game that started well hears nothing. Needs a per-frame trigger.",予算を超えていたあとで、指定した回数のあいだ連続で余裕をもって動いた、その一フレームだけで真になります。エフェクトを戻す場所です。長い区間が一度も起きていなければ決して発火しないため、最初から快調なゲームには何も届きません。フレームごとのトリガーが必要です。
On the frame recovered under [b]{ms}[/b] ms for [b]{frames}[/b] frames,[b]{frames}[/b] フレーム連続で [b]{ms}[/b] ms 未満に回復したとき
Under Milliseconds,未満ミリ秒
A frame shorter than this counts as calm. Keep it comfortably under the long threshold - the gap between the two is what stops the game flapping.,これより短いフレームを「落ち着いている」とみなします。長いフレームのしきい値より十分に下げてください。二つの差こそが、ゲームが上下にばたつくのを防ぎます。
How many calm frames in a row before this fires. Long enough that a lull in the action is not mistaken for a fix.,これが発火するまでに必要な、落ち着いたフレームの連続数です。アクションの小休止が改善と取り違えられない程度に長くしてください。
Draw In Front Of,手前に描く
"Puts this node one step in front of another in the drawing order, whatever that other node's order happens to be. Relative on purpose: move the pair around and they keep their order, where two hand-set numbers drift apart.",相手のノードの順序が何であれ、このノードを描画順で一段だけ手前に置きます。あえて相対にしています。二つをどこへ動かしても順序は保たれますが、手で設定した二つの数値はやがてずれていきます。
Rendering,描画
draw in front of {other},{other} の手前に描く
In front of,手前に置く相手
The node to draw over - this one takes its drawing order plus one.,その手前に描く相手のノードです。こちらはその描画順に 1 を足した値を取ります。
Show Only To,これにだけ見せる
"Limits which cameras draw this node: a camera only draws what its cull mask and the node's visibility layer share. The layer names are the project's own (Project Settings > Layer Names > 2D Render), which is how a minimap marker gets seen by the minimap and by nothing else.",どのカメラがこのノードを描くかを制限します。カメラは、自分のカリングマスクとノードの可視レイヤーが共通する部分だけを描きます。レイヤー名はプロジェクト自身のもの（プロジェクト設定 > レイヤー名 > 2D Render）で、ミニマップ用の目印がミニマップにだけ見えるのはこの仕組みです。
show only to {layers},{layers} にだけ見せる
Visible to,見せる相手
"The visibility layers that may see this node, by their project names.",このノードを見てよい可視レイヤーを、プロジェクトでの名前で指定します。
Is On Screen,画面内にある
"True while the node is inside what a camera is showing. It works through the engine's own VisibleOnScreenNotifier2D, and adds one to the node the first time the row is asked if the node has none - a plain child you can see in the scene, move, resize and keep.",カメラが映している範囲の中にノードがあるあいだ真になります。エンジン自身の VisibleOnScreenNotifier2D を使い、ノードがそれを持っていなければ、最初に問われたときに一つ追加します。シーン内で見え、移動もサイズ変更もでき、そのまま残せる普通の子ノードです。
is on screen,画面内にある
The node to ask about.,問い合わせる対象のノードです。
The child that was just added under this node. Filled in for you when the trigger fires.,このノードの下に今追加された子ノードです。トリガーが発火したときに自動で入ります。
The child that is leaving this node. Filled in for you when the trigger fires.,このノードから離れようとしている子ノードです。トリガーが発火したときに自動で入ります。
this run,今回の実行
no run yet,実行はまだありません
last run,前回の実行
"last run, %s",前回の実行、%s
Event %d,イベント %d
never fired,一度も実行されていません
fired %s time,%s 回実行
fired %s times,%s 回実行
%.2f ms each,1 回あたり %.2f ms
%.1f times a frame,1 コマあたり %.1f 回
Project View,プロジェクトビュー
Every sheet,すべてのシート
Runs as,実行対象
Events,イベント
Described,説明済み
Findings,指摘
"A name, a node, an animation, a mode…",名前、ノード、アニメーション、モード…
Find,検索
Find across every sheet,すべてのシートを検索
"A name is not one thing: written, read and compared are different facts about it, and the facet says which one you are hunting.",名前は一つの事実ではありません。書き込み、読み取り、比較はそれぞれ別の事実で、どれを探しているかはファセットが決めます。
Hits,ヒット
Your Game: the selected sheet's own page,あなたのゲーム: 選んだシート自身のページ
"This page is composed from the sheet every time you select it, so it cannot be out of date. Select a sheet above to read it.",このページは選ぶたびにシートから組み立てられるので、古くなることがありません。上でシートを選ぶと読めます。
%d of %d described,%d / %d 件に説明あり
Autoload sheet,オートロードシート
Behavior sheet,ビヘイビアシート
Test sheet,テストシート
"Node type %s, extending %s",ノード型 %s（%s を継承）
Sheet on %s,%s 上のシート
%s constant,%s 定数
"%s, exported",%s、エクスポート
"Interop: %d script(s) of this project, and none of them could be opened to measure. Installing the plugin changed nothing - a script is code until you open it as a sheet.",Interop: このプロジェクトの %d 個のスクリプトのうち、測定のために開けたものはありません。プラグインを入れても何も変わっていません - スクリプトはシートとして開くまでコードのままです。
%d more node(s) mirrored by a negative scale,負のスケールで反転しているノードが他に %d 件
%d more node(s) scaled unevenly and turned,不均一にスケールされて回転しているノードが他に %d 件
Not used anywhere in this project yet.,このプロジェクトではまだどこでも使われていません。
Used once in your project - open it.,プロジェクト内で1回使われています - 開く。
Used %d times in your project - open one.,プロジェクト内で %d 回使われています - 1つ開く。
Used %d times across %d sheets in your project - open one.,プロジェクト内で %d 回、%d 個のシートにわたって使われています - 1つ開く。
"Opens the guide section that teaches this, at the heading itself.",これを教えているガイドの節を、その見出しの位置で開きます。
Learn more,詳しく見る
Opens that sheet and selects the event.,そのシートを開き、イベントを選択します。
Could not open that sheet.,そのシートを開けませんでした。
Opened %s at the event that uses it.,%s を、それを使っているイベントの位置で開きました。
Shows in the manual,マニュアルに載る
Shows in the manual.,マニュアルに載ります。
The line this row writes.,この行が書き出す行。
Still to do,これからやること
Note,メモ
%d of %d read,%d / %d 読了
Your rows already use %d verb(s) this page teaches: %s (%s),あなたの行はこのページが教える動詞を既に %d 個使っています: %s (%s)
"Guides you already have, in the order that teaches them. Tick a page off as you read it - the ticks stay on this machine, in this project, and are never written into your game.",すでに手元にあるガイドを、学ぶ順に並べたものです。読んだページにチェックを付けてください - チェックはこのマシンのこのプロジェクトに残り、ゲームには書き込まれません。
No paths are declared. A path is a list in a documentation index - add a Learning paths section to your project's own index and it appears here.,"学習パスは宣言されていません。パスとはドキュメント索引の中の一覧です - プロジェクトの索引に ""Learning paths"" の節を書けばここに現れます。"
Opens this page.,このページを開きます。
"Ticks this page off, or takes the tick back. Kept on this machine only.",このページにチェックを付けます（もう一度押すと外れます）。このマシンにのみ残ります。
Mark read,読了にする
Read it now,今すぐ読む
Opens the page your rows point at.,あなたの行が指し示すページを開きます。
%d description(s) that say nothing,内容のない説明 %d 件
%d name(s) no verb answers to,対応する動詞がない名前 %d 件
%d verb(s) the changelog never mentions,変更履歴が一度も触れていない動詞 %d 件
%d verb(s) the guide does not list,ガイドに載っていない動詞 %d 件
"%d verb(s) undocumented, %d name(s) no verb answers to, %d description(s) that say nothing, %d verb(s) the changelog never mentions.",未記載の動詞 %d 件、対応する動詞がない名前 %d 件、内容のない説明 %d 件、変更履歴が一度も触れていない動詞 %d 件。
%s publishes %s and the guide never names it. A reader who searched the guide concluded it does not exist.,%s は %s を公開していますが、ガイドはそれに触れていません。ガイドを検索した読者は存在しないと判断します。
"%s shipped, but nothing in the changelog ever mentions %s. Write the line while you still remember what changed.",%s は出荷済みですが、変更履歴に %s の記載がありません。何が変わったか覚えているうちに書いてください。
"Docs: %d of %d guide(s) read, %d out of step.",ドキュメント: %d / %d 件のガイドを確認、%d 件がずれています。
"Docs: guides are checked in the editor, where the vocabulary is already loaded. Outside it the help bundle build prints the same report.",ドキュメント: ガイドは語彙が読み込まれているエディタ内で確認されます。エディタ外ではヘルプバンドルのビルドが同じ報告を出力します。
Draft: %s.,下書き: %s。
Takes %s.,引数: %s。
The %d worst are listed below.,下に重い順で %d 件を表示します。
"%s documents ""%s"" and no verb answers to it. Nearest that do: %s.",%s は「%s」を記載していますが、対応する動詞がありません。近いもの: %s。
"%s documents ""%s"" and no verb answers to it, nor anything near it.",%s は「%s」を記載していますが、対応する動詞も似た名前もありません。
"%s lists %s with nothing under ""what it does"". Draft: ""%s""",%s は %s を「何をするか」欄が空のまま載せています。下書き: 「%s」
Rewrite the project manual and refresh the search,プロジェクトマニュアルを書き直し、検索を更新する
"Writes the page each sheet writes about itself, then re-reads the Manual so the new pages are searchable.",各シートが自身について書くページを出力し、マニュアルを読み直して新しいページを検索できるようにします。
Harvest the engine's documentation,エンジンのドキュメントを取り込む
"Only when this version of Godot has not been harvested yet. Nothing is downloaded: the engine writes out every class and member it has, without their descriptions.",この Godot のバージョンをまだ取り込んでいない場合のみ。ダウンロードは行いません。エンジンは自身が持つすべてのクラスとメンバーを書き出しますが、説明文は含まれません。
Fetch the engine's reference text,エンジンのリファレンス本文を取得する
"The descriptions the harvest cannot write, because the engine keeps them inside the editor rather than in a file. This is the one chore that downloads anything: the class reference for this exact version of Godot, once, kept on this machine. It never runs on its own.",取り込みでは書き出せない説明文です。エンジンがそれをファイルではなくエディタの中に持っているためです。ここでダウンロードを行うのはこの作業だけです。この Godot バージョンのクラスリファレンスを一度だけ取得し、このマシンに保存します。自動で実行されることはありません。
Draft the descriptions nothing has written yet,まだ誰も書いていない説明の下書きを作る
Collected into one drafts file. Nothing is applied to a sheet or a guide - a draft stays a draft until you move it.,1 つの下書きファイルにまとめます。シートやガイドには何も適用されません。下書きは、あなたが移すまで下書きのままです。
Check coverage and drift,網羅状況とずれを確認する
Reports what the guides do not answer and where a shipped copy has drifted from the page it was copied from.,ガイドが答えていないことと、配布されたコピーが元のページからずれている箇所を報告します。
Export the Manual as a site,マニュアルをサイトとして書き出す
"The whole Manual as plain HTML files, with its search, that open in a browser with no server.",マニュアル全体を、検索付きのプレーンな HTML ファイルとして書き出します。サーバーなしでブラウザーから開けます。
Write out the translator's missing keys,翻訳者に渡す不足キーを書き出す
One spreadsheet of every key your game asks for that a catalog does not answer yet.,ゲームが求めているのに、まだどのカタログも答えていないキーをすべて並べた表です。
Spawn A Copy,コピーを生成
"Makes one copy of a scene, adds it under a parent and puts it where you say. The copy gets the name you choose, and every following row in this event can say that name - it is a real variable in the emitted code, not a lookup. Leave At as global_position to spawn where this node is, and Under as self to keep the copy under this one.",シーンのコピーを 1 つ作り、親の下に追加して指定した場所に置きます。コピーには選んだ名前が付き、このイベント内の以降の行はその名前を使えます。出力されるコード内の実際の変数であり、検索ではありません。このノードの位置に生成するなら 位置 を global_position のままにし、このノードの下に置くなら 親 を self のままにしてください。
"Spawn a copy of [b]{scene}[/b] as [b]{name}[/b] at {at}, under [i]{parent}[/i]",[b]{scene}[/b] のコピーを [b]{name}[/b] として {at} に、[i]{parent}[/i] の下に生成
"The scene to copy - one of this sheet's declared scenes by name, or a load() of a scene path.",コピーするシーン。このシートが宣言したシーンの名前、またはシーンパスの load() です。
"What to call the new copy. Following rows in this event say this name, and it is the variable name the emitted code uses.",新しいコピーの名前。このイベント内の以降の行がこの名前を使い、出力されるコードの変数名になります。
"Where the copy lands, as a position. Leave it as global_position to spawn where this node is.",コピーが着地する位置。global_position のままにすると、このノードの位置に生成されます。
Under,親
"The node the copy is added under. Leave it as self to add it under this one, or name a layer to keep spawns together.",コピーを追加する親ノード。self のままにするとこのノードの下に追加されます。レイヤーを指定すれば生成をまとめられます。
Spawn A Copy Safely,コピーを安全に生成
"The same spawn, added on the next idle moment instead of right now. Use it inside a collision or body handler: Godot refuses to add a child while the physics server is busy, and this row waits for it to finish rather than erroring. The place is set before the copy is added, so it is a place relative to the parent rather than a world position.",同じ生成を、今すぐではなく次のアイドルの瞬間に追加します。衝突やボディのハンドラ内で使ってください。Godot は物理サーバーが作業中の間は子の追加を拒否しますが、この行はエラーにせず待ちます。位置は追加前に設定されるため、ワールド座標ではなく親からの相対位置です。
"Spawn a copy of [b]{scene}[/b] as [b]{name}[/b] at {at}, under [i]{parent}[/i], added on the next idle moment",[b]{scene}[/b] のコピーを [b]{name}[/b] として {at} に、[i]{parent}[/i] の下に生成し、次のアイドルの瞬間に追加
Make A Copy,コピーを作る
"Makes one copy of a scene and gives it a name, without adding it to the scene tree yet. Following rows in this event can say the name to set the copy up, and an Add Child row puts it in the world when it is ready.",シーンのコピーを 1 つ作って名前を付けますが、まだシーンツリーには追加しません。このイベント内の以降の行がその名前でコピーを整え、準備ができたら「子を追加」の行がワールドに置きます。
"Make a copy of [b]{scene}[/b], called [b]{name}[/b]",[b]{scene}[/b] のコピーを作り、[b]{name}[/b] と命名
Place Of,の場所
"Gives a node's own place in the world. Drop a Marker2D where things should appear and this reads it, so moving the marker moves the spawn without touching the sheet.",ノード自身のワールド上の場所を返します。物を出したい場所に Marker2D を置けばこれがそれを読み取るので、マーカーを動かすだけでシートを触らずに生成位置が変わります。
place of [i]{node}[/i],[i]{node}[/i] の場所
"The node to read the place of - a Marker2D you dropped in the scene, a spawn point, the player.",場所を読み取るノード。シーンに置いた Marker2D、出現地点、プレイヤーなどです。
Random Place Along Path,パス上のランダムな場所
"Gives a random point somewhere along a Path2D's curve. The point is picked by distance travelled rather than by curve segment, so a long straight stretch is exactly as likely as a tight corner. A curve is drawn in the path's own space, so the point is handed back through to_global and comes out where the curve really is, even under a rotated or scaled parent.",Path2D の曲線上のどこかにランダムな点を返します。点は曲線の区間ごとではなく進んだ距離で選ばれるので、長い直線もきついカーブもまったく同じ確率です。曲線はパス自身の空間に描かれるため、点は to_global を通して返され、親が回転や拡大されていても曲線が実際にある場所に出ます。
random place along [i]{path}[/i],[i]{path}[/i] 上のランダムな場所
"The Path2D whose curve to pick a point on. Draw the curve first: an empty one has no length, and Godot prints an error every time the line is evaluated.",曲線上の点を選ぶ対象の Path2D です。先に曲線を描いてください。空の曲線には長さがなく、この行が評価されるたびに Godot がエラーを出します。
Random Place Inside Shape,シェイプ内のランダムな場所
"Gives a random point inside a collision shape - the Area2D you drew around a spawn zone. Rectangles and circles are measured directly and scattered evenly in one step, with no rejection sampling and no retries; every other shape gives its own centre instead of a guess. The measurement is in the shape's own space and is handed back through to_global, so a rotated or scaled shape scatters inside the box you drew rather than inside an upright one of the same size.",コリジョン形状の内側にランダムな点を返します。スポーン範囲として描いた Area2D のことです。長方形と円はその寸法から直接、一度の計算で均一に散らされ、棄却サンプリングも再試行もありません。それ以外の形状は当て推量の代わりに自分の中心を返します。測るのは形状自身の空間で、点は to_global を通して返されるので、回転や拡大された形状でも、まっすぐな同じ大きさの箱ではなく実際に描いた箱の内側に散ります。
random place inside [i]{shape}[/i],[i]{shape}[/i] 内のランダムな場所
The CollisionShape2D to scatter inside - the one on the Area2D marking the spawn zone.,散らす対象の CollisionShape2D。出現ゾーンを示す Area2D に付いているものです。
Random Place Off Screen Edge,画面端の外側のランダムな場所
"Gives a random point just outside one of the four screen edges, in world coordinates - where a wave arrives from. The edge is picked fresh each time the line runs, and the margin keeps the copy out of sight until it moves in.",画面の 4 つの端のいずれかのすぐ外側にあるランダムな点をワールド座標で返します。ウェーブがやってくる場所です。端は行が実行されるたびに選び直され、余白によってコピーは入ってくるまで見えません。
random place off a screen edge (+{margin}),画面端の外側のランダムな場所 (+{margin})
"How far outside the screen edge the point sits, in pixels.",点が画面端からどれだけ外側にあるかをピクセルで指定します。
the new copy,新しいコピー
Recognisers,認識テーブル
the spellings a lift knows,読み取りが知っている書き方
Destroy,破棄
Destroy Now,今すぐ破棄
Destroy After Seconds,秒数後に破棄
Fade Out Then Destroy,フェードアウトしてから破棄
Is Still Here,まだ存在する
"Destroys the object, taking it out of the game. Godot deletes it at the END of this frame, not on this line, so the rows after this one in the same event still run and the object is still there while they do. Use it for anything the game is finished with: a collected pickup, a defeated enemy, a spent effect.",オブジェクトをゲームから破棄します。Godot はこの行ではなく、このフレームの終わりに削除するため、同じイベント内の後続の行は実行され、その間オブジェクトはまだ存在します。拾ったアイテム、倒した敵、使い終わったエフェクトなど、ゲームが用済みにしたものに使います。
"Destroys the object a number of seconds from now, and gets on with the event in the meantime. The wait is a scene-tree timer, so nothing about this line blocks. It is safe if something else destroys the object first: Godot drops the timer's connection along with the object, and the wait ends up firing at nothing at all.",数秒後にオブジェクトを破棄し、その間もイベントは先に進みます。待機はシーンツリーのタイマーなので、この行は何もブロックしません。ほかの何かが先にオブジェクトを破棄しても安全です。Godot はオブジェクトと一緒にタイマーの接続も外すため、待機は何にも届かずに終わります。
"Fades the object's transparency to nothing over a number of seconds and then destroys it. The event WAITS here, so the rows after this one run once the fade has finished. Because that wait is a real gap in game time, the row asks whether the object is still there before destroying it, and the line that asks is written into the sheet rather than added quietly.",数秒かけてオブジェクトの透明度をゼロまで下げ、そのあと破棄します。イベントはここで待つので、後続の行はフェードが終わってから実行されます。この待機はゲーム時間の本当の空白なので、破棄の前にオブジェクトがまだあるかを尋ね、その行はシートに書かれます。こっそり追加されるものではありません。
"True while the object has not been destroyed. Ask it before touching anything a sheet held on to across frames: a node stored in a variable, or a copy a spawn row made in an earlier event. A node that wants to hear about its OWN destruction uses the On Exit Tree trigger instead, which fires as it leaves.",オブジェクトがまだ破棄されていない間は真になります。シートがフレームをまたいで持ち続けたもの、つまり変数に入れたノードや、前のイベントのスポーン行が作ったコピーに触れる前に尋ねてください。自分自身の破棄を知りたいノードは、代わりに On Exit Tree トリガーを使います。これは抜けるときに発火します。
destroy [i]{object}[/i] now,[i]{object}[/i] を今すぐ破棄
destroy [i]{object}[/i] after {seconds}s,{seconds}秒後に [i]{object}[/i] を破棄
"fade [i]{object}[/i] out over {seconds}s, then destroy it",[i]{object}[/i] を {seconds}秒かけてフェードアウトしてから破棄
[i]{object}[/i] is still here,[i]{object}[/i] がまだ存在する
"The object to destroy, as an expression - the name a spawn row gave a copy, a variable holding a node, or a node path. Leave it as self for this node.",破棄する対象を式で指定します。スポーン行がコピーに付けた名前、ノードを保持する変数、ノードパスのいずれかです。このノード自身なら self のままにします。
How many seconds to wait before destroying the object. The event carries on immediately; only the destroying waits.,オブジェクトを破棄するまで何秒待つか。イベントはすぐに進み、待つのは破棄だけです。
"How many seconds the fade takes. The event waits for it, so the rows after this one run when the fade is done.",フェードにかける秒数。イベントはこれを待つので、後続の行はフェードが終わってから実行されます。
"Taking a thing out of the world: right now, after a wait, or after a fade. Each row is a plain queue_free, and each says when the call happens.",ものを世界から取り除く方法。今すぐ、待ってから、あるいはフェードしてから。どの行もただの queue_free で、それぞれ呼び出しがいつ起きるかを述べます。
"This name may already be gone, so the compiler writes this line above the row. Click to open it in the code panel.",この名前はすでに消えている可能性があるため、コンパイラはこの行を行の上に書きます。クリックするとコードパネルで開きます。
Spawn A Copy Into The Crowd,群れにコピーを生成
"Spawns a copy the way Spawn A Copy does, and puts it in a group named after the scene, so the rows below can count them, cap them and hear when the last one goes. The group is joined with Godot's persistent flag, which is what keeps it there if the branch is ever packed back into a scene file.",「コピーを生成」と同じようにコピーを生成し、シーンの名前を付けたグループに入れます。これで下の行がその数を数え、上限を設け、最後の一体がいなくなったことを知ることができます。グループへの参加には Godot の永続グループのフラグを使うため、その枝がシーンファイルに再びパックされてもグループは残ります。
Crowd,群れ
"Spawn a copy of [b]{scene}[/b] as [b]{name}[/b] at {at}, under [i]{parent}[/i], into the crowd [b]{crowd}[/b]",[b]{scene}[/b] のコピーを [b]{name}[/b] として {at} に、[i]{parent}[/i] の下に、群れ [b]{crowd}[/b] へ生成
"The group the copies belong to, named after the scene they are copies of. It is an ordinary Godot group, so anything else in the project that uses groups can see these too.",コピーが属するグループで、コピー元のシーンの名前が付きます。ごく普通の Godot のグループなので、グループを使うプロジェクト内の他のものからも見えます。
"Spawn A Copy, The First Makes Room",コピーを生成し、先頭のものが場所を空ける
"Spawns a copy into the crowd, and when the crowd is already full destroys members to make room, so the count never climbs past the cap - not even when the same event spawns several times in one frame. The ones destroyed are taken from the front of the crowd, which is the order Godot lists a group in: under a parent that spawns by adding children that is the earliest one still alive, and after a move_child or a second parent it is the tree's order rather than the spawn's. Members already on their way out are skipped, so no member is ever freed twice and the new copy always appears - which is what a bullet or a footstep wants.",群れにコピーを生成し、群れがすでにいっぱいなら必要なだけ破棄して場所を空けるので、数が上限を超えることはありません。同じイベントが 1 フレームに何度も生成しても同じです。破棄されるのは群れの先頭からで、これは Godot がグループを並べる順です。子を追加して生成する親の下ではそれが今も生きている最も古いものですが、move_child のあとや親が二つある場合は、生成の順ではなくツリーの順になります。すでに出ていく途中の一体は飛ばされるので、同じものが二度解放されることはなく、新しいコピーは必ず現れます。弾や足あとが求めるのはこの動きです。
"Spawn a copy of [b]{scene}[/b] as [b]{name}[/b] at {at}, under [i]{parent}[/i], at most [b]{cap}[/b] alive in [b]{crowd}[/b] - the first in the crowd makes room",[b]{scene}[/b] のコピーを [b]{name}[/b] として {at} に、[i]{parent}[/i] の下に生成、[b]{crowd}[/b] は最大 [b]{cap}[/b] 体まで - 群れの先頭が場所を空ける
At Most,最大
"How many of this crowd may be alive at once. What happens when that many already are is the rest of the row's sentence, not a setting.",この群れが同時に何体まで存在できるか。その数に達したときに何が起きるかは、行の文の残りの部分であって、設定ではありません。
Spawn A Copy Unless The Crowd Is Full,群れがいっぱいでなければコピーを生成
"Spawns a copy into the crowd only while there is room, and does nothing at all when the crowd is full - the answer an enemy wave wants, where a spawn that arrives by pushing another one out is worse than no spawn. A member already on its way out has stopped counting against the cap, so a spawn in the same frame something died in still happens. The name is still there for the rows below, holding nothing when the spawn was skipped, so an Is Still Here row can tell the two apart.",空きがあるあいだだけ群れにコピーを生成し、群れがいっぱいのときは何もしません。敵のウェーブが求めるのはこの答えで、他を押し出して現れる生成は、生成しないことより悪いからです。すでに出ていく途中の一体は上限に数えられないので、何かが死んだのと同じフレームでの生成もちゃんと行われます。名前は下の行のために残り、生成が飛ばされたときは何も入っていないので、「まだいる」の行で両者を見分けられます。
"Spawn a copy of [b]{scene}[/b] as [b]{name}[/b] at {at}, under [i]{parent}[/i], at most [b]{cap}[/b] alive in [b]{crowd}[/b] - skip spawning when full",[b]{scene}[/b] のコピーを [b]{name}[/b] として {at} に、[i]{parent}[/i] の下に生成、[b]{crowd}[/b] は最大 [b]{cap}[/b] 体まで - いっぱいなら生成しない
How Many Alive,何体生きているか
"How many of a crowd are alive right now - the size of its group. Nothing counts them for you: a member that is freed leaves the group as it leaves the tree, so the number can never drift out of step with the world. A member destroyed this frame is still counted until the end of it, which is what queue_free means everywhere else too.",群れのうち今いくつ生きているか - そのグループの大きさです。誰かが代わりに数えているわけではありません。解放された一体はツリーを離れると同時にグループからも外れるので、この数が世界とずれることはありません。このフレームで破棄された一体はフレームの終わりまでは数に入ったままで、それは queue_free が他のどこでも意味することと同じです。
[b]{crowd}[/b] alive,[b]{crowd}[/b] の生存数
On The Last One Destroyed,最後の一体が破棄されたとき
"Runs the moment the last member of a crowd is destroyed, once per emptying - the wave being cleared, the last crate broken. It listens to the scene tree's own node-removed signal and adds the question below as a condition you can see and edit, so nothing about it happens off the row. That question also asks whether the member is really going, because moving a node to another parent leaves the tree too and is not the crowd emptying. A member taken out some other way - its whole branch freed at once - is not seen here; the On Group Emptied condition asks the same thing a different way, on a per-frame trigger, by remembering last tick's count.",群れの最後の一体が世界から破棄された瞬間に、空になるたび一度だけ走ります。ウェーブを片づけた、最後の木箱を壊した、という場面です。シーンツリー自身の node-removed シグナルを聞き、下の問いを、見て編集できる条件として追加するので、行の外で起きることは何もありません。その問いは、その一体が本当に去るのかも確かめます。ノードを別の親へ移すこともツリーを離れることであり、それは群れが空になることではないからです。別のかたちで世界から出た一体 - 枝ごとまとめて解放された場合など - はここでは見えません。「グループが空になった」の条件は、フレームごとのトリガーの上で前のティックの数を覚えておくという別のやり方で、同じことを尋ねます。
On the last of [b]{crowd}[/b] destroyed,[b]{crowd}[/b] の最後の一体が破棄されたとき
Crowd Is Down To This One,群れに残るのはこの一体だけ
"The gate under On The Last One Destroyed: true when the node that is leaving belongs to the crowd, is really being destroyed rather than moved to another parent, and is the only member left in it. A leaving node is still listed in its groups at that moment, so a crowd of just that one is a crowd that is about to be empty.",「最後の一体が破棄されたとき」の下に入る条件です。去ろうとしているノードがその群れに属し、別の親へ移されるのではなく本当に破棄されるところで、群れに残る唯一の一体であるときに真になります。去るノードはその瞬間まだ自分のグループに載っているので、その一体だけの群れは、まさに空になろうとしている群れです。
"[b]{crowd}[/b] is down to [i]{node}[/i], which is being destroyed",[b]{crowd}[/b] に残るのは、破棄されようとしている [i]{node}[/i] だけ
Leaving,去るもの
The node that is leaving - the one the trigger handed this event. On The Last One Destroyed fills this in for you.,去ろうとしているノード - トリガーがこのイベントに渡したものです。「最後の一体が破棄されたとき」が代わりに入れてくれます。
"The copies a sheet spawned, held as a Godot group: joined on the way in, counted, capped with the policy said out loud, and answered when the last one goes.",シートが生成したコピーを Godot のグループとして保持します。入るときに参加し、数え、方針を口に出して上限を設け、最後の一体が去ったときに応えます。
and %d more scene(s) spawned,他に %d 個のシーンを生成
at most %s in %s,最大 %s、%s 内
into %s,%s へ
pooled as %s,%s としてプール
browse the scene,シーンを表示
"This one is named by an expression the sheet works out as it runs, so there is no file to show.",これはシートが実行時に組み立てる式で指定されているため、表示できるファイルはありません。
%s - shown in the FileSystem dock.,%s - ファイルシステムドックに表示しました。
"This adds a node to the tree while the physics server is busy, and Godot refuses it. Add it on the next idle moment instead.",物理サーバーが処理中にノードをツリーへ追加しており、Godot はこれを拒否します。次のアイドル時に追加してください。
Add it on the next idle moment,次のアイドル時に追加
Use the safe spawn row,安全な生成行を使う
"%s is kept between frames, and anything could have destroyed it by now. Ask whether it is still here before reaching into it.",%s はフレームをまたいで保持されており、すでに何かが破棄した可能性があります。触れる前にまだ存在するか確かめてください。
Guard it,確認を入れる
"This spawns the scene it is already running in, every time a copy is created, with nothing in the way. Each copy makes another one.",これは自分がすでに動いているシーンを、コピーが作られるたびに、何の条件もなく生成します。コピーがまたコピーを作ります。
"%s is destroyed earlier in this event, and this row books a wait against it. Move the destroy below this row, or destroy it after a delay instead.",%s はこのイベントの上の行で破棄されており、この行はそれに対して待ちを予約しています。破棄する行をこの行の下へ移すか、遅らせて破棄してください。
Move the destroy last,破棄する行を最後へ
"Spawning: %d script(s) that add or destroy nodes, %d read, %d with something that will go wrong at run time.","生成: ノードを追加または破棄するスクリプト %d 件、うち %d 件を読み、%d 件に実行時に破綻するものがあります。"
This row is already added on the next idle moment.,この行はすでに次のアイドル時に追加されます。
Guard %s,%s に確認を入れる
This event already asks whether %s is still here.,このイベントはすでに、%s がまだ存在するかを確かめています。
The destroy is already the last row of this event.,破棄する行はすでにこのイベントの最後の行です。
"The destroy runs last now, after everything that reads it.",破棄する行は、それを読むすべての行のあとで最後に実行されるようになりました。
Collisions,衝突
Collide With Layer,レイヤーと衝突する
Collide With Layer (3D),レイヤーと衝突する (3D)
Stop Colliding With Layer,レイヤーとの衝突をやめる
Stop Colliding With Layer (3D),レイヤーとの衝突をやめる (3D)
Be On Layer,レイヤーに乗る
Be On Layer (3D),レイヤーに乗る (3D)
Leave Layer,レイヤーを離れる
Leave Layer (3D),レイヤーを離れる (3D)
Is Set To Collide With Layer,レイヤーと衝突する設定になっている
Is Set To Collide With Layer (3D),レイヤーと衝突する設定になっている (3D)
Collide with {layer},{layer} と衝突する
Stop colliding with {layer},{layer} との衝突をやめる
Be on layer {layer},レイヤー {layer} に乗る
Leave layer {layer},レイヤー {layer} を離れる
is set to collide with {layer},{layer} と衝突する設定になっている
"Starts noticing one named collision layer, so this object bumps into (and detects) whatever sits on it. The layers this object is ON are a separate question - use Be On Layer for that.",名前の付いた衝突レイヤーを見るようになり、そのレイヤーにあるものにぶつかる（そして検出する）ようになります。このオブジェクト自身がどのレイヤーに乗っているかは別の話で、それはレイヤーに乗るの役目です。
"Stops noticing one named collision layer, so this object passes straight through whatever sits on it - the drop-through-a-platform move, and the moment a dash turns intangible.",名前の付いた衝突レイヤーを見なくなり、そのレイヤーにあるものをすり抜けます。足場をすり抜けて降りる動きや、ダッシュ中だけ当たり判定が消える瞬間です。
"Puts this object on one named collision layer, so everything watching that layer starts noticing it.",このオブジェクトを名前の付いた衝突レイヤーに乗せ、そのレイヤーを見ているものすべてが気づくようにします。
"Takes this object off one named collision layer, so everything watching that layer stops noticing it - the invulnerable frames after a hit, said as the layer it leaves.",このオブジェクトを名前の付いた衝突レイヤーから外し、そのレイヤーを見ているものが気づかなくなるようにします。被弾後の無敵時間を、離れるレイヤーとして言い表したものです。
"True when this object is currently watching one named collision layer. It asks about the SETTING, not about a touch happening now.",このオブジェクトが名前の付いた衝突レイヤーを今見ているときに真になります。設定を尋ねるものであり、今起きている接触を尋ねるものではありません。
Layer,レイヤー
Name it…,名前を付ける…
"Give this layer a name in Project Settings ▸ Layer Names, so every row about it can say it.",プロジェクト設定 ▸ レイヤー名でこのレイヤーに名前を付けると、それについてのすべての行がその名前で言えるようになります。
Name for layer %d,レイヤー %d の名前
Layer Names,レイヤー名
"Type the layer's name first, then Name it…",先にレイヤーの名前を入力してから、名前を付ける… を押してください。
"""%s"" is already layer %d.","""%s"" はすでにレイヤー %d です。"
Layer %d could not be named.,レイヤー %d に名前を付けられませんでした。
"Layer %d: %d ▸ ""%s"". Undo puts the number back.","レイヤー %d: %d ▸ ""%s""。元に戻すと番号に戻ります。"
Name physics layer,物理レイヤーに名前を付ける
"%s addresses collision layer %d, and Godot has layers 1 to 32 - that call does nothing.",%s は衝突レイヤー %d を指していますが、Godot のレイヤーは 1 から 32 までです。この呼び出しは何もしません。
"%s is about collision layer %d, which this project does not name - the row reads as the number while every other row reads as a word. Name it in Project Settings ▸ Layer Names, or point the row at the layer that was renamed.",%s は衝突レイヤー %d についてですが、このプロジェクトはそのレイヤーに名前を付けていません。他の行が言葉で読めるのに、この行だけ数字で読めてしまいます。プロジェクト設定 ▸ レイヤー名で名前を付けるか、名前が変わったレイヤーに行を向けてください。
"The layer to watch for, by the name this project gave it in Project Settings ▸ Layer Names ▸ 2D Physics. A layer the project never named shows as its number, and can be named from here.",見張るレイヤーを、このプロジェクトがプロジェクト設定 ▸ レイヤー名 ▸ 2D 物理で付けた名前で指定します。名前のないレイヤーは番号で表示され、ここから名前を付けられます。
"The layer to watch for, by the name this project gave it in Project Settings ▸ Layer Names ▸ 3D Physics. A layer the project never named shows as its number, and can be named from here.",見張るレイヤーを、このプロジェクトがプロジェクト設定 ▸ レイヤー名 ▸ 3D 物理で付けた名前で指定します。名前のないレイヤーは番号で表示され、ここから名前を付けられます。
"The layer to sit on, by the name this project gave it in Project Settings ▸ Layer Names ▸ 2D Physics. A layer the project never named shows as its number, and can be named from here.",乗るレイヤーを、このプロジェクトがプロジェクト設定 ▸ レイヤー名 ▸ 2D 物理で付けた名前で指定します。名前のないレイヤーは番号で表示され、ここから名前を付けられます。
"The layer to sit on, by the name this project gave it in Project Settings ▸ Layer Names ▸ 3D Physics. A layer the project never named shows as its number, and can be named from here.",乗るレイヤーを、このプロジェクトがプロジェクト設定 ▸ レイヤー名 ▸ 3D 物理で付けた名前で指定します。名前のないレイヤーは番号で表示され、ここから名前を付けられます。
"%s has monitoring switched off in the scene, so it reports no touches at all - every row waiting on one here is unreachable.","%s はシーンでモニタリングがオフになっているため、接触をまったく報告しません。ここで接触を待つ行はすべて到達不能です。"
"%s has no shape, so it cannot collide or interact with anything. Add a CollisionShape or a CollisionPolygon under it in the scene.","%s には形状がないため、何とも衝突できず、やり取りもできません。シーンでその下に CollisionShape か CollisionPolygon を追加してください。"
"%s is one-way and turned over, so bodies fall through it from above and are stopped from below. The rows here are waiting for the landing it blocks.","%s は片側のみで、上下逆に回転しています。そのため物体は上からすり抜け、下から止められます。ここの行は、それが妨げている着地を待っています。"
"%s watches %s, and everything in this project that can collide sits on %s - so nothing can reach this trigger. This reads every layer in use, because the trigger names no group.","%s は %s を見張っていますが、このプロジェクトで衝突しうるものはすべて %s にあります。したがって、このトリガーには何も届きません。トリガーがグループを指定していないため、使用中のすべてのレイヤーを読み取っています。"
"%s watches %s, and the members of ""%s"" sit on %s - so this trigger never fires.","%s は %s を見張っていますが、""%s"" のメンバーは %s にいます。したがって、このトリガーは決して発火しません。"
"Collisions: %d script(s) waiting on a touch, %d read, %d whose trigger cannot fire as the scene stands.","衝突: 接触を待っているスクリプト %d 件、読み取り %d 件、現在のシーンではトリガーが発火できないもの %d 件。"
"Godot has collision layers 1 to 32.","Godot の衝突レイヤーは 1 から 32 までです。"
"Open %s to change what it collides with.","何と衝突するかを変えるには %s を開いてください。"
"Show me in the scene","シーンで表示"
"Switch monitoring on","モニタリングをオンにする"
"Watch collision layer %d","衝突レイヤー %d を見張る"
"monitoring off","モニタリング オフ"
"monitoring on","モニタリング オン"
"seen by %s","%s から見える"
"sees %s","%s を見る"
"%s is selected in %s.","%s を %s で選択しました。"
"%s is not in the project any more.","%s はもうプロジェクトにありません。"
"On Collision With Group","グループと衝突したとき"
"Runs when something from one group hits this body. The group is the filter: the handler's first line leaves at once for anything else, and what did hit rides into the rows underneath. This body BLOCKS what it hits - it needs Contact Monitor switched on and its Max Contacts Reported above zero before Godot will report the hit at all.","グループに属する何かがこのボディに当たったときに実行されます。グループがフィルターです。ハンドラーの最初の行がそれ以外をすぐに抜け、当たったものは下の行へ渡されます。このボディは当たったものを止めます - Contact Monitor をオンにし、Max Contacts Reported を 0 より大きくしないと Godot は衝突を報告しません。"
"On collision with {group}","{group} と衝突したとき"
"Only react when the thing that arrived is in this group. Any node joins a group from the Node dock, and the emitted handler leaves immediately when it is not in it.","到着したものがこのグループに入っているときだけ反応します。ノードは Node ドックからグループに参加でき、入っていなければ生成されたハンドラーはすぐに抜けます。"
"body","ボディ"
"The body that arrived, already known to be in the group. Filled in for you when the trigger fires - use it in the rows underneath.","到着したボディ。グループに入っていることはすでに分かっています。トリガー時に自動で入るので、下の行で使えます。"
"On Stopped Colliding With Group","グループとの衝突が終わったとき"
"Runs when something from one group stops touching this body - the other half of the collision, for ending a push, a grind or a stand-on. Needs the same Contact Monitor setting the starting half does.","グループに属する何かがこのボディに触れなくなったときに実行されます。衝突のもう半分で、押し合いやこすれ、上に乗った状態を終わらせるために使います。始まりの側と同じ Contact Monitor 設定が必要です。"
"On stopped colliding with {group}","{group} との衝突が終わったとき"
"The body that left, already known to be in the group. Filled in for you when the trigger fires - use it in the rows underneath.","離れたボディ。グループに入っていることはすでに分かっています。トリガー時に自動で入るので、下の行で使えます。"
"On Collision With Group (3D)","グループと衝突したとき (3D)"
"On Stopped Colliding With Group (3D)","グループとの衝突が終わったとき (3D)"
"On Overlap With Group","グループと重なったとき"
"Runs when something from one group moves into this area. An area DETECTS and does not block, so the thing keeps going - this is the trigger a checkpoint, a pickup zone or a damage field is written from. What arrived rides into the rows underneath.","グループに属する何かがこのエリアに入ったときに実行されます。エリアは検知するだけで止めないので、対象はそのまま進みます - チェックポイントや取得エリア、ダメージ床はこのトリガーから書きます。入ってきたものは下の行へ渡されます。"
"On overlap with {group}","{group} と重なったとき"
"On Overlap Ended With Group","グループとの重なりが終わったとき"
"Runs when something from one group leaves this area - the moment a player walks out of a safe zone, or the last enemy clears a trap.","グループに属する何かがこのエリアから出たときに実行されます - プレイヤーが安全地帯を離れた瞬間や、最後の敵が罠から抜けた瞬間です。"
"On overlap ended with {group}","{group} との重なりが終わったとき"
"On Overlap With Group (3D)","グループと重なったとき (3D)"
"On Overlap Ended With Group (3D)","グループとの重なりが終わったとき (3D)"
"Is Touching Group","グループに触れている"
"True while at least one body from this group is inside this area. The standing question beside the two arrival triggers - ask it when what matters is the state now, not the moment it changed.","このグループのボディが少なくとも一つこのエリアの中にある間、真になります。二つの到着トリガーと並ぶ常時の問いで、変わった瞬間ではなく今の状態が大事なときに使います。"
"is touching {group}","{group} に触れている"
"The group to look for among the bodies inside this area right now.","今このエリアの中にあるボディの中から探すグループです。"
"Is Touching Group (3D)","グループに触れている (3D)"
"This node is an area: it notices what arrives and lets it through. Blocking is a body's job, so pair this with a body if the thing should also be stopped.","このノードはエリアです。来たものに気づくだけで、通してしまいます。止めるのはボディの仕事なので、止めたいならボディを組み合わせてください。"
"This node is a body: what it hits stops, and the hit is reported only while Contact Monitor is on and Max Contacts Reported is above zero. An area would notice the same arrival without stopping anything.","このノードはボディです。当たったものは止まり、衝突が報告されるのは Contact Monitor がオンで Max Contacts Reported が 0 より大きいときだけです。エリアなら同じ到着に気づきますが、何も止めません。"
"On Landed","着地したとき"
"On Landed (3D)","着地したとき (3D)"
"On Left The Ground","地面を離れたとき"
"On Left The Ground (3D)","地面を離れたとき (3D)"
"Just Landed","着地した直後"
"Just Landed (3D)","着地した直後 (3D)"
"Just Left The Ground","地面を離れた直後"
"Just Left The Ground (3D)","地面を離れた直後 (3D)"
"On First Overlap","最初の重なりのとき"
"On First Overlap (3D)","最初の重なりのとき (3D)"
"On Last Overlap Ended","最後の重なりが終わったとき"
"On Last Overlap Ended (3D)","最後の重なりが終わったとき (3D)"
"Is The First One In","最初に入ったもの"
"Is The First One In (3D)","最初に入ったもの (3D)"
"Was The Last One Out","最後に出たもの"
"Was The Last One Out (3D)","最後に出たもの (3D)"
"On landed","着地したとき"
"On left the ground","地面を離れたとき"
"just landed","着地した直後"
"just left the ground","地面を離れた直後"
"On first overlap","最初の重なりのとき"
"On last overlap ended","最後の重なりが終わったとき"
"is the first one in","最初に入ったもの"
"was the last one out","最後に出たもの"
"Runs on the step this character's feet arrive on the floor - the landing itself, not the standing that follows it. Landing is where the dust, the thud and the squash go. It is a moment of the physics step rather than a signal, so the question underneath says which step.","このキャラクターの足が床に着いたステップで実行されます。着地そのものであり、そのあと立っている状態のことではありません。ほこり、着地音、つぶれの演出はここに置きます。シグナルではなく物理ステップの一瞬なので、どのステップかは下の条件が言います。"
"Runs on the step this character's feet leave the floor, whichever way they left it: a jump and a walked-off ledge are the same moment to this row. The half that starts coyote time, and the half a fall animation begins on.","このキャラクターの足が地面を離れたステップで実行されます。離れ方は問いません。ジャンプも足場から歩き落ちるのも、この行にとっては同じ一瞬です。コヨーテタイムが始まる側であり、落下アニメーションが始まる側です。"
"True on the one step the feet arrive on the floor: on the floor now, and not on it last step. It keeps last step's footing in a variable of its own and updates it AFTER asking - a memory updated before the question is asked would always agree with the present, and the row could never be true.","足が床に着いたその一ステップだけ真になります。今は床の上で、前のステップでは床の上ではなかった、ということです。前のステップの接地を専用の変数に覚えておき、質問した「あと」で更新します。先に更新してしまうと記憶は常に現在と一致してしまい、この行は決して真になりません。"
"True on the one step the feet leave the floor: not on it now, and on it last step. The same memory the landing question keeps, read the other way round.","足が地面を離れたその一ステップだけ真になります。今は接地しておらず、前のステップでは接地していた、ということです。着地の質問が持つのと同じ記憶を、逆向きに読んだものです。"
"Runs when something moves into this area and the area was empty until then - the pressure plate going down, the room waking up. Later arrivals do not run it again; the question underneath is what says so, and it is an ordinary condition you can read and edit.","何かがこのエリアに入り、それまでエリアが空だったときに実行されます。感圧板が沈む、部屋が目を覚ます、といった場面です。あとから入ってきたものでは再実行されません。そう言っているのは下の条件で、読んで編集できるふつうの条件です。"
"Runs when something leaves this area and nothing is left inside - the plate coming back up, the room going quiet. The other half of the first arrival, and the pair a door or a lift is written from.","何かがこのエリアを出て、中に何も残っていないときに実行されます。感圧板が戻る、部屋が静かになる、といった場面です。最初の到着のもう片方であり、扉やリフトはこの二つで書きます。"
"True when exactly one body is inside this area. Asked in an arrival, that is the arrival which filled an empty area: what just came in is already listed by then, so a list of one held nothing a moment ago.","このエリアの中にボディがちょうど一つだけあるとき真になります。到着の中で尋ねれば、それは空のエリアを満たした到着です。入ってきたものはその時点ですでに一覧に載っているので、一つだけの一覧は少し前まで空でした。"
"True when nothing is inside this area. Asked in a departure, that is the departure which emptied it: what just left is already off the list by then, so an empty list means it was the last one.","このエリアの中に何もないとき真になります。退出の中で尋ねれば、それはエリアを空にした退出です。出ていったものはその時点ですでに一覧から外れているので、空の一覧は「それが最後だった」という意味になります。"
"The body that arrived. Filled in for you when the trigger fires - use it in the rows underneath.","到着したボディです。トリガーが発火したときに自動で入るので、下の行で使ってください。"
"The body that left. Filled in for you when the trigger fires - use it in the rows underneath.","去っていったボディです。トリガーが発火したときに自動で入るので、下の行で使ってください。"
"This node is a character body: your own rows drive it, one move at a time, and it stops when it runs into something. What it hit comes back from its own move rather than from a signal.","このノードはキャラクターボディです。あなたの行が一手ずつ動かし、何かにぶつかると止まります。何にぶつかったかはシグナルではなく、その移動自体から返ってきます。"
"This node is a rigid body: physics throws it around and it stops what it hits. The hit is reported only while Contact Monitor is on and Max Contacts Reported is above zero.","このノードはリジッドボディです。物理が投げ回し、ぶつかった相手を止めます。衝突が報告されるのは Contact Monitor がオンで、Max Contacts Reported が 0 より大きいあいだだけです。"
"This node is a static body: it stands still and things stop against it. It never moves itself, so the news of a touch usually belongs on whatever ran into it.","このノードはスタティックボディです。じっと立っていて、ものはそこで止まります。自分から動くことはないので、接触の知らせはふつう、ぶつかってきた側に置きます。"
"Nothing in this scene can touch anything yet - this row needs one: %s.","このシーンにはまだ何かに触れられるものがありません。この行には %s が必要です。"
